tarih,gsyh_bin_tl,usdtry_ceyrek_ort,usdtry_ceyrek_son,gsyh_mn_tl,gsyh_mn_usd,gsyh4_mn_usd,gsyh4_mn_usd_nokta,cari12_mn_usd,cekirdek12_mn_usd,cari_gsyh,cekirdek_gsyh
1995-03-31,2090194.12859657,0.040929078125,0.041864,2090.19412859657,51068.68330170996,,,4192.0,,,
1995-06-30,2495184.44928703,0.04275216393442623,0.043888,2495.18444928703,58363.93341666104,,,2341.0,,,
1995-09-30,3085064.32709784,0.046172765625,0.048664,3085.0643270978403,66815.67121522927,,,352.0,,,
1995-12-31,3089361.47514571,0.05284898461538461,0.061054,3089.3614751457103,58456.40171952105,234704.68965312134,220777.33718409602,-2339.0,,-0.996571480295896,
1996-03-31,3702670.3866424,0.06404426229508196,0.070523,3702.6703866424,57814.24055729552,241450.24690870687,223352.1567327504,-3196.0,,-1.3236681431965642,
1996-06-30,4573508.6574369,0.07620009836065574,0.081224,4573.5086574369,60019.72117923579,243106.03467128164,222806.05703867404,-4183.0,,-1.7206483605625367,
1996-09-30,5804369.6726658,0.08518512307692308,0.090927,5804.3696726658,68138.3023585514,244428.66581460377,223246.34138778003,-3738.0,,-1.5292805316194904,
1996-12-31,6300574.11560157,0.09872883076923077,0.107505,6300.57411560157,63816.962750511666,249789.22684559436,231253.13102131485,-2437.0,4875.94,-0.9756225401611961,1.9520217351143134
1997-03-31,7176670.23608497,0.11829614754098361,0.12627,7176.6702360849695,60666.98185246158,252641.96814076044,235586.02139015147,-3256.0,4586.14,-1.2887803336719998,1.8152724322685827
1997-06-30,8959518.53246129,0.1372409836065574,0.14667,8959.518532461288,65283.11220900636,257905.359170531,240364.90374813374,-2858.0,5191.07,-1.1081584381153733,2.0127809738794857
1997-09-30,11717067.4864055,0.16169909090909093,0.17281,11717.0674864055,72462.17291965462,262229.22973163426,244332.5926546678,-2380.0,5583.09,-0.9076028642709644,2.129087594740579
1997-12-31,12211396.4964185,0.18790969230769233,0.20475,12211.3964964185,64985.4530995824,263397.720080705,245365.84693000003,-2638.0,5104.88,-1.0015272718350474,1.9380881499034486
1998-03-31,14550310.6466342,0.22346032786885248,0.24071,14550.310646634201,65113.618982845546,267844.35721108894,248977.40847109826,-2424.0,4945.23,-0.9050031985888126,1.8463073299329016
1998-06-30,16888309.4163314,0.2525943333333333,0.26505,16888.309416331398,66859.41522704283,269420.6602291254,251608.61777271488,-1651.0,5343.52,-0.6127963603815415,1.9833371336317234
1998-09-30,20591750.9101964,0.27175075757575756,0.27589,20591.750910196402,75774.40112363227,272732.88843310304,258442.9780570832,-1085.0,5572.780000000001,-0.3978251417471175,2.0433105930188957
1998-12-31,19938675.5125477,0.29297307692307695,0.31272,19938.675512547703,68056.34060969637,275803.775943217,262561.3333199319,2000.0,8011.31,0.7251532337293902,2.9047136764543007
1999-03-31,21065145.8467415,0.341016,0.365579,21065.1458467415,61771.72287148257,272461.879831854,259735.1862888655,4399.0,9906.53,1.6145377851443952,3.635932485716414
1999-06-30,25120458.4312532,0.3949582698412698,0.418189,25120.4584312532,63602.81667566775,269205.281280479,256087.3687885909,3368.0,8803.1,1.251089868660844,3.270032429574904
1999-09-30,30120380.1997286,0.43733416923076923,0.45978,30120.3801997286,68872.68893877557,262303.5690956223,246960.2472504666,2108.0,7629.800000000001,0.8036489961871363,2.9087671305069325
1999-12-31,31184697.7792871,0.4966851384615385,0.540098,31184.6977792871,62785.647011465655,257032.87549739153,240940.33363828,-925.0,5193.99,-0.3598761435516786,2.0207492874010624
2000-03-31,36022584.275701,0.5621735645161291,0.588318,36022.584275701,64077.33580768096,259338.48843358993,244548.79443655442,-4591.0,2816.61,-1.770273293304723,1.0860748117305632
2000-06-30,41419656.3902257,0.608976671875,0.618985,41419.656390225704,68015.17743314739,263750.8491910696,251394.60906297562,-6572.0,2016.77,-2.4917455318746793,0.7646496707728083
2000-09-30,47930081.0283254,0.644603390625,0.663434,47930.0810283254,74355.9244729584,269234.0847252524,258129.63028205675,-8160.0,1545.6100000000001,-3.030819819239122,0.5740766447076201
2000-12-31,46405637.7189418,0.6788632580645162,0.671765,46405.6377189418,68357.85729698691,274806.2950107737,269470.8345112265,-9920.0,1191.28,-3.6098154154769593,0.43349807541828556
2001-03-31,48788929.1019805,0.7817227,1.056544,48788.9291019805,62412.066455253895,273141.0256583466,254418.89896860928,-8190.0,3003.0299999999997,-2.9984510676343104,1.0994430414698246
2001-06-30,59436700.2564273,1.181100734375,1.267415,59436.700256427306,50323.14224059752,255448.99046579673,234399.45956935675,-3497.0,7003.299999999999,-1.3689621531184832,2.7415649547997347
2001-09-30,70087295.1566957,1.3914741875,1.532969,70087.29515669569,50369.09472436454,231462.16071720287,207873.9888890374,-71.0,9856.76,-0.030674560273697075,4.258475756667133
2001-12-31,69494939.5250155,1.5242890476190476,1.439567,69494.9395250155,45591.70692301909,208696.01034323504,187068.7135417552,3760.0,12617.6,1.801663574601191,6.0459229571510615
2002-03-31,74147803.425713,1.3560480163934427,1.332489,74147.803425713,54679.33475019355,200963.2786381747,196536.95517942798,3870.0,12614.13,1.9257249514563108,6.276833302820049
2002-06-30,86155636.0705967,1.4045981875,1.602733,86155.6360705967,61338.27940070348,211978.41579828068,203396.40163032484,1830.0,10767.97,0.8632954412403165,5.079748312793711
2002-09-30,101734048.292358,1.6427445076923075,1.648669,101734.048292358,61929.318780844274,223538.63985476037,219383.20839533216,982.0,10260.48,0.43929765370230145,4.5900252442559974
2002-12-31,100869386.818122,1.6124729206349204,1.634501,100869.386818122,62555.70901519642,240502.6419469377,232820.96692645724,-626.0,9241.300000000001,-0.2602882009662558,3.842494171868148
2003-03-31,101837606.442178,1.6468338983050848,1.708213,101837.606442178,61838.42010234844,247661.72729909263,236791.3332250102,-3247.0,7521.83,-1.3110624864853295,3.0371386334216033
2003-06-30,114048147.630101,1.5122245238095238,1.421717,114048.147630101,75417.46998176987,261740.917880159,263254.48191822635,-5067.0,6583.92,-1.9358837896029626,2.5154339846147105
2003-09-30,130535390.993032,1.388852090909091,1.376707,130535.390993032,93987.97168357098,293799.5707828857,296364.8248241986,-5015.0,7631.25,-1.706945992683571,2.5974340192754743
2003-12-31,126947327.567892,1.438215435483871,1.395835,126947.327567892,88267.25429016276,319511.11605785205,325599.4061909043,-7554.0,5562.9,-2.3642369921903565,1.7410661853131761
2004-03-31,124158764.606504,1.3275682950819674,1.311286,124158.76460650399,93523.44814685268,351196.1441023563,360667.6822912872,-9921.0,3580.0399999999995,-2.8249171201345877,1.019384768346601
2004-06-30,140826436.56594,1.446950873015873,1.485911,140826.43656594,97326.3427198576,373105.016840444,375223.5581911013,-11657.0,2394.9399999999996,-3.1243214306563565,0.6418943439252066
2004-09-30,160312376.34673,1.4713771999999998,1.497696,160312.37634673,108953.9625506838,388071.0077075568,387445.7694962758,-13005.0,1902.7699999999998,-3.3511908237680896,0.49031490686206897
2004-12-31,159396094.619847,1.4389031904761906,1.3421,159396.094619847,110776.10757614377,410579.8609935378,415264.72224649176,-14198.0,2187.1299999999997,-3.4580361456704436,0.5326929564220451
2005-03-31,147158922.865687,1.3204500000000001,1.3706,147158.92286568703,111446.03950599191,428502.45235267706,427948.2389651708,-14728.0,2798.2599999999993,-3.4370865135395263,0.6530324353189241
2005-06-30,163817314.154558,1.3577,1.3413,163817.314154558,120657.96137184798,451834.0710046675,455307.00236848125,-16899.0,2373.3499999999995,-3.7400897994311353,0.5252702601029576
2005-09-30,186304995.666748,1.3345492307692308,1.3406,186304.995666748,139601.44097446467,482481.5494284483,487239.0252700345,-18559.0,2434.91,-3.846571961556902,0.5046638576924681
2005-12-31,185681098.842037,1.3500714285714286,1.343,185681.098842037,137534.2777518924,509239.71960419696,506731.2923267816,-20980.0,1388.4599999999991,-4.1198671651745,0.2726535159274634
2006-03-31,167820666.753066,1.325683606557377,1.3427,167820.666753066,126591.79454506029,524385.4746432654,524350.5058893679,-23713.0,-139.00000000000057,-4.522055080974876,-0.026507217823789075
2006-06-30,197199044.124381,1.44946875,1.6029,197199.044124381,136049.18638251498,539776.6996539324,525243.6835760901,-27833.0,-1964.9900000000002,-5.156391525948527,-0.36403757354843524
2006-09-30,216706872.761674,1.494525,1.4919,216706.872761674,145000.50033400176,545175.7590134694,531527.9596030717,-30479.0,-3127.7300000000005,-5.590674107585728,-0.5737103949118774
2006-12-31,217733018.839536,1.4504112903225805,1.4131,217733.018839536,150118.12186811565,557759.6031296926,547351.3285272924,-31162.0,-2525.3100000000004,-5.586994795812432,-0.452759573448851
2007-03-31,195678319.073105,1.4042580645161291,1.3861,195678.319073105,139346.4093371831,570514.2179218156,563535.7282242298,-31629.0,-2210.0000000000005,-5.543945971270168,-0.38736983769664146
2007-06-30,215185292.299467,1.3337078125,1.3147,215185.292299467,161343.65434668024,595808.6858859807,604185.6571898777,-30841.0,-947.3800000000009,-5.17632601380068,-0.1590074167165297
2007-09-30,238594399.890812,1.2824953125,1.21,238594.399890812,186039.19840121208,636847.3839531911,656115.4827412307,-32773.0,-1309.0800000000004,-5.146130898201012,-0.20555631270304772
2007-12-31,243347418.783777,1.1851467741935484,1.1647,243347.418783777,205331.03922876265,692060.3013138381,710969.3711726072,-36946.0,-3856.7600000000007,-5.3385521362603905,-0.5572866978033787
2008-03-31,225491930.319312,1.1965796875,1.2765,225491.930319312,188447.06514317458,741160.9571198295,746446.1024007514,-39690.0,-5214.550000000001,-5.355112087155313,-0.7035651230555743
2008-06-30,254094877.558123,1.2571698412698413,1.2237,254094.877558123,202116.58696924118,781933.8897423905,790414.5037731612,-44847.0,-5858.2300000000005,-5.73539535609269,-0.749197608244094
2008-09-30,270679090.284925,1.2042661538461539,1.2316,270679.090284925,224766.83366084582,820661.5250020243,813007.4597474063,-45553.0,-1563.2700000000004,-5.550765889736044,-0.19048900824199655
2008-12-31,258955012.581921,1.533215254237288,1.5123,258955.012581921,168896.71027356203,784227.1960468236,775304.3200224759,-39426.0,2688.4199999999996,-5.027369644758661,0.34281137067828527
2009-03-31,215723454.139913,1.6494777777777778,1.688,215723.454139913,130782.87991884413,726563.0108224932,726453.9807833503,-29063.0,7860.719999999999,-4.000066004887825,1.0819047877349834
2009-06-30,244872328.495052,1.5652564516129033,1.5301,244872.328495052,156442.30582325708,680888.729676509,678846.0468524434,-18885.0,11232.85,-2.77358093575323,1.6497335776635251
2009-09-30,274749403.11799,1.4934875,1.482,274749.40311799,183964.98338150803,640086.8793971713,644458.5966915309,-12871.0,10548.869999999999,-2.0108207829727434,1.6480372179999752
2009-12-31,278165055.869949,1.4811761904761904,1.5057,278165.055869949,187800.11294977702,658990.2820733862,657967.3821313983,-11358.0,11618.95,-1.7235459018096952,1.763144361316408
2010-03-31,245238589.292648,1.501409523809524,1.5215,245238.589292648,163338.9061436113,691546.3082981535,691351.2431768372,-18802.0,8120.709999999999,-2.718834555891187,1.1742828936480758
2010-06-30,282700671.661903,1.5315507936507937,1.5747,282700.67166190303,184584.5876179025,719688.5900927989,710841.1150763261,-24012.0,4538.57,-3.336443057531844,0.6306297004673621
2010-09-30,322044463.138908,1.5097047619047619,1.4512,322044.46313890803,213316.18688980717,749039.7936010979,747366.129958623,-32366.0,-1641.0000000000005,-4.320998734178942,-0.21908048330926425
2010-12-31,326064244.882544,1.457427868852459,1.546,326064.244882544,223725.81988519168,784965.5005365127,773533.0849839061,-44625.0,-10144.24,-5.6849632206128105,-1.2923166678110767
2011-03-31,296328464.629657,1.570378125,1.5483,296328.464629657,188698.79802334675,810325.3924162481,803740.5348526367,-56802.0,-18168.12,-7.0097766319066475,-2.2420770927375053
2011-06-30,341163165.496872,1.55849375,1.6302,341163.165496872,218905.70013313944,844646.504931485,833490.726724518,-69617.0,-26268.57,-8.242146222536858,-3.110007541217591
2011-09-30,385954610.135374,1.7258238095238094,1.8453,385954.610135374,223635.0014442476,854965.3194859255,820730.2331405573,-75110.0,-25758.11,-8.785151665001129,-3.01276664829959
2011-12-31,390538220.90934,1.8312145161290323,1.9065,390538.22090934,213267.32475608098,844506.8243568147,814667.5690053237,-74403.0,-22046.43,-8.810230758841541,-2.6105686021887142
2012-03-31,339453805.039846,1.7903692307692307,1.7717,339453.805039846,189599.88766898095,845407.914002449,814875.7935493655,-69329.0,-15790.150000000001,-8.200656612235022,-1.8677551674722386
2012-06-30,387344421.610499,1.797893650793651,1.8153,387344.42161049903,215443.45597945247,841945.669848762,818976.551612219,-59669.0,-6249.130000000001,-7.087036864352339,-0.7422248517677544
2012-09-30,428883048.5896289,1.7957564516129032,1.782,428883.0485896289,238831.41180109192,857142.0802056063,850496.1814873249,-48181.0,395.9899999999989,-5.621121761802036,0.04619887520923149
2012-12-31,434368020.0162391,1.7860888888888888,1.7826,434368.0200162391,243195.0742868435,887069.8297363688,889321.5906868138,-41796.0,4904.24,-4.7116922026782815,0.5528583923835518
2013-03-31,392753083.38088095,1.7802301587301588,1.8137,392753.08338088094,220619.27299391018,918089.2150612981,914271.7870529474,-40395.0,6803.089999999999,-4.399899196866499,0.7410053280656147
2013-06-30,446996350.53968894,1.8367809523809524,1.9272,446996.35053968895,243358.5507081091,946004.3097899547,932834.9727750749,-43167.0,9400.43,-4.563087033883022,0.9936984327362333
2013-09-30,495445687.68149,1.9666761904761905,2.0342,495445.68768149003,251920.31615612734,959093.2141449902,935717.8633395183,-45182.0,10627.4,-4.710908109205915,1.1080674790796101
2013-12-31,496548848.900392,2.0254901639344265,2.1343,496548.848900392,245149.96801360292,961048.1078717496,924698.6623644457,-49328.0,10083.93,-5.132729526853483,1.0492638107712382
2014-03-31,458361289.8587871,2.215861904761905,2.1898,458361.28985878715,206854.62793225746,947283.4628100968,917467.1840103184,-44884.0,12951.75,-4.738180466790008,1.3672517792698398
2014-06-30,492585428.77921695,2.1116645161290326,2.1234,492585.42877921695,233268.7910493438,937193.7031513315,917505.9374848979,-38665.0,15804.599999999999,-4.125614573592226,1.686374966760525
2014-09-30,551958483.650141,2.1615222222222226,2.2789,551958.483650141,255356.37708257395,940629.7640777781,916151.8424731274,-33791.0,19802.97,-3.5923804764066465,2.1052884733469424
2014-12-31,559452976.885586,2.261174603174603,2.3189,559452.976885586,247416.97350577675,942896.769569952,924757.9039696176,-32112.0,20460.28,-3.405675046977416,2.1699384980745853
2015-03-31,501740757.863902,2.4578444444444445,2.6102,501740.75786390196,204138.53244374553,940180.6740814401,907664.5041990913,-30404.0,17461.99,-3.2338465188837047,1.8573015252691116
2015-06-30,567197911.838763,2.6663403225806452,2.6863,567197.911838763,212725.25004977407,919637.1330818704,886829.5939127129,-29620.0,11891.8,-3.2208355811751557,1.293096980561064
2015-09-30,634163127.850709,2.8427349206349204,3.0433,634163.127850709,223082.0479417299,887362.8039410263,853005.7769028374,-26778.0,9682.169999999998,-3.0177059350551336,1.0911174050792725
2015-12-31,650957329.41532,2.906376923076923,2.9076,650957.3294153201,223975.53608640842,863921.3665216579,835629.1840185886,-21352.0,8198.22,-2.4715212318417312,0.9489544208181677
2016-03-31,570866259.930324,2.9437953125,2.8334,570866.2599303239,193921.85914091946,853704.6932188318,844883.5442375237,-19402.0,7502.359999999997,-2.272682832144938,0.8788003696820373
2016-06-30,637798573.2920791,2.8931515625,2.8936,637798.5732920791,220451.1445438936,861430.5877129515,854155.8598768377,-19767.0,4534.299999999998,-2.2946712459422,0.5263685855453895
2016-09-30,670039064.862309,2.960358620689655,2.9959,670039.064862309,226337.12692086422,864685.6666920858,869427.7825968482,-22911.0,-1300.0600000000013,-2.6496333734370316,-0.15035058982456245
2016-12-31,751284073.421079,3.277955384615385,3.5318,751284.0734210791,229192.89168703256,869903.0222927099,858266.3417835042,-22165.0,129.72999999999888,-2.5479851698390577,0.014913156601994952
2017-03-31,660893768.1913071,3.6912523076923076,3.6386,660893.7681913071,179043.23874422006,855024.4018960104,838422.9543352688,-22546.0,4506.739999999999,-2.6368838070591214,0.5270890503249189
2017-06-30,743962431.0393981,3.5786491803278686,3.5071,743962.4310393981,207889.17648844185,842462.4338405586,830136.347316631,-23868.0,8843.71,-2.833123358532705,1.0497453233236662
2017-09-30,844119989.315872,3.5115015384615385,3.572,844119.989315872,240387.1905138616,856512.497433556,842800.1210944382,-27842.0,10998.409999999998,-3.250623906063886,1.2840921799688276
2017-12-31,902552964.3439232,3.7955476923076925,3.8104,902552.9643439233,237792.54998510404,865112.1557316275,866945.9147794213,-35141.0,7685.6799999999985,-4.062016672310097,0.8884027289502365
2018-03-31,809483219.5285649,3.8108123076923075,3.9949,809483.219528565,212417.4989921661,898486.4159795736,887940.9905441962,-43578.0,4364.469999999998,-4.850156799809727,0.48575803956275077
2018-06-30,908772012.41503,4.3567078125,4.6083,908772.01241503,208591.45288734694,899188.6923784787,873013.9273456689,-46074.0,3742.159999999999,-5.1239523350908565,0.4161707138577852
2018-09-30,1047448535.16651,5.582285,6.0752,1047448.53516651,187637.95384264868,846439.4557072658,809111.9766489636,-33907.0,14083.669999999998,-4.00583878402361,1.6638721062727397
2018-12-31,1040775452.24834,5.516178461538462,5.2609,1040775.45224834,188676.90005048673,797323.8057726485,770078.5085572463,-14608.0,31919.68,-1.8321289160360743,4.003352185009471
2019-03-31,948043693.090981,5.359498412698413,5.5423,948043.693090981,176890.3766898697,761796.6834703521,738505.3558826909,509.0,44425.2,0.06681572800780111,5.831634734562211
2019-06-30,1051610271.78976,5.872365,5.7665,1051610.27178976,179077.81137408182,732283.0419570869,723667.4795276452,14916.0,56125.47,2.0369173045624214,7.664450326474863
2019-09-30,1178523775.71783,5.672177049180328,5.6591,1178523.77571783,207772.74148876147,752417.8296031997,759506.5065145924,20230.0,61122.6,2.6886656860149944,8.123491708354923
2019-12-31,1223872570.25994,5.785284615384615,5.9402,1223872.5702599399,211549.2411566643,775290.1707093773,767706.516701818,15013.0,57567.79,1.9364362618274087,7.425321792397607
2020-03-31,1095834093.20798,6.09385,6.516,1095834.0932079798,179826.23353183616,778226.0275513438,764826.4013932596,8628.0,52788.22,1.1086753326854986,6.783147585810766
2020-06-30,1061245901.35972,6.852923333333334,6.8422,1061245.90135972,154860.32014946223,754008.5363267241,737563.9905962996,-3916.0,37281.01,-0.5193575153774033,4.944375057293189
2020-09-30,1440508562.2707,7.207746031746032,7.808,1440508.5622707,199855.6214281243,746091.416266087,713802.4908191857,-23464.0,23344.059999999998,-3.1449229261246145,3.1288471480919093
2020-12-31,1544122044.10238,7.861627692307692,7.3405,1544122.04410238,196412.5120823574,730954.6871917801,718126.7959202739,-31024.0,15585.79,-4.244312341602135,2.1322511878100547
2021-03-31,1439485730.2545,7.377400000000001,8.326,1439485.7302545,195121.0087909697,746249.4624509136,722841.338056003,-31174.0,11857.64,-4.177423444650126,1.5889646286720058
2021-06-30,1633315779.80098,8.36955737704918,8.7052,1633315.7798009801,195149.60065628125,786538.7429577326,755363.617533,-25126.0,19183.15,-3.194502524505679,2.4389326236954196
2021-09-30,1975578633.13683,8.527856666666667,8.8433,1975578.63313683,231661.80089059073,818344.9224201991,794270.6050553779,-11793.0,28660.52,-1.4410793880315171,3.5022542713698854
2021-12-31,2385419765.0929,11.161016923076923,12.9775,2385419.7650929,213727.81544311787,835660.2257809596,767726.0479994421,-7068.0,37129.37,-0.8457983019826816,4.443118010708365
2022-03-31,2589636478.47121,13.927125,14.6458,2589636.47847121,185941.92832125872,826481.1453112485,771653.3036669865,-18184.0,40840.47,-2.2001711839599194,4.94148840922677
2022-06-30,3502565413.44039,15.783759016393443,16.669,3502565.41344039,221909.45831107342,853241.0029660407,794152.5089469653,-24519.0,47785.4,-2.8736312383918405,5.6004575300399475
2022-09-30,4351145687.05226,17.920240322580646,18.5038,4351145.68705226,242806.2129038269,864385.414979277,805902.9217667753,-37475.0,50475.619999999995,-4.335450292263253,5.839480760004507
2022-12-31,4882509912.85856,18.59799846153846,18.6966,4882509.91285856,262528.7835653832,913186.3831015422,883235.2251506632,-46668.0,52849.71,-5.110457280527663,5.787395758191386
2023-03-31,4798503056.20185,18.852721538461537,19.146,4798503.05620185,254525.74825403315,981770.2030343167,957044.4606695337,-52688.0,50793.95,-5.366632623108684,5.173710695538857
2023-06-30,5696948397.90071,20.649713559322034,25.8231,5696948.39790071,275885.10521149094,1035745.8499347342,967534.3798308758,-52484.0,45922.170000000006,-5.0672662606668615,4.433729568203794
2023-09-30,7894487347.52061,26.7742109375,27.3752,7894487.34752061,294854.1552148444,1087793.7922457517,1020766.609052664,-48057.0,41334.75,-4.417840986276109,3.7998700024445213
2023-12-31,8701530263.078209,28.45952923076923,29.3973,8701530.263078209,305751.0260454514,1131016.0347258197,1055619.9420574806,-41821.0,36552.56,-3.6976487260977007,3.2318339331821275
2024-03-31,9092978987.20063,30.863971875,32.2596,9092978.98720063,294614.6731868298,1171104.9596586167,1086861.9513031344,-27532.0,39701.44,-2.3509421399791295,3.3900838411249823
2024-06-30,10162335255.5805,32.296987719298244,32.8417,10162335.2555805,314652.72687050793,1209872.5813176334,1175681.4229988467,-21479.0,42958.229999999996,-1.7753109155187161,3.550640841303765
2024-09-30,12333977588.6793,33.4454421875,34.09,12333977.5886793,368779.0258395519,1283797.451942341,1249106.754542371,-11091.0,49218.08,-0.8639213283388048,3.8337885719849933
2024-12-31,13086681096.4515,34.48162307692308,35.2233,13086681.0964515,379526.2498884456,1357572.6757853352,1324643.9362511784,-13027.0,49667.26,-0.9595803033133441,3.65853415333866
2025-03-31,12570148524.8555,36.15040322580645,37.9323,12570148.5248555,347718.0723639102,1410676.0749624157,1374158.7731877437,-17518.0,46715.189999999995,-1.2418159144342706,3.3115462032093097
2025-06-30,14609805608.7973,38.67098474576271,39.7424,14609805.6087973,377797.60988367745,1473820.957975585,1432337.4400947287,-24198.0,41802.14,-1.6418547903700564,2.836310596194717
2025-09-30,17533422455.4975,40.68386923076923,41.4984,17533422.4554975,430967.42731236987,1536009.3594484031,1493039.512833239,-25679.0,41061.229999999996,-1.6717997089042214,2.6732408723567613
2025-12-31,18527147403.6199,42.17121384615385,42.8623,18527147.4036199,439331.6130574135,1595814.722617371,1553752.8227905142,-30338.0,37014.07,-1.9010978887474617,2.319446579568553
2026-03-31,17098138220.9303,43.590709677419355,44.3841,17098138.2209303,392242.71289594064,1640339.3631494013,1607600.2117870047,-39793.0,26512.53,-2.425900450477434,1.6162832274595151
2026-06-30,19869747341.4119,45.38410847457627,46.5551,19869747.3414119,437812.88228990405,1700354.6355556282,1666788.3052523653,-38888.0,28948.13,-2.2870523117251063,1.702476024393615
