tarih,gama,lamda,delta,artik,gama_bennet,yp_fc_mn
2005-01-07,,,,,,
2005-01-14,,,,,,
2005-01-21,,,,,,
2005-01-28,,,,,,
2005-02-04,,,,,,
2005-02-11,,,,,,
2005-02-18,,,,,,
2005-02-25,,,,,,
2005-03-04,,,,,,
2005-03-11,,,,,,
2005-03-18,,,,,,
2005-03-25,,,,,,
2005-04-01,,,,,,
2005-04-08,,,,,,
2005-04-15,,,,,,
2005-04-22,,,,,,
2005-04-29,,,,,,
2005-05-06,,,,,,
2005-05-13,,,,,,
2005-05-20,,,,,,
2005-05-27,,,,,,
2005-06-03,,,,,,
2005-06-10,,,,,,
2005-06-17,,,,,,
2005-06-24,,,,,,
2005-07-01,,,,,,
2005-07-08,,,,,,
2005-07-15,,,,,,
2005-07-22,,,,,,
2005-07-29,,,,,,
2005-08-05,,,,,,
2005-08-12,,,,,,
2005-08-19,,,,,,
2005-08-26,,,,,,
2005-09-02,,,,,,
2005-09-09,,,,,,
2005-09-16,,,,,,
2005-09-23,,,,,,
2005-09-30,,,,,,
2005-10-07,,,,,,
2005-10-14,,,,,,
2005-10-21,,,,,,
2005-10-28,,,,,,
2005-11-04,,,,,,
2005-11-11,,,,,,
2005-11-18,,,,,,
2005-11-25,,,,,,
2005-12-02,,,,,,
2005-12-09,,,,,,
2005-12-16,,,,,,
2005-12-23,,,,,,
2005-12-30,,,,,,
2006-01-06,,,,,,
2006-01-13,,,,,,
2006-01-20,,,,,,
2006-01-27,,,,,,
2006-02-03,,,,,,
2006-02-10,,,,,,
2006-02-17,,,,,,
2006-02-24,,,,,,
2006-03-03,,,,,,
2006-03-10,,,,,,
2006-03-17,,,,,,
2006-03-24,,,,,,
2006-03-31,,,,,,
2006-04-07,,,,,,
2006-04-14,,,,,,
2006-04-21,,,,,,
2006-04-28,,,,,,
2006-05-05,,,,,,
2006-05-12,,,,,,
2006-05-19,,,,,,
2006-05-26,,,,,,
2006-06-02,,,,,,
2006-06-09,,,,,,
2006-06-16,,,,,,
2006-06-23,,,,,,
2006-06-30,,,,,,
2006-07-07,,,,,,
2006-07-14,,,,,,
2006-07-21,,,,,,
2006-07-28,,,,,,
2006-08-04,,,,,,
2006-08-11,,,,,,
2006-08-18,,,,,,
2006-08-25,,,,,,
2006-09-01,,,,,,
2006-09-08,,,,,,
2006-09-15,,,,,,
2006-09-22,,,,,,
2006-09-29,,,,,,
2006-10-06,,,,,,
2006-10-13,,,,,,
2006-10-20,,,,,,
2006-10-27,,,,,,
2006-11-03,,,,,,
2006-11-10,,,,,,
2006-11-17,,,,,,
2006-11-24,,,,,,
2006-12-01,,,,,,
2006-12-08,,,,,,
2006-12-15,,,,,,
2006-12-22,,,,,,
2006-12-29,,,,,,
2007-01-05,,,,,,
2007-01-12,,,,,,
2007-01-19,,,,,,
2007-01-26,,,,,,
2007-02-02,,,,,,
2007-02-09,,,,,,
2007-02-16,,,,,,
2007-02-23,,,,,,
2007-03-02,,,,,,
2007-03-09,,,,,,
2007-03-16,,,,,,
2007-03-23,,,,,,
2007-03-30,,,,,,
2007-04-06,,,,,,
2007-04-13,,,,,,
2007-04-20,,,,,,
2007-04-27,,,,,,
2007-05-04,,,,,,
2007-05-11,,,,,,
2007-05-18,,,,,,
2007-05-25,,,,,,
2007-06-01,,,,,,
2007-06-08,,,,,,
2007-06-15,,,,,,
2007-06-22,,,,,,
2007-06-29,,,,,,
2007-07-06,,,,,,
2007-07-13,,,,,,
2007-07-20,,,,,,
2007-07-27,,,,,,
2007-08-03,,,,,,
2007-08-10,,,,,,
2007-08-17,,,,,,
2007-08-24,,,,,,
2007-08-31,,,,,,
2007-09-07,,,,,,
2007-09-14,,,,,,
2007-09-21,,,,,,
2007-09-28,,,,,,
2007-10-05,,,,,,
2007-10-12,,,,,,
2007-10-19,,,,,,
2007-10-26,,,,,,
2007-11-02,,,,,,
2007-11-09,,,,,,
2007-11-16,,,,,,
2007-11-23,,,,,,
2007-11-30,,,,,,
2007-12-07,,,,,,
2007-12-14,,,,,,
2007-12-21,,,,,,
2007-12-28,,,,,,
2008-01-04,,,,,,
2008-01-11,,,,,,
2008-01-18,,,,,,
2008-01-25,,,,,,
2008-02-01,,,,,,
2008-02-08,,,,,,
2008-02-15,,,,,,
2008-02-22,,,,,,
2008-02-29,,,,,,
2008-03-07,,,,,,
2008-03-14,,,,,,
2008-03-21,,,,,,
2008-03-28,,,,,,
2008-04-04,,,,,,
2008-04-11,,,,,,
2008-04-18,,,,,,
2008-04-25,,,,,,
2008-05-02,,,,,,
2008-05-09,,,,,,
2008-05-16,,,,,,
2008-05-23,,,,,,
2008-05-30,,,,,,
2008-06-06,,,,,,
2008-06-13,,,,,,
2008-06-20,,,,,,
2008-06-27,,,,,,
2008-07-04,,,,,,
2008-07-11,,,,,,
2008-07-18,,,,,,
2008-07-25,,,,,,
2008-08-01,,,,,,
2008-08-08,,,,,,
2008-08-15,,,,,,
2008-08-22,,,,,,
2008-08-29,,,,,,
2008-09-05,,,,,,
2008-09-12,,,,,,
2008-09-19,,,,,,
2008-09-26,,,,,,
2008-10-03,,,,,,
2008-10-10,,,,,,
2008-10-17,,,,,,
2008-10-24,,,,,,
2008-10-31,,,,,,
2008-11-07,,,,,,
2008-11-14,,,,,,
2008-11-21,,,,,,
2008-11-28,,,,,,
2008-12-05,,,,,,
2008-12-12,,,,,,
2008-12-19,,,,,,
2008-12-26,,,,,,
2009-01-02,,,,,,
2009-01-09,,,,,,
2009-01-16,,,,,,
2009-01-23,,,,,,
2009-01-30,,,,,,
2009-02-06,,,,,,
2009-02-13,,,,,,
2009-02-20,,,,,,
2009-02-27,,,,,,
2009-03-06,,,,,,
2009-03-13,,,,,,
2009-03-20,,,,,,
2009-03-27,,,,,,
2009-04-03,,,,,,
2009-04-10,,,,,,
2009-04-17,,,,,,
2009-04-24,,,,,,
2009-05-01,,,,,,
2009-05-08,,,,,,
2009-05-15,,,,,,
2009-05-22,,,,,,
2009-05-29,,,,,,
2009-06-05,,,,,,
2009-06-12,,,,,,
2009-06-19,,,,,,
2009-06-26,,,,,,
2009-07-03,,,,,,
2009-07-10,,,,,,
2009-07-17,,,,,,
2009-07-24,,,,,,
2009-07-31,,,,,,
2009-08-07,,,,,,
2009-08-14,,,,,,
2009-08-21,,,,,,
2009-08-28,,,,,,
2009-09-04,,,,,,
2009-09-11,,,,,,
2009-09-18,,,,,,
2009-09-25,,,,,,
2009-10-02,,,,,,
2009-10-09,,,,,,
2009-10-16,,,,,,
2009-10-23,,,,,,
2009-10-30,,,,,,
2009-11-06,,,,,,
2009-11-13,,,,,,
2009-11-20,,,,,,
2009-11-27,,,,,,
2009-12-04,,,,,,
2009-12-11,,,,,,
2009-12-18,,,,,,
2009-12-25,,,,,,
2010-01-01,,,,,,
2010-01-08,,,,,,
2010-01-15,,,,,,
2010-01-22,,,,,,
2010-01-29,,,,,,
2010-02-05,,,,,,
2010-02-12,,,,,,
2010-02-19,,,,,,
2010-02-26,,,,,,
2010-03-05,,,,,,
2010-03-12,,,,,,
2010-03-19,,,,,,
2010-03-26,,,,,,
2010-04-02,,,,,,
2010-04-09,,,,,,
2010-04-16,,,,,,
2010-04-23,,,,,,
2010-04-30,,,,,,
2010-05-07,,,,,,
2010-05-14,,,,,,
2010-05-21,,,,,,
2010-05-28,,,,,,
2010-06-04,,,,,,
2010-06-11,,,,,,
2010-06-18,,,,,,
2010-06-25,,,,,,
2010-07-02,,,,,,
2010-07-09,,,,,,
2010-07-16,,,,,,
2010-07-23,,,,,,
2010-07-30,,,,,,
2010-08-06,,,,,,
2010-08-13,,,,,,
2010-08-20,,,,,,
2010-08-27,,,,,,
2010-09-03,,,,,,
2010-09-10,,,,,,
2010-09-17,,,,,,
2010-09-24,,,,,,
2010-10-01,,,,,,
2010-10-08,,,,,,
2010-10-15,,,,,,
2010-10-22,,,,,,
2010-10-29,,,,,,
2010-11-05,,,,,,
2010-11-12,,,,,,
2010-11-19,,,,,,
2010-11-26,,,,,,
2010-12-03,,,,,,
2010-12-10,,,,,,
2010-12-17,,,,,,
2010-12-24,,,,,,
2010-12-31,,,,,,
2011-01-07,,,,,,
2011-01-14,,,,,,
2011-01-21,,,,,,
2011-01-28,,,,,,
2011-02-04,,,,,,
2011-02-11,,,,,,
2011-02-18,,,,,,
2011-02-25,,,,,,
2011-03-04,,,,,,
2011-03-11,,,,,,
2011-03-18,,,,,,
2011-03-25,,,,,,
2011-04-01,,,,,,
2011-04-08,,,,,,
2011-04-15,,,,,,
2011-04-22,,,,,,
2011-04-29,,,,,,
2011-05-06,,,,,,
2011-05-13,,,,,,
2011-05-20,,,,,,
2011-05-27,,,,,,
2011-06-03,,,,,,
2011-06-10,,,,,,
2011-06-17,,,,,,
2011-06-24,,,,,,
2011-07-01,,,,,,
2011-07-08,,,,,,
2011-07-15,,,,,,
2011-07-22,,,,,,
2011-07-29,,,,,,
2011-08-05,,,,,,
2011-08-12,,,,,,
2011-08-19,,,,,,
2011-08-26,,,,,,
2011-09-02,,,,,,
2011-09-09,,,,,,
2011-09-16,,,,,,
2011-09-23,,,,,,
2011-09-30,,,,,,
2011-10-07,,,,,,
2011-10-14,,,,,,
2011-10-21,,,,,,
2011-10-28,,,,,,
2011-11-04,,,,,,
2011-11-11,,,,,,
2011-11-18,,,,,,
2011-11-25,,,,,,
2011-12-02,,,,,,
2011-12-09,,,,,,
2011-12-16,,,,,,
2011-12-23,,,,,,
2011-12-30,,,,,,
2012-01-06,,,,,,
2012-01-13,,,,,,
2012-01-20,,,,,,
2012-01-27,,,,,,
2012-02-03,,,,,,
2012-02-10,,,,,,
2012-02-17,,,,,,
2012-02-24,,,,,,
2012-03-02,,,,,,
2012-03-09,,,,,,
2012-03-16,,,,,,
2012-03-23,,,,,,
2012-03-30,,,,,,
2012-04-06,,,,,,
2012-04-13,,,,,,
2012-04-20,,,,,,
2012-04-27,,,,,,
2012-05-04,,,,,,
2012-05-11,,,,,,
2012-05-18,,,,,,
2012-05-25,,,,,,
2012-06-01,,,,,,
2012-06-08,,,,,,
2012-06-15,,,,,,
2012-06-22,,,,,,
2012-06-29,,,,,,
2012-07-06,,,,,,
2012-07-13,,,,,,
2012-07-20,,,,,,
2012-07-27,,,,,,
2012-08-03,,,,,,
2012-08-10,,,,,,
2012-08-17,,,,,,
2012-08-24,,,,,,
2012-08-31,,,,,,
2012-09-07,,,,,,
2012-09-14,,,,,,
2012-09-21,,,,,,
2012-09-28,,,,,,
2012-10-05,,,,,,
2012-10-12,,,,,,
2012-10-19,,,,,,
2012-10-26,,,,,,
2012-11-02,,,,,,
2012-11-09,,,,,,
2012-11-16,,,,,,
2012-11-23,,,,,,
2012-11-30,,,,,,
2012-12-07,,,,,,
2012-12-14,,,,,,
2012-12-21,,,,,,
2012-12-28,,,,,,
2013-01-04,,,,,,
2013-01-11,,,,,,
2013-01-18,,,,,,
2013-01-25,,,,,,
2013-02-01,,,,,,
2013-02-08,,,,,,
2013-02-15,,,,,,
2013-02-22,,,,,,
2013-03-01,,,,,,
2013-03-08,,,,,,
2013-03-15,,,,,,
2013-03-22,,,,,,
2013-03-29,,,,,,
2013-04-05,,,,,,
2013-04-12,,,,,,
2013-04-19,,,,,,
2013-04-26,,,,,,
2013-05-03,,,,,,
2013-05-10,,,,,,
2013-05-17,,,,,,
2013-05-24,,,,,,
2013-05-31,,,,,,
2013-06-07,,,,,,
2013-06-14,,,,,,
2013-06-21,,,,,,
2013-06-28,,,,,,
2013-07-05,,,,,,
2013-07-12,,,,,,
2013-07-19,,,,,,
2013-07-26,,,,,,
2013-08-02,,,,,,
2013-08-09,,,,,,
2013-08-16,,,,,,
2013-08-23,,,,,,
2013-08-30,,,,,,
2013-09-06,,,,,,
2013-09-13,,,,,,
2013-09-20,,,,,,
2013-09-27,,,,,,
2013-10-04,,,,,,
2013-10-11,,,,,,
2013-10-18,,,,,,
2013-10-25,,,,,,
2013-11-01,,,,,,
2013-11-08,,,,,,
2013-11-15,,,,,,
2013-11-22,,,,,,
2013-11-29,,,,,,
2013-12-06,,,,,,
2013-12-13,,,,,,
2013-12-20,,,,,,
2013-12-27,,,,,,
2014-01-03,,,,,,
2014-01-10,,,,,,
2014-01-17,,,,,,
2014-01-24,,,,,,
2014-01-31,,,,,,
2014-02-07,,,,,,
2014-02-14,,,,,,
2014-02-21,,,,,,
2014-02-28,,,,,,
2014-03-07,,,,,,
2014-03-14,,,,,,
2014-03-21,,,,,,
2014-03-28,,,,,,
2014-04-04,,,,,,
2014-04-11,,,,,,
2014-04-18,,,,,,
2014-04-25,,,,,,
2014-05-02,,,,,,
2014-05-09,,,,,,
2014-05-16,,,,,,
2014-05-23,,,,,,
2014-05-30,,,,,,
2014-06-06,,,,,,
2014-06-13,,,,,,
2014-06-20,,,,,,
2014-06-27,,,,,,
2014-07-04,,,,,,
2014-07-11,,,,,,
2014-07-18,,,,,,
2014-07-25,,,,,,
2014-08-01,,,,,,
2014-08-08,,,,,,
2014-08-15,,,,,,
2014-08-22,,,,,,
2014-08-29,,,,,,
2014-09-05,,,,,,
2014-09-12,,,,,,
2014-09-19,,,,,,
2014-09-26,,,,,,
2014-10-03,,,,,,
2014-10-10,,,,,,
2014-10-17,,,,,,
2014-10-24,,,,,,
2014-10-31,,,,,,
2014-11-07,,,,,,
2014-11-14,,,,,,
2014-11-21,,,,,,
2014-11-28,,,,,,
2014-12-05,,,,,,
2014-12-12,,,,,,
2014-12-19,,,,,,
2014-12-26,,,,,,
2015-01-02,,,,,,
2015-01-09,,,,,,
2015-01-16,,,,,,
2015-01-23,,,,,,
2015-01-30,,,,,,
2015-02-06,,,,,,
2015-02-13,,,,,,
2015-02-20,,,,,,
2015-02-27,,,,,,
2015-03-06,,,,,,
2015-03-13,,,,,,
2015-03-20,,,,,,
2015-03-27,,,,,,
2015-04-03,,,,,,
2015-04-10,,,,,,
2015-04-17,,,,,,
2015-04-24,,,,,,
2015-05-01,,,,,,
2015-05-08,,,,,,
2015-05-15,,,,,,
2015-05-22,,,,,,
2015-05-29,,,,,,
2015-06-05,,,,,,
2015-06-12,,,,,,
2015-06-19,,,,,,
2015-06-26,,,,,,
2015-07-03,,,,,,
2015-07-10,,,,,,
2015-07-17,,,,,,
2015-07-24,,,,,,
2015-07-31,,,,,,
2015-08-07,,,,,,
2015-08-14,,,,,,
2015-08-21,,,,,,
2015-08-28,,,,,,
2015-09-04,,,,,,
2015-09-11,,,,,,
2015-09-18,,,,,,
2015-09-25,,,,,,
2015-10-02,,,,,,
2015-10-09,,,,,,
2015-10-16,,,,,,
2015-10-23,,,,,,
2015-10-30,,,,,,
2015-11-06,,,,,,
2015-11-13,,,,,,
2015-11-20,,,,,,
2015-11-27,,,,,,
2015-12-04,,,,,,
2015-12-11,,,,,,
2015-12-18,,,,,,
2015-12-25,,,,,,
2016-01-01,,,,,,
2016-01-08,,,,,,
2016-01-15,,,,,,
2016-01-22,,,,,,
2016-01-29,,,,,,
2016-02-05,,,,,,
2016-02-12,,,,,,
2016-02-19,,,,,,
2016-02-26,,,,,,
2016-03-04,,,,,,
2016-03-11,,,,,,
2016-03-18,,,,,,
2016-03-25,,,,,,
2016-04-01,,,,,,
2016-04-08,,,,,,
2016-04-15,,,,,,
2016-04-22,,,,,,
2016-04-29,,,,,,
2016-05-06,,,,,,
2016-05-13,,,,,,
2016-05-20,,,,,,
2016-05-27,,,,,,
2016-06-03,,,,,,
2016-06-10,,,,,,
2016-06-17,,,,,,
2016-06-24,,,,,,
2016-07-01,,,,,,
2016-07-08,,,,,,
2016-07-15,,,,,,
2016-07-22,,,,,,
2016-07-29,,,,,,
2016-08-05,,,,,,
2016-08-12,,,,,,
2016-08-19,,,,,,
2016-08-26,,,,,,
2016-09-02,,,,,,
2016-09-09,,,,,,
2016-09-16,,,,,,
2016-09-23,,,,,,
2016-09-30,,,,,,
2016-10-07,,,,,,
2016-10-14,,,,,,
2016-10-21,,,,,,
2016-10-28,,,,,,
2016-11-04,,,,,,
2016-11-11,,,,,,
2016-11-18,,,,,,
2016-11-25,,,,,,
2016-12-02,,,,,,
2016-12-09,,,,,,
2016-12-16,,,,,,
2016-12-23,,,,,,
2016-12-30,,,,,,
2017-01-06,,,,,,
2017-01-13,,,,,,
2017-01-20,,,,,,
2017-01-27,,,,,,
2017-02-03,,,,,,
2017-02-10,,,,,,
2017-02-17,,,,,,
2017-02-24,,,,,,
2017-03-03,,,,,,
2017-03-10,,,,,,
2017-03-17,,,,,,
2017-03-24,,,,,,
2017-03-31,,,,,,
2017-04-07,,,,,,
2017-04-14,,,,,,
2017-04-21,,,,,,
2017-04-28,,,,,,
2017-05-05,,,,,,
2017-05-12,,,,,,
2017-05-19,,,,,,
2017-05-26,,,,,,
2017-06-02,,,,,,
2017-06-09,,,,,,
2017-06-16,,,,,,
2017-06-23,,,,,,
2017-06-30,,,,,,
2017-07-07,,,,,,
2017-07-14,,,,,,
2017-07-21,,,,,,
2017-07-28,,,,,,
2017-08-04,,,,,,
2017-08-11,,,,,,
2017-08-18,,,,,,
2017-08-25,,,,,,
2017-09-01,,,,,,
2017-09-08,,,,,,
2017-09-15,,,,,,
2017-09-22,,,,,,
2017-09-29,,,,,,
2017-10-06,,,,,,
2017-10-13,,,,,,
2017-10-20,,,,,,
2017-10-27,,,,,,
2017-11-03,,,,,,
2017-11-10,,,,,,
2017-11-17,,,,,,
2017-11-24,,,,,,
2017-12-01,,,,,,
2017-12-08,,,,,,
2017-12-15,,,,,,
2017-12-22,,,,,,
2017-12-29,,,,,,
2018-01-05,,,,,,
2018-01-12,,,,,,
2018-01-19,,,,,,
2018-01-26,,,,,,
2018-02-02,,,,,,
2018-02-09,,,,,,
2018-02-16,,,,,,
2018-02-23,,,,,,
2018-03-02,,,,,,
2018-03-09,,,,,,
2018-03-16,,,,,,
2018-03-23,,,,,,
2018-03-30,,,,,,
2018-04-06,,,,,,
2018-04-13,,,,,,
2018-04-20,,,,,,
2018-04-27,,,,,,
2018-05-04,,,,,,
2018-05-11,,,,,,
2018-05-18,,,,,,
2018-05-25,,,,,,
2018-06-01,,,,,,
2018-06-08,,,,,,
2018-06-15,,,,,,
2018-06-22,,,,,,
2018-06-29,,,,,,
2018-07-06,,,,,,
2018-07-13,,,,,,
2018-07-20,,,,,,
2018-07-27,,,,,,
2018-08-03,,,,,,
2018-08-10,,,,,,
2018-08-17,,,,,,
2018-08-24,,,,,,
2018-08-31,,,,,,
2018-09-07,,,,,,
2018-09-14,,,,,,
2018-09-21,,,,,,
2018-09-28,,,,,,
2018-10-05,,,,,,
2018-10-12,,,,,,
2018-10-19,,,,,,
2018-10-26,,,,,,
2018-11-02,,,,,,
2018-11-09,,,,,,
2018-11-16,,,,,,
2018-11-23,,,,,,
2018-11-30,,,,,,
2018-12-07,,,,,,
2018-12-14,,,,,,
2018-12-21,,,,,,
2018-12-28,,,,,,
2019-01-04,,,,,,
2019-01-11,,,,,,
2019-01-18,,,,,,
2019-01-25,,,,,,
2019-02-01,,,,,,
2019-02-08,,,,,,
2019-02-15,,,,,,
2019-02-22,,,,,,
2019-03-01,,,,,,
2019-03-08,,,,,,
2019-03-15,,,,,,
2019-03-22,,,,,,
2019-03-29,,,,,,
2019-04-05,,,,,,
2019-04-12,,,,,,
2019-04-19,,,,,,
2019-04-26,,,,,,
2019-05-03,,,,,,
2019-05-10,,,,,,
2019-05-17,,,,,,
2019-05-24,,,,,,
2019-05-31,,,,,,
2019-06-07,,,,,,
2019-06-14,,,,,,
2019-06-21,,,,,,
2019-06-28,,,,,,
2019-07-05,,,,,,
2019-07-12,,,,,,
2019-07-19,,,,,,
2019-07-26,,,,,,
2019-08-02,,,,,,
2019-08-09,,,,,,
2019-08-16,,,,,,
2019-08-23,,,,,,
2019-08-30,,,,,,
2019-09-06,,,,,,
2019-09-13,,,,,,
2019-09-20,,,,,,
2019-09-27,,,,,,
2019-10-04,,,,,,
2019-10-11,,,,,,
2019-10-18,,,,,,
2019-10-25,,,,,,
2019-11-01,,,,,,
2019-11-08,,,,,,
2019-11-15,,,,,,
2019-11-22,,,,,,
2019-11-29,,,,,,
2019-12-06,,,,,,
2019-12-13,,,,,,
2019-12-20,,,,,,
2019-12-27,,,,,,
2020-01-03,,,,,,
2020-01-10,,,,,,
2020-01-17,,,,,,
2020-01-24,,,,,,
2020-01-31,,,,,,
2020-02-07,,,,,,
2020-02-14,,,,,,
2020-02-21,,,,,,
2020-02-28,,,,,,
2020-03-06,,,,,,
2020-03-13,,,,,,
2020-03-20,,,,,,
2020-03-27,,,,,,
2020-04-03,,,,,,
2020-04-10,,,,,,
2020-04-17,,,,,,
2020-04-24,,,,,,
2020-05-01,,,,,,
2020-05-08,,,,,,
2020-05-15,,,,,,
2020-05-22,,,,,,
2020-05-29,,,,,,
2020-06-05,,,,,,
2020-06-12,,,,,,
2020-06-19,,,,,,
2020-06-26,,,,,,
2020-07-03,,,,,,
2020-07-10,,,,,,
2020-07-17,,,,,,
2020-07-24,,,,,,
2020-07-31,,,,,,
2020-08-07,,,,,,
2020-08-14,,,,,,
2020-08-21,,,,,,
2020-08-28,,,,,,
2020-09-04,,,,,,
2020-09-11,,,,,,
2020-09-18,,,,,,
2020-09-25,,,,,,
2020-10-02,,,,,,
2020-10-09,,,,,,
2020-10-16,,,,,,
2020-10-23,,,,,,
2020-10-30,,,,,,
2020-11-06,,,,,,
2020-11-13,,,,,,
2020-11-20,,,,,,
2020-11-27,,,,,,
2020-12-04,,,,,,
2020-12-11,,,,,,
2020-12-18,,,,,,
2020-12-25,,,,,,
2021-01-01,,,,,,
2021-01-08,,,,,,
2021-01-15,,,,,,
2021-01-22,,,,,,
2021-01-29,,,,,,
2021-02-05,,,,,,
2021-02-12,,,,,,
2021-02-19,,,,,,
2021-02-26,,,,,,
2021-03-05,,,,,,
2021-03-12,,,,,,
2021-03-19,,,,,,
2021-03-26,,,,,,
2021-04-02,,,,,,
2021-04-09,,,,,,
2021-04-16,,,,,,
2021-04-23,,,,,,
2021-04-30,,,,,,
2021-05-07,,,,,,
2021-05-14,,,,,,
2021-05-21,,,,,,
2021-05-28,,,,,,
2021-06-04,,,,,,
2021-06-11,,,,,,
2021-06-18,,,,,,
2021-06-25,,,,,,
2021-07-02,,,,,,
2021-07-09,,,,,,
2021-07-16,,,,,,
2021-07-23,,,,,,
2021-07-30,,,,,,
2021-08-06,,,,,,
2021-08-13,,,,,,
2021-08-20,,,,,,
2021-08-27,,,,,,
2021-09-03,,,,,,
2021-09-10,,,,,,
2021-09-17,,,,,,
2021-09-24,,,,,,
2021-10-01,,,,,,
2021-10-08,,,,,,
2021-10-15,,,,,,
2021-10-22,,,,,,
2021-10-29,,,,,,
2021-11-05,,,,,,
2021-11-12,,,,,,
2021-11-19,,,,,,
2021-11-26,,,,,,
2021-12-03,,,,,,
2021-12-10,,,,,,
2021-12-17,,,,,,
2021-12-24,,,,,,
2021-12-31,,,,,,
2022-01-07,,,,,,
2022-01-14,,,,,,
2022-01-21,,,,,,
2022-01-28,,,,,,
2022-02-04,,,,,,
2022-02-11,,,,,,
2022-02-18,,,,,,
2022-02-25,,,,,,
2022-03-04,,,,,,
2022-03-11,,,,,,
2022-03-18,,,,,,
2022-03-25,,,,,,
2022-04-01,,,,,,
2022-04-08,,,,,,
2022-04-15,,,,,,
2022-04-22,,,,,,
2022-04-29,,,,,,
2022-05-06,,,,,,
2022-05-13,,,,,,
2022-05-20,,,,,,
2022-05-27,,,,,,
2022-06-03,,,,,,
2022-06-10,,,,,,
2022-06-17,,,,,,
2022-06-24,,,,,,
2022-07-01,,,,,,
2022-07-08,,,,,,
2022-07-15,,,,,,
2022-07-22,,,,,,
2022-07-29,,,,,,
2022-08-05,,,,,,
2022-08-12,,,,,,
2022-08-19,,,,,,
2022-08-26,,,,,,
2022-09-02,,,,,,
2022-09-09,,,,,,
2022-09-16,,,,,,
2022-09-23,,,,,,
2022-09-30,,,,,,
2022-10-07,,,,,,
2022-10-14,,,,,,
2022-10-21,,,,,,
2022-10-28,,,,,,
2022-11-04,,,,,,
2022-11-11,,,,,,
2022-11-18,,,,,,
2022-11-25,,,,,,
2022-12-02,,,,,,
2022-12-09,,,,,,
2022-12-16,,,,,,
2022-12-23,,,,,,
2022-12-30,,,,,,
2023-01-06,,,,,,
2023-01-13,,,,,,
2023-01-20,,,,,,
2023-01-27,,,,,,
2023-02-03,,,,,,
2023-02-10,,,,,,
2023-02-17,,,,,,
2023-02-24,,,,,,
2023-03-03,,,,,,
2023-03-10,,,,,,
2023-03-17,,,,,,
2023-03-24,,,,,,
2023-03-31,,,,,,
2023-04-07,,,,,,
2023-04-14,,,,,,
2023-04-21,,,,,,
2023-04-28,,,,,,
2023-05-05,,,,,,
2023-05-12,,,,,,
2023-05-19,,,,,,
2023-05-26,,,,,,
2023-06-02,,,,,,
2023-06-09,,,,,,
2023-06-16,,,,,,
2023-06-23,,,,,,
2023-06-30,,,,,,
2023-07-07,,,,,,
2023-07-14,,,,,,
2023-07-21,,,,,,
2023-07-28,,,,,,
2023-08-04,,,,,,
2023-08-11,,,,,,
2023-08-18,,,,,,
2023-08-25,,,,,,
2023-09-01,,,,,,
2023-09-08,,,,,,
2023-09-15,,,,,,
2023-09-22,,,,,,
2023-09-29,,,,,,
2023-10-06,,,,,,
2023-10-13,,,,,,
2023-10-20,,,,,,
2023-10-27,,,,,,
2023-11-03,,,,,,
2023-11-10,,,,,,
2023-11-17,,,,,,
2023-11-24,,,,,,
2023-12-01,,,,,,
2023-12-08,,,,,,
2023-12-15,,,,,,
2023-12-22,,,,,,
2023-12-29,,,,,,
2024-01-05,,,,,,
2024-01-12,,,,,,
2024-01-19,,,,,,
2024-01-26,,,,,,
2024-02-02,,,,,,
2024-02-09,,,,,,
2024-02-16,,,,,,
2024-02-23,,,,,,
2024-03-01,,,,,,
2024-03-08,,,,,,
2024-03-15,,,,,,
2024-03-22,,,,,,
2024-03-29,,,,,,
2024-04-05,,,,,,
2024-04-12,,,,,,
2024-04-19,,,,,,
2024-04-26,,,,,,
2024-05-03,,,,,,
2024-05-10,,,,,,
2024-05-17,,,,,,
2024-05-24,,,,,,
2024-05-31,,,,,,
2024-06-07,,,,,,
2024-06-14,,,,,,
2024-06-21,,,,,,
2024-06-28,,,,,,127784.41565695488
2024-07-05,-25.05847295688207,65.74358895688238,40.685116,2.9802322387695315e-13,-25.24290380580516,129665.40723208441
2024-07-12,35.891205237450805,69.45033276254907,105.341538,-1.1920928955078124e-13,36.050255767810484,130814.6220134285
2024-07-19,12.728318335601042,-57.52856833560126,-44.80025,-2.1606683731079102e-13,12.72719333743169,130791.49779443756
2024-07-26,-5.9641160010205265,89.47765300102085,83.513537,3.2782554626464843e-13,-5.977932902172417,131397.4998226423
2024-08-02,15.465557606654984,116.01895839334468,131.484516,-3.427267074584961e-13,15.54544163874092,132754.91122141742
2024-08-09,50.88503281702308,42.55025218297738,93.435285,4.619359970092774e-13,51.013293048975,133424.15224430297
2024-08-16,20.160261746006825,24.581574253992713,44.741836,-4.619359970092774e-13,20.2438326657393,134530.3262868886
2024-08-23,37.07668869012323,150.64555830987683,187.722247,5.960464477539062e-14,37.34460491736658,136474.55910497197
2024-08-30,5.049399649757085,97.09032635024332,102.139726,4.023313522338867e-13,5.050748058691444,136547.4483700626
2024-09-06,-4.041644730648347,39.006677730647816,34.965033,-5.289912223815918e-13,-4.0519714156131705,137245.2249318545
2024-09-13,-10.677656041540194,81.89942304154063,71.221767,4.3213367462158203e-13,-10.688185365651087,137515.90221352715
2024-09-20,18.867100764639016,49.749968235360434,68.617069,-5.513429641723633e-13,18.967423321244173,138978.33643233226
2024-09-27,19.026168165911056,127.8350218340889,146.86119,-2.980232238769531e-14,19.04796979433921,139296.84029753922
2024-10-04,6.936924266295301,25.730979733704743,32.667904,4.470348358154297e-14,6.925327761790468,138831.11330557315
2024-10-11,3.151411916876558,19.531751083124092,22.683163,6.51925802230835e-13,3.155836580480575,139220.958232451
2024-10-18,2.2414566924193564,-23.202499692419238,-20.961043,1.1920928955078124e-13,2.2400570338165298,139047.08754153576
2024-10-25,1.446175866966246,91.74391913303353,93.190095,-2.2351741790771485e-13,1.4472349567977483,139250.74652918594
2024-11-01,4.818044281291385,86.49016871870803,91.308213,-5.811452865600586e-13,4.828203238777885,139837.9733504281
2024-11-08,5.285764641530073,14.340375358469982,19.62614,5.587935447692871e-14,5.295327308536384,140343.94516895403
2024-11-15,10.090783173696556,12.503483826303983,22.594267,5.364418029785156e-13,10.07795628183975,139987.1489567171
2024-11-22,18.324485497019495,59.11232650298019,77.436812,-3.1292438507080076e-13,18.34909681388854,140363.17785871582
2024-11-29,16.169612983667964,163.41571401633223,179.585327,2.0861625671386718e-13,16.24424026325634,141658.80838847012
2024-12-06,17.183266309330538,53.8089936906691,70.99226,-3.5762786865234376e-13,17.254201547072025,142828.38826581338
2024-12-13,23.052622559113015,111.84745344088743,134.900076,4.470348358154297e-13,23.09855629517008,143397.57656282687
2024-12-20,28.6506854108737,15.937634589126043,44.58832,-2.5331974029541015e-13,28.72842224700815,144175.72715514124
2024-12-27,10.79900219200996,180.74355580799065,191.542558,5.960464477539063e-13,10.807766316258618,144409.74395853875
2025-01-03,19.37963812670334,48.95273687329605,68.332375,-6.109476089477539e-13,19.38253688461354,144452.9448568087
2025-01-10,9.331757104556933,54.75879689544318,64.090554,1.1920928955078124e-13,9.346734950078401,144916.65043099897
2025-01-17,11.057016620810685,14.523715379188866,25.580732,-4.470348358154297e-13,11.104930569359812,146172.6002356858
2025-01-24,27.407333353379933,108.01278364662025,135.420117,1.7881393432617188e-13,27.569575800963214,147903.1881864414
2025-01-31,24.19692175919482,145.43627424080557,169.633196,3.8743019104003904e-13,24.22610051099374,148259.8972307826
2025-02-07,21.12710406652731,95.54862993347271,116.675734,1.4901161193847656e-14,21.28248597344385,150440.6888317922
2025-02-14,30.16348575031119,144.02462624968885,174.188112,5.960464477539062e-14,30.288417036278272,151686.8809246497
2025-02-21,30.33728258080034,-5.708734580800138,24.628548,2.0116567611694335e-13,30.335467617568543,151668.731236332
2025-02-28,11.40545266947206,151.40361933052748,162.809072,-4.470348358154297e-13,11.393501346216842,151350.8758934106
2025-03-07,-9.973833930280648,199.941301930281,189.967468,3.5762786865234376e-13,-10.122214547872007,155854.16652267933
2025-03-14,34.24115853423687,155.86608646576238,190.107245,-7.748603820800781e-13,34.26285602118905,156051.68575913794
2025-03-21,205.23901964823574,19.40488335176528,224.643903,1.0132789611816406e-12,204.951802159939,155614.9191705523
2025-03-28,-13.164993198270883,95.48539819827035,82.320405,-5.364418029785156e-13,-13.16708595271982,155664.39337984513
2025-04-04,12.593372820404786,134.30840917959472,146.901782,-4.76837158203125e-13,12.661870954849926,157357.77936914528
2025-04-11,9.567411041096923,251.7234279589039,261.290839,8.344650268554687e-13,9.670155622574322,160737.51483029503
2025-04-18,15.41475304829391,17.828971951705448,33.243725,-6.407499313354492e-13,15.429817012573066,161051.67415210028
2025-04-25,39.02288218907855,88.34777581092186,127.370658,4.1723251342773437e-13,39.01609215224996,160995.62771280855
2025-05-02,19.96318130790306,156.38016769209705,176.343349,8.940696716308594e-14,19.97213976359695,161140.12093515927
2025-05-09,32.71156887027205,13.732699129727695,46.444268,-2.5331974029541015e-13,32.68282820903752,160856.96278732142
2025-05-16,3.522673270210865,34.32757972978889,37.850253,-2.5331974029541015e-13,3.5192456257361235,160543.92752266367
2025-05-23,35.801264897491336,165.1667311025089,200.967996,2.384185791015625e-13,36.008314121413925,162400.87283977622
2025-05-30,39.8209250998255,205.43109890017445,245.252024,-5.960464477539062e-14,39.908710923094176,163116.90313219425
2025-06-06,-0.8320917849552403,36.406710784955834,35.574619,5.960464477539063e-13,-0.8339100060498197,163829.76341881123
2025-06-13,32.29081278784959,105.13864221215006,137.429455,-3.5762786865234376e-13,32.44698530401544,165414.46842726483
2025-06-20,47.37467460114168,44.25454239885838,91.629217,5.960464477539062e-14,47.46534493314491,166047.64152646656
2025-06-27,33.44215552642006,236.1737604735801,269.615916,1.7881393432617188e-13,33.587653204371186,167492.4973314266
2025-07-04,-10.585520573083105,133.38119557308272,122.795675,-3.725290298461914e-13,-10.586702512412806,167529.90049335128
2025-07-11,55.0167521813589,57.12456081864089,112.141313,-2.0861625671386718e-13,54.994258738101415,167392.91224299956
2025-07-18,36.926809244247046,28.9761967557536,65.903006,6.556510925292969e-13,37.00413962393224,168094.0049030635
2025-07-25,28.71049142064565,124.26778657935387,152.978278,-4.76837158203125e-13,28.736821323310274,168402.3172006665
2025-08-01,20.20806684467481,122.7806991553253,142.988766,1.1920928955078124e-13,20.104831353286663,166681.70769350868
2025-08-08,5.884141721921972,74.32144627807787,80.205588,-1.6391277313232421e-13,5.912844289082625,168307.83878810867
2025-08-15,29.790521517404795,80.06926048259554,109.859782,3.2782554626464843e-13,29.879960523258525,169318.447868571
2025-08-22,20.216621463843275,38.162810536156925,58.379432,1.9371509552001952e-13,20.17546925321577,168629.1310663277
2025-08-29,15.749716393761418,203.27427460623866,219.023991,8.940696716308594e-14,15.777437708788428,169222.7444556929
2025-09-05,25.874232107934386,71.84407589206559,97.718308,-2.980232238769531e-14,25.934263567624026,170007.9803861727
2025-09-12,19.04085458303096,113.64328841696842,132.684143,-6.258487701416015e-13,19.044584159102094,170074.5800960528
2025-09-19,4.319827442781523,21.02810055721918,25.347928,7.040798664093018e-13,4.326601785538429,170608.00117134734
2025-09-26,31.306667492251915,164.309341507748,195.616009,-8.940696716308594e-14,31.28390930342287,170359.95630311832
2025-10-03,17.836864061861117,144.85352193813824,162.690386,-6.258487701416015e-13,17.868750762358843,170969.0562978936
2025-10-10,19.866631014747917,-8.854532014748111,11.012099,-1.9371509552001952e-13,19.8141626191306,170065.98701780298
2025-10-17,24.948737992659247,58.32327100734156,83.272009,8.046627044677734e-13,25.021899665410924,171063.41719579825
2025-10-24,9.784573374963234,87.70132862503621,97.485902,-5.513429641723633e-13,9.764974361203697,170378.11919886107
2025-10-31,8.433747663157487,178.9640473368425,187.397795,0.0,8.421132944290527,169868.43544719653
2025-11-07,26.635300200504958,-19.54904620050543,7.086254,-4.693865776062012e-13,26.63303772219343,169839.57722910852
2025-11-14,19.888314192415322,206.3094068075853,226.197721,6.258487701416015e-13,19.929817566161603,170548.4271982364
2025-11-21,19.74937857122837,-14.410785571228041,5.338593,3.2782554626464843e-13,19.720027652915288,170041.49955622826
2025-11-28,12.379259802512987,218.44343619748702,230.822696,0.0,12.402734749655487,170686.4032544774
2025-12-05,1.0070108477147977,74.80218215228531,75.809193,1.0430812835693359e-13,1.0093211278366916,171469.57933527385
2025-12-12,29.801276753011134,221.15375524698794,250.955032,-9.238719940185547e-13,29.940067529740528,173066.71869937846
2025-12-19,20.560359734451286,92.71000126554907,113.270361,3.5762786865234376e-13,20.609113002353773,173887.4794458567
2025-12-26,19.544955209120143,250.83515779088052,270.380113,6.556510925292969e-13,19.581939419931356,174545.561403932
2026-01-02,20.142557003401123,144.8189329965977,164.96149,-1.1622905731201172e-12,20.106511033956625,173920.84787108944
2026-01-09,18.314006729611606,-29.737362729611405,-11.423356,2.0116567611694335e-13,18.29668500577869,173591.8528084483
2026-01-16,17.706191902614503,31.708159097385813,49.414351,3.1292438507080076e-13,17.72336637634334,173928.61056324912
2026-01-23,20.05407119939509,98.45166380060454,118.505735,-3.725290298461914e-13,20.136117993126025,175351.7913920098
2026-01-30,24.16344397130981,331.88159702869126,356.045041,1.0728836059570313e-12,24.331460251909647,177790.3474042393
2026-02-06,20.054849946667954,117.42184105333124,137.476691,-8.046627044677734e-13,20.038602977807926,177502.28199905585
2026-02-13,15.815385606031509,165.9094143939683,181.7248,-2.0861625671386718e-13,15.841278803548644,178083.50104259164
2026-02-20,25.822145479493603,0.2463165205069892,26.068462,5.923211574554443e-13,25.80471570716035,177843.0907419103
2026-02-27,19.864869325163706,193.34331967483658,213.208189,2.9802322387695315e-13,19.929256770375332,178995.96641141252
2026-03-06,18.884137987091545,26.66137801290743,45.545516,-1.0281801223754882e-12,18.801952548230275,177437.9538546334
2026-03-13,20.49425894030891,122.44881905969116,142.943078,5.960464477539062e-14,20.464817817573497,176928.1552234587
2026-03-20,19.727279297485207,-50.96452029748504,-31.237241,1.6763806343078614e-13,19.737325953552574,177108.36621934507
2026-03-27,27.664326768248,187.40985623175263,215.074183,6.258487701416015e-13,27.66992188009065,177180.00657593628
2026-04-03,25.141808509815903,315.6917834901843,340.833592,2.384185791015625e-13,25.2127003522151,178179.18824558952
2026-04-10,15.163017091256453,194.23169690874317,209.394714,-3.8743019104003904e-13,15.252926624371973,180292.22518667445
2026-04-17,33.029817583887535,22.514166416113035,55.543984,5.66244125366211e-13,33.11273480309411,181197.4272768209
2026-04-24,28.121839741346196,73.21850825865373,101.340348,-7.450580596923829e-14,28.06052677464781,180407.31169927405
2026-05-01,20.764593071977448,238.6107529280223,259.375346,-2.682209014892578e-13,20.796226604509812,180956.9897540216
2026-05-08,39.955309871851846,18.078584128147313,58.033894,-8.419156074523925e-13,40.06156481723892,181919.44381208753
2026-05-15,35.96543506313456,59.61150293686556,95.576938,1.1920928955078124e-13,35.86739534476365,180927.63981993674
2026-05-22,29.943520164042187,76.16221583595822,106.105736,4.1723251342773437e-13,29.94587578056727,180956.10648891013
2026-05-29,14.11487402627747,106.71067997372292,120.825554,3.8743019104003904e-13,14.129357324172142,181327.46526848694
2026-06-05,50.26393710120809,58.36616489879161,108.630102,-2.9802322387695315e-13,50.228602833680874,181072.5280893747
2026-06-12,32.10396682932017,143.12913617067903,175.233103,-8.046627044677734e-13,32.07700980572815,180768.44252652064
2026-06-19,33.74954908772529,-59.718680087724465,-25.969131,8.270144462585449e-13,33.671369003175215,179930.95032275975
2026-06-26,31.631740571701716,280.82695042829806,312.458691,-2.384185791015625e-13,31.65879333655136,180238.7190133394
2026-07-03,33.43436282868428,161.11085517131605,194.545218,3.2782554626464843e-13,33.46427949744256,180561.26992192218
2026-07-10,31.54401187735124,27.300276122648793,58.844288,3.7252902984619144e-14,31.556856660959006,180708.31972960723
2026-07-17,32.05796769643296,-99.66993869643292,-67.611971,4.470348358154297e-14,32.03206113417736,180416.25309709265
2026-07-24,32.276426044489355,196.2650089555097,228.541435,-9.5367431640625e-13,32.34004843082496,181127.5160194461
2026-07-31,32.69340442581744,404.36432457418334,437.057729,7.748603820800781e-13,32.82719431756757,182609.95758139464
2026-08-07,32.44978991648946,-16.361763916489245,16.088026,2.1606683731079102e-13,32.53003666238566,183513.12859740824
2026-08-14,36.280507195205736,167.37133680479374,203.651844,-5.364418029785156e-13,36.27264812205641,183433.62347396836
2026-08-21,29.220970650729026,-27.503829650728285,1.717141,7.413327693939209e-13,29.323229446348417,184717.4755154871
2026-08-28,35.705770717731546,276.8735902822684,312.579361,-5.960464477539062e-14,35.720284383290085,184867.6432675652
2026-09-04,29.46818053745458,77.50241146254446,106.970592,-9.685754776000976e-13,29.48380603862205,185063.69538364565
2026-09-11,33.35656980561573,91.29869519438434,124.655265,5.960464477539062e-14,33.382563465333135,185352.123285668
