Date,Open,High,Low,Close
2024-08-19,33.6880989074707,33.75199890136719,33.66048049926758,33.6880989074707
2024-08-20,33.7588005065918,33.89371109008789,33.7448616027832,33.7588005065918
2024-08-21,33.8985595703125,33.95610046386719,33.87590026855469,33.8985595703125
2024-08-22,33.92499923706055,33.95484161376953,33.885799407958984,33.92499923706055
2024-08-23,33.95750045776367,34.00556945800781,33.906490325927734,33.95750045776367
2024-08-26,34.02239990234375,34.022499084472656,33.95587158203125,34.02239990234375
2024-08-27,34.025299072265625,34.03464126586914,33.98332977294922,34.025299072265625
2024-08-28,34.01723098754883,35.66400146484375,33.97779846191406,34.01723098754883
2024-08-29,34.139400482177734,34.1880989074707,34.040000915527344,34.139400482177734
2024-08-30,34.07733917236328,34.088401794433594,34.03340148925781,34.07733917236328
2024-09-02,34.07080078125,34.08290100097656,33.872581481933594,34.07080078125
2024-09-03,33.91339874267578,34.020408630371094,33.89690017700195,33.91339874267578
2024-09-04,33.99760055541992,34.088321685791016,33.97698974609375,33.99760055541992
2024-09-05,34.03670120239258,34.047698974609375,33.92770004272461,34.03670120239258
2024-09-06,33.98500061035156,34.05659866333008,33.929500579833984,33.98500061035156
2024-09-09,33.99654006958008,34.079898834228516,33.94499969482422,33.99654006958008
2024-09-10,34.095699310302734,34.102699279785156,34.0260009765625,34.095699310302734
2024-09-11,34.04439926147461,34.0817985534668,33.91231155395508,34.04439926147461
2024-09-12,33.99919891357422,34.00714874267578,33.898101806640625,33.99919891357422
2024-09-13,33.97460174560547,33.98210144042969,33.88740158081055,33.97460174560547
2024-09-16,33.95515823364258,34.02983093261719,33.891998291015625,33.95515823364258
2024-09-17,33.979469299316406,34.10784149169922,33.97249984741211,33.979469299316406
2024-09-18,34.06909942626953,34.11452865600586,34.016170501708984,34.06909942626953
2024-09-19,34.07080078125,34.114898681640625,33.9827995300293,34.07080078125
2024-09-20,34.08000183105469,34.11737060546875,34.06296157836914,34.08000183105469
2024-09-23,34.05575180053711,34.15449905395508,33.990089416503906,34.05575180053711
2024-09-24,34.14970016479492,34.16181945800781,34.10139846801758,34.14970016479492
2024-09-25,34.112300872802734,34.15483093261719,34.094261169433594,34.112300872802734
2024-09-26,34.160709381103516,34.1715087890625,34.11429977416992,34.160709381103516
2024-09-27,34.17539978027344,34.19071960449219,34.13359832763672,34.17539978027344
2024-09-30,34.1490592956543,34.200111389160156,34.13447952270508,34.1490592956543
2024-10-01,34.20399856567383,34.219581604003906,34.063899993896484,34.20399856567383
2024-10-02,34.18619918823242,34.22893142700195,34.09743118286133,34.18619918823242
2024-10-03,34.23059844970703,34.24140167236328,34.13240051269531,34.23059844970703
2024-10-04,34.22679901123047,34.258750915527344,34.206298828125,34.22679901123047
2024-10-07,34.22624969482422,34.27669906616211,34.22200012207031,34.22624969482422
2024-10-08,34.24570846557617,34.28091049194336,34.236358642578125,34.24570846557617
2024-10-09,34.26350021362305,34.27534866333008,34.206600189208984,34.26350021362305
2024-10-10,34.25619888305664,34.27840042114258,34.16128921508789,34.25619888305664
2024-10-11,34.25233840942383,34.29549026489258,34.251468658447266,34.25233840942383
2024-10-14,34.27619934082031,34.29645919799805,34.2421989440918,34.27619934082031
2024-10-15,34.25215148925781,34.27033996582031,34.18722915649414,34.25215148925781
2024-10-16,34.19478988647461,34.24589920043945,34.16130065917969,34.19478988647461
2024-10-17,34.16460037231445,34.22840118408203,34.09914016723633,34.16460037231445
2024-10-18,34.19219970703125,34.2947998046875,34.15354919433594,34.19219970703125
2024-10-21,34.276100158691406,34.283199310302734,34.215599060058594,34.276100158691406
2024-10-22,34.24570083618164,34.26049041748047,34.188358306884766,34.24570083618164
2024-10-23,34.25310134887695,34.298458099365234,34.22193908691406,34.25310134887695
2024-10-24,34.26839828491211,34.28409957885742,34.20759963989258,34.26839828491211
2024-10-25,34.28770065307617,34.298561096191406,34.23749923706055,34.28770065307617
2024-10-28,34.28334045410156,34.30659866333008,34.25659942626953,34.28334045410156
2024-10-29,34.28770065307617,34.296749114990234,34.24470138549805,34.28770065307617
2024-10-30,34.27479934692383,34.29838943481445,34.09001922607422,34.27479934692383
2024-10-31,34.283199310302734,34.28813171386719,34.219600677490234,34.283199310302734
2024-11-01,34.29376983642578,34.343929290771484,34.282501220703125,34.29376983642578
2024-11-04,34.32815170288086,34.34928894042969,34.316001892089844,34.32815170288086
2024-11-05,34.34980010986328,34.35340118408203,34.308101654052734,34.34980010986328
2024-11-06,34.307498931884766,34.37200164794922,34.187808990478516,34.307498931884766
2024-11-07,34.20090103149414,34.26594924926758,34.1599006652832,34.20090103149414
2024-11-08,34.340030670166016,34.37950897216797,34.303001403808594,34.340030670166016
2024-11-11,34.35115051269531,34.38518142700195,34.30366897583008,34.35115051269531
2024-11-12,34.32659912109375,34.383941650390625,34.30585861206055,34.32659912109375
2024-11-13,34.37080001831055,34.38486862182617,34.22846984863281,34.37080001831055
2024-11-14,34.34519958496094,34.37200164794922,34.326080322265625,34.34519958496094
2024-11-15,34.29668045043945,34.425479888916016,34.30952072143555,34.29668045043945
2024-11-18,34.34925842285156,34.626800537109375,34.34368896484375,34.34925842285156
2024-11-19,34.571998596191406,34.64619827270508,34.47779846191406,34.571998596191406
2024-11-20,34.499298095703125,34.55331039428711,34.43510055541992,34.499298095703125
2024-11-21,34.4692497253418,34.55979919433594,34.42409896850586,34.4692497253418
2024-11-22,34.527099609375,34.60186004638672,34.489349365234375,34.527099609375
2024-11-25,34.420040130615234,34.61560821533203,34.41997146606445,34.420040130615234
2024-11-26,34.597530364990234,34.65016174316406,34.59297180175781,34.597530364990234
2024-11-27,34.65359878540039,34.670799255371094,34.61690139770508,34.65359878540039
2024-11-28,34.63650131225586,34.671600341796875,34.58300018310547,34.63650131225586
2024-11-29,34.64836883544922,34.69913864135742,34.64508819580078,34.64836883544922
2024-12-02,34.69765853881836,34.7287712097168,34.690521240234375,34.693389892578125
2024-12-03,34.74789810180664,34.75120162963867,34.719600677490234,34.74789810180664
2024-12-04,34.74760055541992,34.760040283203125,34.72909927368164,34.74760055541992
2024-12-05,34.73649978637695,34.76084899902344,34.69020080566406,34.73649978637695
2024-12-06,34.76679992675781,34.80022048950195,34.7411994934082,34.76679992675781
2024-12-09,34.77888107299805,34.82088088989258,34.77238082885742,34.77888107299805
2024-12-10,34.81956100463867,34.84794998168945,34.81026840209961,34.81956100463867
2024-12-11,34.84510040283203,34.87269973754883,34.844600677490234,34.84510040283203
2024-12-12,34.86470031738281,34.89591979980469,34.83338928222656,34.86470031738281
2024-12-13,34.94660186767578,34.954959869384766,34.89699935913086,34.94660186767578
2024-12-16,34.95014953613281,34.97359848022461,34.9068603515625,34.95014953613281
2024-12-17,34.956600189208984,34.992008209228516,34.91791915893555,34.956600189208984
2024-12-18,35.009300231933594,35.019569396972656,34.99140167236328,35.009300231933594
2024-12-19,35.04899978637695,35.123748779296875,35.01620101928711,35.04899978637695
2024-12-20,35.1396484375,35.195980072021484,35.12950897216797,35.1396484375
2024-12-23,35.13113021850586,35.21910095214844,35.13317108154297,35.13113021850586
2024-12-24,35.23160171508789,35.25682830810547,35.103050231933594,35.23160171508789
2024-12-25,34.883888244628906,35.26490020751953,34.883888244628906,34.883888244628906
2024-12-26,35.11949157714844,35.289100646972656,35.098838806152344,35.11949157714844
2024-12-27,35.23429870605469,35.288761138916016,35.176300048828125,35.23429870605469
2024-12-30,35.1602897644043,35.344451904296875,35.147640228271484,35.1602897644043
2024-12-31,35.30524826049805,35.36894989013672,35.26475143432617,35.30524826049805
2025-01-02,35.374000549316406,35.3791389465332,35.2328987121582,35.374000549316406
2025-01-03,35.3922004699707,35.39979934692383,35.321800231933594,35.3922004699707
2025-01-06,35.28929901123047,35.36928176879883,35.27463150024414,35.28929901123047
2025-01-07,35.34479904174805,35.35744857788086,35.29520034790039,35.34479904174805
2025-01-08,35.32183074951172,35.393699645996094,35.31863021850586,35.32183074951172
2025-01-09,35.34980010986328,35.3656005859375,35.311100006103516,35.34980010986328
2025-01-10,35.38059997558594,35.44506072998047,35.34590148925781,35.38059997558594
2025-01-13,35.39105987548828,35.500221252441406,35.36000061035156,35.39105987548828
2025-01-14,35.48419952392578,35.499698638916016,35.46059036254883,35.48419952392578
2025-01-15,35.469398498535156,35.5098991394043,35.44660186767578,35.469398498535156
2025-01-16,35.472900390625,35.4818000793457,35.41780090332031,35.472900390625
2025-01-17,35.54610061645508,35.56932830810547,35.517311096191406,35.54610061645508
2025-01-20,35.547271728515625,35.60047912597656,35.542999267578125,35.547271728515625
2025-01-21,35.580101013183594,35.62990188598633,35.550880432128906,35.580101013183594
2025-01-22,35.6348991394043,35.65851974487305,35.61402893066406,35.6348991394043
2025-01-23,35.64469909667969,35.6609992980957,35.62179946899414,35.64469909667969
2025-01-24,35.67430114746094,35.7041015625,35.6442985534668,35.67430114746094
2025-01-27,35.59360122680664,35.73973846435547,35.58341979980469,35.59360122680664
2025-01-28,35.75226974487305,35.76567840576172,35.74209976196289,35.75226974487305
2025-01-29,35.702980041503906,35.79003143310547,35.70294189453125,35.702980041503906
2025-01-30,35.79267120361328,35.81669998168945,35.75640106201172,35.79267120361328
2025-01-31,35.853031158447266,35.86439895629883,35.82706069946289,35.853031158447266
2025-02-03,35.87181854248047,35.999820709228516,35.86347961425781,35.87181854248047
2025-02-04,35.9734001159668,36.02560043334961,35.911399841308594,35.9734001159668
2025-02-05,35.96950149536133,35.970001220703125,35.89350128173828,35.96950149536133
2025-02-06,35.910301208496094,35.92723846435547,35.85710144042969,35.910301208496094
2025-02-07,35.95558166503906,35.9995002746582,35.93519973754883,35.95558166503906
2025-02-10,35.89970016479492,36.035499572753906,35.88180160522461,35.89970016479492
2025-02-11,35.99263000488281,36.059898376464844,35.986000061035156,35.99263000488281
2025-02-12,35.99468994140625,36.11418151855469,35.94049835205078,35.99468994140625
2025-02-13,36.11600112915039,36.12805938720703,36.081600189208984,36.11600112915039
2025-02-14,36.1963005065918,36.22208023071289,36.17824172973633,36.1963005065918
2025-02-17,36.20355987548828,36.243099212646484,36.04357147216797,36.20355987548828
2025-02-18,36.233280181884766,36.274818420410156,36.22550964355469,36.233280181884766
2025-02-19,36.29280090332031,36.306949615478516,36.277679443359375,36.29280090332031
2025-02-20,36.30720138549805,36.32490158081055,36.279998779296875,36.30720138549805
2025-02-21,36.3856315612793,36.52920150756836,36.36249923706055,36.3856315612793
2025-02-24,36.446998596191406,36.45479965209961,36.39841079711914,36.446998596191406
2025-02-25,36.454341888427734,36.46664047241211,36.438899993896484,36.454341888427734
2025-02-26,36.461299896240234,36.4651985168457,36.41279983520508,36.461299896240234
2025-02-27,36.45940017700195,36.459800720214844,36.40449905395508,36.45940017700195
2025-02-28,36.517799377441406,36.53105926513672,36.48429870605469,36.517799377441406
2025-03-03,36.50695037841797,36.525699615478516,36.41379928588867,36.50695037841797
2025-03-04,36.43709945678711,36.48786163330078,36.38125991821289,36.43709945678711
2025-03-05,36.432498931884766,36.46110153198242,36.39099884033203,36.432498931884766
2025-03-06,36.4114990234375,36.47650146484375,36.35588836669922,36.4114990234375
2025-03-07,36.487701416015625,36.50579833984375,36.40428161621094,36.487701416015625
2025-03-10,36.48583984375,36.55337905883789,36.47370147705078,36.48583984375
2025-03-11,36.571380615234375,36.5890998840332,36.55509948730469,36.571380615234375
2025-03-12,36.59619903564453,36.6155891418457,36.574180603027344,36.59619903564453
2025-03-13,36.59230041503906,36.61371994018555,36.5682487487793,36.59230041503906
2025-03-14,36.67959976196289,36.688011169433594,36.622100830078125,36.67959976196289
2025-03-17,36.6391716003418,36.68804931640625,36.600929260253906,36.6391716003418
2025-03-18,36.63199996948242,36.698299407958984,36.630760192871094,36.63199996948242
2025-03-19,36.69559860229492,40.86249923706055,36.54283905029297,36.69559860229492
2025-03-20,37.99319839477539,38.00345993041992,37.295448303222656,37.99319839477539
2025-03-21,37.94593811035156,38.03860092163086,37.52164077758789,37.94593811035156
2025-03-24,37.976688385009766,38.02640151977539,37.66936111450195,37.976688385009766
2025-03-25,37.848541259765625,38.002601623535156,37.788360595703125,37.848541259765625
2025-03-26,37.98720169067383,38.13560104370117,37.855918884277344,37.98720169067383
2025-03-27,38.022098541259766,38.062198638916016,37.957828521728516,38.022098541259766
2025-03-28,38.003299713134766,38.067501068115234,37.92770004272461,38.003299713134766
2025-03-31,37.975101470947266,37.97669982910156,37.772499084472656,37.975101470947266
2025-04-01,37.898590087890625,37.97480010986328,37.692710876464844,37.898590087890625
2025-04-02,37.96049880981445,37.98270034790039,37.805118560791016,37.96049880981445
2025-04-03,37.944618225097656,37.96620178222656,37.842750549316406,37.944618225097656
2025-04-04,38.005699157714844,38.01139831542969,37.834869384765625,38.005699157714844
2025-04-07,38.00090026855469,38.01124954223633,37.78723907470703,38.00090026855469
2025-04-08,38.004798889160156,38.00975036621094,37.97549819946289,38.004798889160156
2025-04-09,38.007999420166016,38.30820083618164,37.687400817871094,38.007999420166016
2025-04-10,37.96289825439453,38.00492858886719,37.89739990234375,37.96289825439453
2025-04-11,38.03559875488281,38.12110137939453,37.995849609375,38.03559875488281
2025-04-14,37.98509979248047,38.063209533691406,37.85499954223633,37.98509979248047
2025-04-15,38.03839874267578,38.099491119384766,37.986610412597656,38.03839874267578
2025-04-16,38.17060089111328,38.325401306152344,38.063350677490234,38.17060089111328
2025-04-17,38.14339828491211,38.15692901611328,38.03615951538086,38.14339828491211
2025-04-22,38.235801696777344,38.2601318359375,38.042999267578125,38.235801696777344
2025-04-23,38.280399322509766,38.290340423583984,38.2401008605957,38.280399322509766
2025-04-24,38.285621643066406,38.3297004699707,38.20766830444336,38.285621643066406
2025-04-25,38.415000915527344,38.75040054321289,38.36940002441406,38.415000915527344
2025-04-28,38.42399978637695,38.451751708984375,38.35697937011719,38.42399978637695
2025-04-29,38.44160079956055,38.458099365234375,38.33921813964844,38.44160079956055
2025-04-30,38.4994010925293,38.50144958496094,38.43199920654297,38.4994010925293
2025-05-01,38.5017204284668,38.52470016479492,38.42356872558594,38.5017204284668
2025-05-02,38.55839920043945,38.5718994140625,38.500701904296875,38.55839920043945
2025-05-05,38.57176971435547,38.594600677490234,38.47999954223633,38.57176971435547
2025-05-06,38.61050033569336,38.61840057373047,38.47438049316406,38.61050033569336
2025-05-07,38.63290023803711,38.644840240478516,38.616600036621094,38.63290023803711
2025-05-08,38.644100189208984,38.65919876098633,37.39017868041992,38.644100189208984
2025-05-09,38.7244987487793,38.7495002746582,38.660621643066406,38.7244987487793
2025-05-12,38.74020004272461,38.772369384765625,38.707401275634766,38.74020004272461
2025-05-13,38.78990173339844,38.80690002441406,38.742000579833984,38.78990173339844
2025-05-14,38.758480072021484,38.80609893798828,38.7222900390625,38.758480072021484
2025-05-15,38.7677001953125,38.784000396728516,38.66450119018555,38.7677001953125
2025-05-16,38.83620071411133,38.85770034790039,38.7493782043457,38.83620071411133
2025-05-19,38.856300354003906,38.86119842529297,38.768798828125,38.856300354003906
2025-05-20,38.846099853515625,38.868011474609375,38.766170501708984,38.846099853515625
2025-05-21,38.83530044555664,38.887298583984375,38.76585006713867,38.83530044555664
2025-05-22,38.830101013183594,38.929100036621094,38.77299118041992,38.830101013183594
2025-05-23,39.033329010009766,39.047698974609375,38.995948791503906,39.033329010009766
2025-05-26,39.00040054321289,39.021629333496094,38.85150146484375,39.00040054321289
2025-05-27,38.993900299072266,39.05500030517578,38.90950012207031,38.993900299072266
2025-05-28,39.05950164794922,39.13330078125,39.0005989074707,39.05950164794922
2025-05-29,39.09429168701172,39.13029861450195,39.07609939575195,39.09429168701172
2025-05-30,39.20848846435547,39.2843017578125,39.18880081176758,39.20848846435547
2025-06-02,39.254398345947266,39.25883102416992,39.080039978027344,39.254398345947266
2025-06-03,39.145301818847656,39.21870040893555,38.940250396728516,39.145301818847656
2025-06-04,39.14459991455078,39.16640090942383,39.096900939941406,39.14459991455078
2025-06-05,39.264400482177734,39.34648895263672,39.23374938964844,39.264400482177734
2025-06-06,39.282501220703125,39.295501708984375,39.196109771728516,39.282501220703125
2025-06-09,39.24409866333008,39.256900787353516,38.99082946777344,39.24409866333008
2025-06-10,39.29912185668945,39.322200775146484,39.18838119506836,39.29912185668945
2025-06-11,39.19559860229492,39.20069885253906,39.11772918701172,39.19559860229492
2025-06-12,39.129539489746094,39.35538101196289,39.12474822998047,39.129539489746094
2025-06-13,39.395599365234375,39.51969909667969,39.335628509521484,39.395599365234375
2025-06-16,39.36800003051758,39.472999572753906,39.205421447753906,39.36800003051758
2025-06-17,39.38759994506836,39.47639846801758,39.32107925415039,39.38759994506836
2025-06-18,39.52090072631836,39.53907012939453,39.48720169067383,39.52090072631836
2025-06-19,39.53409957885742,39.56850051879883,39.4900016784668,39.53409957885742
2025-06-20,39.663700103759766,39.68339920043945,39.56822967529297,39.663700103759766
2025-06-23,39.72050094604492,39.729801177978516,39.66830062866211,39.72050094604492
2025-06-24,39.67070007324219,39.675498962402344,39.55284881591797,39.67070007324219
2025-06-25,39.6245002746582,39.74922180175781,39.525550842285156,39.6245002746582
2025-06-26,39.75859832763672,39.78009033203125,39.731868743896484,39.75859832763672
2025-06-27,39.85430145263672,39.884498596191406,39.747100830078125,39.85430145263672
2025-06-30,39.89059829711914,39.907108306884766,39.732200622558594,39.89059829711914
2025-07-01,39.82659912109375,39.88100051879883,39.796138763427734,39.82659912109375
2025-07-02,39.83879852294922,39.861698150634766,39.758399963378906,39.83879852294922
2025-07-03,39.904701232910156,39.91590118408203,39.7849006652832,39.904701232910156
2025-07-04,39.82059860229492,39.86709976196289,39.77750015258789,39.82059860229492
2025-07-07,39.95100021362305,39.99861145019531,39.827999114990234,39.95100021362305
2025-07-08,40.00320053100586,40.02376174926758,39.94538116455078,40.00320053100586
2025-07-09,40.02954864501953,40.04949951171875,40.019798278808594,40.02954864501953
2025-07-10,40.04629898071289,40.07289123535156,39.976951599121094,40.04629898071289
2025-07-11,40.15909957885742,40.17509841918945,40.07749938964844,40.15909957885742
2025-07-14,40.19459915161133,40.23400115966797,40.13201141357422,40.19459915161133
2025-07-15,40.226898193359375,40.2333984375,40.12348175048828,40.226898193359375
2025-07-16,40.25429916381836,40.26300048828125,40.222599029541016,40.25429916381836
2025-07-17,40.240699768066406,40.28546905517578,40.02894973754883,40.240699768066406
2025-07-18,40.33599853515625,40.380218505859375,40.24784851074219,40.33599853515625
2025-07-21,40.394500732421875,40.42409896850586,40.012168884277344,40.394500732421875
2025-07-22,40.40439987182617,40.425540924072266,40.363258361816406,40.40439987182617
2025-07-23,40.433998107910156,40.45669937133789,40.395938873291016,40.433998107910156
2025-07-24,40.45109939575195,40.47932052612305,40.361488342285156,40.45109939575195
2025-07-25,40.5359992980957,40.55485153198242,40.491390228271484,40.5359992980957
2025-07-28,40.54029846191406,40.56317138671875,40.485801696777344,40.54029846191406
2025-07-29,40.56169891357422,40.574188232421875,40.528099060058594,40.56169891357422
2025-07-30,40.571998596191406,40.58393096923828,40.54938888549805,40.571998596191406
2025-07-31,40.58700180053711,40.59458923339844,40.557621002197266,40.58700180053711
2025-08-01,40.66279983520508,40.66891860961914,40.61629867553711,40.66279983520508
2025-08-04,40.677799224853516,40.68080139160156,40.65129852294922,40.677799224853516
2025-08-05,40.67490005493164,40.686798095703125,40.50749969482422,40.67490005493164
2025-08-06,40.66899871826172,40.690338134765625,40.63019943237305,40.66899871826172
2025-08-07,40.659400939941406,40.680999755859375,40.59379959106445,40.659400939941406
2025-08-08,40.656009674072266,40.74259948730469,40.586368560791016,40.656009674072266
2025-08-11,40.74729919433594,40.777000427246094,40.68000030517578,40.74729919433594
2025-08-12,40.708499908447266,40.73955154418945,40.679500579833984,40.708499908447266
2025-08-13,40.755001068115234,40.77080154418945,40.67839050292969,40.755001068115234
2025-08-14,40.781898498535156,40.794639587402344,40.73823928833008,40.781898498535156
2025-08-15,40.846900939941406,40.89817810058594,40.79351043701172,40.846900939941406
2025-08-18,40.89889907836914,40.90019989013672,40.85850143432617,40.89889907836914
2025-08-19,40.88309860229492,40.90576934814453,40.841758728027344,40.88309860229492
2025-08-20,40.86960983276367,40.92934036254883,40.86391830444336,40.86960983276367
2025-08-21,40.911800384521484,40.93949890136719,40.907798767089844,40.911800384521484
2025-08-22,41.007598876953125,41.014381408691406,40.95819854736328,41.007598876953125
2025-08-25,40.96030044555664,41.17300033569336,40.90412902832031,40.96030044555664
2025-08-26,41.003501892089844,41.03459167480469,40.96826171875,41.003501892089844
2025-08-27,41.037498474121094,41.04460144042969,41.018001556396484,41.037498474121094
2025-08-28,41.05189895629883,41.05324172973633,41.022701263427734,41.05189895629883
2025-08-29,41.140499114990234,41.14997863769531,41.08789825439453,41.140499114990234
2025-09-01,41.142398834228516,41.146400451660156,41.090301513671875,41.142398834228516
2025-09-02,41.14289855957031,41.166099548339844,41.119598388671875,41.14289855957031
2025-09-03,41.16619873046875,41.1684684753418,41.14339828491211,41.16619873046875
2025-09-04,41.158599853515625,41.17626190185547,41.13990020751953,41.158599853515625
2025-09-05,41.247501373291016,41.25431823730469,41.210601806640625,41.247501373291016
2025-09-08,41.25559997558594,41.26523971557617,41.227298736572266,41.25559997558594
2025-09-09,41.261390686035156,41.277400970458984,41.24879837036133,41.261390686035156
2025-09-10,41.257301330566406,41.285118103027344,41.257198333740234,41.257301330566406
2025-09-11,41.27539825439453,41.29446029663086,41.255470275878906,41.27539825439453
2025-09-12,41.34280014038086,41.374298095703125,41.30270004272461,41.34280014038086
2025-09-15,41.27825927734375,41.37773132324219,41.26797103881836,41.27825927734375
2025-09-16,41.307701110839844,41.3284912109375,41.265899658203125,41.307701110839844
2025-09-17,41.30730056762695,41.310298919677734,41.260860443115234,41.30730056762695
2025-09-18,41.30110168457031,41.341590881347656,41.278419494628906,41.30110168457031
2025-09-19,41.39720153808594,41.400630950927734,41.349388122558594,41.39720153808594
2025-09-22,41.407901763916016,41.409000396728516,41.34830093383789,41.407901763916016
2025-09-23,41.39189910888672,41.450931549072266,41.3296012878418,41.39189910888672
2025-09-24,41.418701171875,41.46488952636719,41.37928009033203,41.418701171875
2025-09-25,41.469600677490234,41.47871017456055,41.44990158081055,41.469600677490234
2025-09-26,41.56399917602539,41.56993103027344,41.507598876953125,41.56399917602539
2025-09-29,41.56108856201172,41.62699890136719,41.358001708984375,41.56108856201172
2025-09-30,41.57659912109375,41.58626937866211,41.56060028076172,41.57659912109375
2025-10-01,41.582698822021484,41.59476089477539,41.56570053100586,41.582698822021484
2025-10-02,41.59410095214844,41.617698669433594,41.57255172729492,41.59410095214844
2025-10-03,41.64179992675781,41.684391021728516,41.63331985473633,41.64179992675781
2025-10-06,41.68830108642578,41.695159912109375,41.41550064086914,41.68830108642578
2025-10-07,41.703800201416016,41.70391845703125,41.679100036621094,41.703800201416016
2025-10-08,41.71736145019531,41.714561462402344,41.6885986328125,41.71736145019531
2025-10-09,41.73080062866211,41.72850036621094,41.698299407958984,41.73080062866211
2025-10-10,41.822471618652344,41.82524108886719,41.80820083618164,41.822471618652344
2025-10-13,41.8129997253418,41.821380615234375,41.712501525878906,41.8129997253418
2025-10-14,41.81230163574219,41.832820892333984,41.777488708496094,41.81230163574219
2025-10-15,41.81919860839844,41.8431282043457,41.8120002746582,41.81919860839844
2025-10-16,41.851200103759766,41.85445022583008,41.820701599121094,41.851200103759766
2025-10-17,41.89630126953125,41.95061111450195,41.83427047729492,41.89630126953125
2025-10-20,41.93040084838867,41.95840072631836,41.90679931640625,41.93040084838867
2025-10-21,41.92890167236328,41.96744155883789,41.851768493652344,41.92890167236328
2025-10-22,41.96820068359375,41.976478576660156,41.94990158081055,41.96820068359375
2025-10-23,41.97639846801758,41.98543930053711,41.952640533447266,41.97639846801758
2025-10-24,42.03110122680664,42.0619010925293,41.90129852294922,42.03110122680664
2025-10-27,41.99216079711914,42.01359939575195,41.89690017700195,41.99216079711914
2025-10-28,41.95940017700195,41.966041564941406,41.91339874267578,41.95940017700195
2025-10-29,41.94852066040039,41.961849212646484,41.93064880371094,41.94852066040039
2025-10-30,41.89762878417969,42.005001068115234,41.8974494934082,41.89762878417969
2025-10-31,42.026798248291016,42.07651901245117,41.942020416259766,42.026798248291016
2025-11-03,42.03961944580078,42.07722091674805,42.02289962768555,42.03961944580078
2025-11-04,42.06949996948242,42.09746170043945,42.04658126831055,42.06949996948242
2025-11-05,42.071998596191406,42.11872863769531,42.071998596191406,42.071998596191406
2025-11-06,42.11119842529297,42.14289855957031,42.05099868774414,42.11119842529297
2025-11-07,42.16474151611328,42.21437072753906,42.1519889831543,42.16474151611328
2025-11-10,42.230289459228516,42.23543167114258,42.182701110839844,42.23031997680664
2025-11-11,42.23360061645508,42.23442077636719,42.212100982666016,42.234100341796875
2025-11-12,42.2269401550293,42.24394989013672,42.222999572753906,42.23789978027344
2025-11-13,42.24850082397461,42.25455093383789,42.227901458740234,42.2484016418457
2025-11-14,42.285099029541016,42.3306999206543,42.185890197753906,42.28519821166992
2025-11-17,42.31727981567383,42.33599853515625,42.16849899291992,42.31201171875
2025-11-18,42.319801330566406,42.34463119506836,42.28517150878906,42.318599700927734
2025-11-19,42.32600021362305,42.35824966430664,42.2889289855957,42.326900482177734
2025-11-20,42.34299850463867,42.370330810546875,42.306819915771484,42.342899322509766
2025-11-21,42.4375,42.44514846801758,42.37739944458008,42.43870162963867
2025-11-24,42.42441940307617,42.452571868896484,42.40719985961914,42.395748138427734
2025-11-25,42.445499420166016,42.45563888549805,42.41019821166992,42.442501068115234
2025-11-26,42.46229934692383,42.4709587097168,42.416099548339844,42.46220016479492
2025-11-27,42.42430114746094,42.4522590637207,42.41360092163086,42.44240188598633
2025-11-28,42.48680114746094,42.532798767089844,42.40208053588867,42.48509979248047
2025-12-01,42.49589920043945,42.52579879760742,42.425498962402344,42.46950149536133
2025-12-02,42.444801330566406,42.472999572753906,42.40530014038086,42.41801071166992
2025-12-03,42.47480010986328,42.476898193359375,42.42570114135742,42.45227813720703
2025-12-04,42.446998596191406,42.470970153808594,42.42036819458008,42.446998596191406
2025-12-05,42.502601623535156,42.53990173339844,42.37746047973633,42.500099182128906
2025-12-08,42.51958084106445,42.57609176635742,42.512550354003906,42.51499938964844
2025-12-09,42.476070404052734,42.59450149536133,42.466670989990234,42.55390167236328
2025-12-10,42.549198150634766,42.60776901245117,42.51409912109375,42.549400329589844
2025-12-11,42.59489822387695,42.61817169189453,42.58829879760742,42.61159896850586
2025-12-12,42.6338005065918,42.6959114074707,42.59083938598633,42.63240051269531
2025-12-15,42.68626022338867,42.70322036743164,42.68320083618164,42.68220138549805
2025-12-16,42.694000244140625,42.71424102783203,42.688499450683594,42.69390106201172
2025-12-17,42.70819854736328,42.72650146484375,42.67552185058594,42.70759963989258
2025-12-18,42.72959899902344,42.73479080200195,42.709598541259766,42.72959899902344
2025-12-19,42.80390167236328,42.809600830078125,42.749298095703125,42.785301208496094
2025-12-22,42.81079864501953,42.81842041015625,42.76459884643555,42.806880950927734
2025-12-23,42.79792022705078,42.83005905151367,42.78908920288086,42.815799713134766
2025-12-24,42.8489990234375,42.88240051269531,42.813899993896484,42.847999572753906
2025-12-26,42.85770034790039,42.924781799316406,42.75502014160156,42.85449981689453
2025-12-29,42.917049407958984,42.9345703125,42.870201110839844,42.90407943725586
2025-12-30,42.91596984863281,42.95750045776367,42.91352081298828,42.935699462890625
2025-12-31,42.962799072265625,42.98040008544922,42.84489059448242,42.95198059082031
2026-01-02,42.91032028198242,43.03873062133789,42.91032028198242,42.99399948120117
2026-01-05,43.0192985534668,43.04536056518555,43.017879486083984,43.01118850708008
2026-01-06,43.04399871826172,43.05580139160156,43.019901275634766,43.03919982910156
2026-01-07,43.01525115966797,43.060001373291016,43.00931167602539,43.04059982299805
2026-01-08,43.018531799316406,43.058929443359375,43.018531799316406,43.036598205566406
2026-01-09,43.12929916381836,43.153900146484375,43.092899322509766,43.12889862060547
2026-01-12,43.10615158081055,43.14619064331055,43.09149932861328,43.10540008544922
2026-01-13,43.14229965209961,43.16543960571289,43.124000549316406,43.14179992675781
2026-01-14,43.15420150756836,43.18429183959961,43.11069869995117,43.152400970458984
2026-01-15,43.16999816894531,43.19404983520508,43.129310607910156,43.16960144042969
2026-01-16,43.272499084472656,43.279598236083984,43.1963996887207,43.27220153808594
2026-01-19,43.270721435546875,43.27463912963867,43.24726104736328,43.26826858520508
2026-01-20,43.27539825439453,43.288551330566406,43.25297927856445,43.276100158691406
2026-01-21,43.2943000793457,43.30619812011719,43.27299880981445,43.289398193359375
2026-01-22,43.28744888305664,43.307029724121094,43.24026870727539,43.295799255371094
2026-01-23,43.339900970458984,43.37480163574219,43.28779983520508,43.339900970458984
2026-01-26,43.38898849487305,43.391849517822266,43.35139846801758,43.38639831542969
2026-01-27,43.382301330566406,43.40510177612305,43.3720703125,43.38180160522461
2026-01-28,43.411800384521484,43.43130111694336,43.382999420166016,43.41460037231445
2026-01-29,43.40729904174805,43.42591094970703,43.4033203125,43.40729904174805
2026-01-30,43.455101013183594,43.50048065185547,43.38594055175781,43.455101013183594
2026-02-02,43.484439849853516,43.506988525390625,43.39794158935547,43.48197937011719
2026-02-03,43.47549819946289,43.4994010925293,43.4286994934082,43.47489929199219
2026-02-04,43.47941970825195,43.5118408203125,43.475101470947266,43.49100112915039
2026-02-05,43.52439880371094,43.53932189941406,43.512428283691406,43.519500732421875
2026-02-06,43.609500885009766,43.615699768066406,43.56669998168945,43.60929870605469
2026-02-09,43.45608901977539,43.6171989440918,42.66176986694336,43.46875
2026-02-10,43.528751373291016,43.63404846191406,43.528751373291016,43.58409881591797
2026-02-11,43.6265983581543,43.644630432128906,43.617610931396484,43.627498626708984
2026-02-12,43.63710021972656,43.65119934082031,43.620140075683594,43.63610076904297
2026-02-13,43.72809982299805,43.73979187011719,43.695499420166016,43.72809982299805
2026-02-16,43.69063186645508,43.72800064086914,43.66939926147461,43.69063186645508
2026-02-17,43.72010040283203,43.73286819458008,43.69075012207031,43.722801208496094
2026-02-18,43.734901428222656,43.75944900512695,43.72673034667969,43.734500885009766
2026-02-19,43.76300048828125,43.77003860473633,43.75410079956055,43.763999938964844
2026-02-20,43.839298248291016,43.845008850097656,43.80910110473633,43.83829879760742
2026-02-23,43.804969787597656,43.844139099121094,43.804969787597656,43.80820083618164
2026-02-24,43.84659957885742,43.86037063598633,43.83245849609375,43.84659957885742
2026-02-25,43.85380172729492,43.87406921386719,43.83000183105469,43.854801177978516
2026-02-26,43.86650085449219,43.88460922241211,43.864200592041016,43.8650016784668
2026-02-27,43.95589828491211,43.959808349609375,43.92490005493164,43.95539855957031
2026-03-02,43.953861236572266,43.969730377197266,43.93429946899414,43.9486083984375
2026-03-03,43.95125961303711,43.97969055175781,43.86050033569336,43.96500015258789
2026-03-04,43.96289825439453,43.98902130126953,43.8944206237793,43.948001861572266
2026-03-05,43.97420120239258,43.99972152709961,43.96717834472656,43.93980026245117
2026-03-06,44.02560043334961,44.076820373535156,43.95151901245117,44.03340148925781
2026-03-09,44.083091735839844,44.0844612121582,44.06230163574219,44.083091735839844
2026-03-10,44.079898834228516,44.0837516784668,44.02647018432617,44.07979965209961
2026-03-11,44.08742904663086,44.09682083129883,44.04909896850586,44.088401794433594
2026-03-12,44.097599029541016,44.11471939086914,44.08287048339844,44.0984001159668
2026-03-13,44.185298919677734,44.200401306152344,44.17620086669922,44.18539810180664
2026-03-16,44.17412185668945,44.1973991394043,44.128658294677734,44.17097091674805
2026-03-17,44.17210006713867,44.20835876464844,44.16999816894531,44.18349838256836
2026-03-18,44.21310043334961,44.21984100341797,44.188438415527344,44.21540069580078
2026-03-19,44.31439971923828,44.32164001464844,44.302459716796875,44.319000244140625
2026-03-20,44.303199768066406,44.3189811706543,44.256500244140625,44.3036994934082
2026-03-23,44.30208969116211,44.332088470458984,44.28620147705078,44.29280090332031
2026-03-24,44.33869934082031,44.37310028076172,44.33039855957031,44.338600158691406
2026-03-25,44.34130096435547,44.365501403808594,44.32067108154297,44.339298248291016
2026-03-26,44.35459899902344,44.37269973754883,44.343929290771484,44.35459899902344
2026-03-27,44.45669937133789,44.46004104614258,44.421600341796875,44.45555114746094
2026-03-30,44.44540023803711,44.46974182128906,44.3863410949707,44.4452018737793
2026-03-31,44.47420120239258,44.479671478271484,44.44770050048828,44.473899841308594
2026-04-01,44.45500183105469,44.48781967163086,44.441558837890625,44.454898834228516
2026-04-02,44.48630142211914,44.499759674072266,44.449440002441406,44.48640060424805
2026-04-03,44.5531005859375,44.60279846191406,44.47692108154297,44.55580139160156
2026-04-06,44.58259963989258,44.59934997558594,44.36888885498047,44.58409881591797
2026-04-07,44.605201721191406,44.61214828491211,44.58980178833008,44.605098724365234
2026-04-08,44.56779861450195,44.6260986328125,44.39384841918945,44.567901611328125
2026-04-09,44.48649978637695,44.596370697021484,44.40422821044922,44.48469924926758
2026-04-10,44.548728942871094,44.68714904785156,44.548728942871094,44.638099670410156
2026-04-13,44.69940185546875,44.72336959838867,44.65494918823242,44.69960021972656
2026-04-14,44.70280075073242,44.73453903198242,44.660499572753906,44.702999114990234
2026-04-15,44.73149871826172,44.753761291503906,44.72467041015625,44.7317008972168
2026-04-16,44.73014831542969,44.791099548339844,44.73014831542969,44.72779846191406
2026-04-17,44.84859848022461,44.88240051269531,44.81019973754883,44.8484992980957
2026-04-20,44.85430145263672,44.89120101928711,44.80622100830078,44.85419845581055
2026-04-21,44.88880157470703,44.9098014831543,44.875389099121094,44.885501861572266
2026-04-22,44.91910171508789,44.92462921142578,44.89524841308594,44.9192008972168
2026-04-23,44.92060089111328,44.92523956298828,44.90441131591797,44.920101165771484
2026-04-24,44.975799560546875,45.02473831176758,44.878868103027344,44.975799560546875
2026-04-27,45.01259994506836,45.03676986694336,44.934329986572266,45.01279830932617
2026-04-28,45.02989959716797,45.05474853515625,45.00960159301758,45.02980041503906
2026-04-29,45.06114959716797,45.11750030517578,45.054100036621094,45.060691833496094
2026-04-30,45.17060089111328,45.19889831542969,45.1348991394043,45.16600036621094
2026-05-01,45.14039993286133,45.183021545410156,45.09225082397461,45.14099884033203
2026-05-04,45.184600830078125,45.20185852050781,45.16960144042969,45.185298919677734
2026-05-05,45.2130012512207,45.222198486328125,45.2015495300293,45.21440124511719
2026-05-06,45.213871002197266,45.236328125,45.191558837890625,45.22959899902344
2026-05-07,45.20417022705078,45.24713897705078,45.20336151123047,45.227901458740234
2026-05-08,45.21739959716797,45.387298583984375,45.21739959716797,45.223751068115234
2026-05-11,45.35300064086914,45.38180160522461,45.352699279785156,45.352500915527344
2026-05-12,45.38529968261719,45.39982986450195,45.37189865112305,45.38529968261719
2026-05-13,45.39979934692383,45.417240142822266,45.39979934692383,45.40019989013672
2026-05-14,45.43225860595703,45.4346809387207,45.40299987792969,45.43050003051758
2026-05-15,45.54090118408203,45.54570007324219,45.50899887084961,45.54199981689453
2026-05-18,45.491600036621094,45.57963943481445,45.491600036621094,45.49235916137695
2026-05-19,45.57529830932617,45.57789993286133,45.559898376464844,45.57270050048828
2026-05-20,45.58789825439453,45.597381591796875,45.565650939941406,45.58430099487305
2026-05-21,45.59360122680664,45.622779846191406,45.57529830932617,45.59130096435547
2026-05-22,45.73350143432617,45.76789855957031,45.69670104980469,45.71379852294922
2026-05-25,45.72710037231445,45.73125076293945,45.506038665771484,45.72740173339844
2026-05-26,45.897499084472656,45.911800384521484,45.885318756103516,45.897499084472656
2026-05-27,45.8931999206543,45.904048919677734,45.88349151611328,45.893699645996094
2026-05-28,45.89289855957031,45.901798248291016,45.8866081237793,45.892799377441406
2026-05-29,45.89189910888672,45.89567184448242,45.84220886230469,45.89179992675781
2026-06-01,45.89670181274414,45.9186897277832,45.87810134887695,45.897701263427734
2026-06-02,45.92530059814453,45.933101654052734,45.89712905883789,45.92539978027344
2026-06-03,45.94459915161133,45.95697021484375,45.89899826049805,45.945098876953125
2026-06-04,45.97269821166992,45.97639846801758,45.95029830932617,45.97380065917969
2026-06-05,46.06959915161133,46.08456039428711,46.02840042114258,46.06439971923828
2026-06-08,46.08980178833008,46.125701904296875,45.996299743652344,46.09109878540039
2026-06-09,46.10649871826172,46.1348991394043,46.070640563964844,46.10660171508789
2026-06-10,46.12139892578125,46.13737106323242,46.083839416503906,46.119998931884766
2026-06-11,46.15140151977539,46.15510940551758,46.132110595703125,46.150901794433594
2026-06-12,46.22869873046875,46.26456069946289,46.20880126953125,46.24079895019531
2026-06-15,46.26959991455078,46.281070709228516,46.246700286865234,46.26443862915039
2026-06-16,46.2859001159668,46.3036003112793,46.28150177001953,46.284400939941406
2026-06-17,46.31050109863281,46.36759948730469,46.300621032714844,46.30540084838867
2026-06-18,46.44499969482422,46.44540023803711,46.43336868286133,46.44004821777344
2026-06-19,46.43109893798828,46.45069885253906,46.40639877319336,46.419891357421875
2026-06-22,46.45249938964844,46.47019958496094,46.445499420166016,46.45209884643555
2026-06-23,46.46590042114258,46.4817008972168,46.425498962402344,46.46657180786133
2026-06-24,46.46989822387695,46.49726867675781,46.43532180786133,46.47090148925781
2026-06-25,46.5088996887207,46.516300201416016,46.49599838256836,46.50558853149414
2026-06-26,46.59130096435547,46.62482833862305,46.58002853393555,46.57929992675781
2026-06-29,46.6156005859375,46.64910125732422,46.575958251953125,46.6161994934082
2026-06-30,46.64899826049805,46.6597900390625,46.62310028076172,46.64070129394531
2026-07-01,46.65489959716797,46.67631912231445,46.62839126586914,46.654701232910156
2026-07-02,46.68040084838867,46.69485855102539,46.6776008605957,46.67720031738281
2026-07-03,46.72370147705078,46.804378509521484,46.607749938964844,46.7234992980957
2026-07-06,46.809898376464844,46.822200775146484,46.78519821166992,46.80759811401367
2026-07-07,46.82040023803711,46.83958053588867,46.813899993896484,46.81850051879883
2026-07-08,46.85102844238281,46.85960006713867,46.84040069580078,46.851898193359375
2026-07-09,46.868499755859375,46.874900817871094,46.85490036010742,46.868099212646484
2026-07-10,46.957000732421875,46.98466873168945,46.91984176635742,46.94770050048828
2026-07-13,46.991600036621094,47.00189971923828,46.97650146484375,46.986541748046875
2026-07-14,47.02119827270508,47.04280090332031,47.01060104370117,47.02259826660156
2026-07-15,47.026100158691406,47.03499984741211,47.02220153808594,47.02579879760742
2026-07-16,47.0369987487793,47.0553092956543,47.029319763183594,47.036598205566406
2026-07-17,47.10900115966797,47.164798736572266,47.08869934082031,47.10210037231445
2026-07-20,47.1614990234375,47.18217086791992,47.13331985473633,47.14113998413086
2026-07-21,47.16276931762695,47.20370101928711,47.16276931762695,47.180599212646484
2026-07-22,47.198299407958984,47.21780014038086,47.184810638427734,47.19770050048828
2026-07-23,47.21099853515625,47.24100112915039,47.17176818847656,47.212398529052734
2026-07-24,47.32659912109375,47.3449592590332,47.305301666259766,47.31679916381836
2026-07-27,47.35029983520508,47.359619140625,47.336299896240234,47.35100173950195
2026-07-28,47.35419845581055,47.379798889160156,47.35419845581055,47.354400634765625
2026-07-29,47.39509963989258,47.39754104614258,47.377899169921875,47.383399963378906
2026-07-30,47.399200439453125,47.41849899291992,47.335899353027344,47.36988830566406
2026-07-31,47.49660110473633,47.525028228759766,47.48590087890625,47.501399993896484
2026-08-03,47.53620147705078,47.543399810791016,47.519500732421875,47.53409957885742
2026-08-04,47.541900634765625,47.55961990356445,47.52989959716797,47.540000915527344
2026-08-05,47.566829681396484,47.6057014465332,47.55910110473633,47.568199157714844
2026-08-06,47.573211669921875,47.594871520996094,47.573211669921875,47.55060958862305
2026-08-07,47.66600036621094,47.70478057861328,47.6525993347168,47.6598014831543
2026-08-10,47.692501068115234,47.72026824951172,47.688899993896484,47.69150161743164
2026-08-11,47.73249816894531,47.73978042602539,47.721099853515625,47.72330093383789
2026-08-12,47.75429916381836,47.760398864746094,47.74020004272461,47.75019836425781
2026-08-13,47.74787139892578,47.77486038208008,47.74787139892578,47.757999420166016
2026-08-14,47.87464904785156,47.88473892211914,47.858299255371094,47.87969970703125
2026-08-17,47.86750030517578,47.9022102355957,47.86750030517578,47.857398986816406
2026-08-18,47.9025993347168,47.920249938964844,47.88262176513672,47.90330123901367
2026-08-19,47.920501708984375,47.93629837036133,47.8745002746582,47.93080139160156
