tarih,aofm,tlref
2018-01-02,12.75,
2018-01-03,12.75,
2018-01-04,12.75,
2018-01-05,12.75,
2018-01-08,12.75,
2018-01-09,12.75,
2018-01-10,12.75,
2018-01-11,12.75,
2018-01-12,12.75,
2018-01-15,12.75,
2018-01-16,12.75,
2018-01-17,12.75,
2018-01-18,12.75,
2018-01-19,12.75,
2018-01-22,12.75,
2018-01-23,12.75,
2018-01-24,12.75,
2018-01-25,12.75,
2018-01-26,12.75,
2018-01-29,12.75,
2018-01-30,12.75,
2018-01-31,12.75,
2018-02-01,12.75,
2018-02-02,12.75,
2018-02-05,12.75,
2018-02-06,12.75,
2018-02-07,12.75,
2018-02-08,12.75,
2018-02-09,12.75,
2018-02-12,12.75,
2018-02-13,12.75,
2018-02-14,12.75,
2018-02-15,12.75,
2018-02-16,12.75,
2018-02-19,12.75,
2018-02-20,12.75,
2018-02-21,12.75,
2018-02-22,12.75,
2018-02-23,12.75,
2018-02-26,12.75,
2018-02-27,12.75,
2018-02-28,12.75,
2018-03-01,12.75,
2018-03-02,12.75,
2018-03-05,12.75,
2018-03-06,12.75,
2018-03-07,12.75,
2018-03-08,12.75,
2018-03-09,12.75,
2018-03-12,12.75,
2018-03-13,12.75,
2018-03-14,12.75,
2018-03-15,12.75,
2018-03-16,12.75,
2018-03-19,12.75,
2018-03-20,12.75,
2018-03-21,12.75,
2018-03-22,12.75,
2018-03-23,12.75,
2018-03-26,12.75,
2018-03-27,12.75,
2018-03-28,12.75,
2018-03-29,12.75,
2018-03-30,12.75,
2018-04-02,12.75,
2018-04-03,12.75,
2018-04-04,12.75,
2018-04-05,12.75,
2018-04-06,12.75,
2018-04-09,12.75,
2018-04-10,12.75,
2018-04-11,12.75,
2018-04-12,12.75,
2018-04-13,12.75,
2018-04-16,12.75,
2018-04-17,12.75,
2018-04-18,12.75,
2018-04-19,12.75,
2018-04-20,12.75,
2018-04-24,12.75,
2018-04-25,12.75,
2018-04-26,13.5,
2018-04-27,13.5,
2018-04-30,13.5,
2018-05-02,13.5,
2018-05-03,13.5,
2018-05-04,13.5,
2018-05-07,13.5,
2018-05-08,13.5,
2018-05-09,13.5,
2018-05-10,13.5,
2018-05-11,13.5,
2018-05-14,13.5,
2018-05-15,13.5,
2018-05-16,13.5,
2018-05-17,13.5,
2018-05-18,13.5,
2018-05-21,13.5,
2018-05-22,13.5,
2018-05-23,13.5,
2018-05-24,16.5,
2018-05-25,16.5,
2018-05-28,16.5,
2018-05-29,16.5,
2018-05-30,16.5,
2018-05-31,16.5,
2018-06-01,16.5,
2018-06-04,16.5,
2018-06-05,16.5,
2018-06-06,16.5,
2018-06-07,16.5,
2018-06-08,16.7,
2018-06-11,16.9,
2018-06-12,17.23,
2018-06-13,17.64,
2018-06-14,17.75,
2018-06-18,17.77,
2018-06-19,17.75,
2018-06-20,17.75,
2018-06-21,17.76,
2018-06-22,17.75,
2018-06-25,17.75,
2018-06-26,17.75,
2018-06-27,17.75,
2018-06-28,17.78,
2018-06-29,17.77,
2018-07-02,17.75,
2018-07-03,17.75,
2018-07-04,17.75,
2018-07-05,17.75,
2018-07-06,17.75,
2018-07-09,17.75,
2018-07-10,17.75,
2018-07-11,17.75,
2018-07-12,17.76,
2018-07-13,17.75,
2018-07-16,17.75,
2018-07-17,17.75,
2018-07-18,17.75,
2018-07-19,17.75,
2018-07-20,17.75,
2018-07-23,17.75,
2018-07-24,17.75,
2018-07-25,17.75,
2018-07-26,17.75,
2018-07-27,17.75,
2018-07-30,17.75,
2018-07-31,17.75,
2018-08-01,17.75,
2018-08-02,17.75,
2018-08-03,17.75,
2018-08-06,17.75,
2018-08-07,17.75,
2018-08-08,17.75,
2018-08-09,17.75,
2018-08-10,17.86,
2018-08-13,17.77,
2018-08-14,17.91,
2018-08-15,17.92,
2018-08-16,18.14,
2018-08-17,19.25,
2018-08-20,19.25,
2018-08-27,19.25,
2018-08-28,19.25,
2018-08-29,19.25,
2018-08-31,19.25,
2018-09-03,19.25,
2018-09-04,19.25,
2018-09-05,19.25,
2018-09-06,19.25,
2018-09-07,19.25,
2018-09-10,19.25,
2018-09-11,19.25,
2018-09-12,19.25,
2018-09-13,19.25,
2018-09-14,24.0,
2018-09-17,24.0,
2018-09-18,24.0,
2018-09-19,24.0,
2018-09-20,24.0,
2018-09-21,24.06,
2018-09-24,24.05,
2018-09-25,24.05,
2018-09-26,24.05,
2018-09-27,24.08,
2018-09-28,24.01,
2018-10-01,24.03,
2018-10-02,24.0,
2018-10-03,24.0,
2018-10-04,24.0,
2018-10-05,24.0,
2018-10-08,24.02,
2018-10-09,24.0,
2018-10-10,24.0,
2018-10-11,24.0,
2018-10-12,24.0,
2018-10-15,24.01,
2018-10-16,24.0,
2018-10-17,24.0,
2018-10-18,24.0,
2018-10-19,24.0,
2018-10-22,24.0,
2018-10-23,24.0,
2018-10-24,24.0,
2018-10-25,24.0,
2018-10-26,24.02,
2018-10-30,24.0,
2018-10-31,24.0,
2018-11-01,24.0,
2018-11-02,24.0,
2018-11-05,24.0,
2018-11-06,24.0,
2018-11-07,24.0,
2018-11-08,24.0,
2018-11-09,24.0,
2018-11-12,24.0,
2018-11-13,24.0,
2018-11-14,24.0,
2018-11-15,24.0,
2018-11-16,24.0,
2018-11-19,24.0,
2018-11-20,24.0,
2018-11-21,24.0,
2018-11-22,24.0,
2018-11-23,24.0,
2018-11-26,24.0,
2018-11-27,24.0,
2018-11-28,24.0,
2018-11-29,24.0,
2018-11-30,24.0,
2018-12-03,24.0,
2018-12-04,24.0,
2018-12-05,24.0,
2018-12-06,24.0,
2018-12-07,24.02,
2018-12-10,24.0,
2018-12-11,24.0,
2018-12-12,24.0,
2018-12-13,24.0,
2018-12-14,24.0,
2018-12-17,24.0,
2018-12-18,24.0,
2018-12-19,24.0,
2018-12-20,24.0,
2018-12-21,24.0,
2018-12-24,24.03,
2018-12-25,24.02,
2018-12-26,24.0,
2018-12-27,24.0,
2018-12-28,24.0,23.8738
2018-12-31,24.06,25.1258
2019-01-02,24.0,23.0117
2019-01-03,24.0,22.9463
2019-01-04,24.0,23.357
2019-01-07,24.0,23.9456
2019-01-08,24.0,24.0069
2019-01-09,24.0,23.0986
2019-01-10,24.0,22.7183
2019-01-11,24.0,23.8305
2019-01-14,24.0,24.1467
2019-01-15,24.0,24.5377
2019-01-16,24.0,24.0456
2019-01-17,24.0,23.6874
2019-01-18,24.0,23.9681
2019-01-21,24.0,23.8993
2019-01-22,24.0,23.3388
2019-01-23,24.0,22.6843
2019-01-24,24.08,24.1067
2019-01-25,24.0,23.5292
2019-01-28,24.0,23.5737
2019-01-29,24.0,23.2172
2019-01-30,24.0,23.313
2019-01-31,24.0,23.7039
2019-02-01,24.0,23.9325
2019-02-04,24.0,23.418
2019-02-05,24.0,23.5958
2019-02-06,24.0,23.9827
2019-02-07,24.0,23.4398
2019-02-08,24.0,24.0725
2019-02-11,24.0,23.9261
2019-02-12,24.0,23.6569
2019-02-13,24.0,23.6017
2019-02-14,24.0,24.1054
2019-02-15,24.0,24.1755
2019-02-18,24.0,24.1831
2019-02-19,24.0,24.0854
2019-02-20,24.0,24.0789
2019-02-21,24.0,23.9434
2019-02-22,24.0,23.4228
2019-02-25,24.0,23.7484
2019-02-26,24.0,24.2578
2019-02-27,24.0,24.0775
2019-02-28,24.0,24.6192
2019-03-01,24.0,24.4124
2019-03-04,24.0,23.8145
2019-03-05,24.0,22.75
2019-03-06,24.0,22.75
2019-03-07,24.0,22.75
2019-03-08,24.0,22.75
2019-03-11,24.0,22.75
2019-03-12,24.0,22.7507
2019-03-13,24.0,22.75
2019-03-14,24.0,22.7501
2019-03-15,24.0,22.9512
2019-03-18,24.0,22.9505
2019-03-19,24.0,22.9514
2019-03-20,24.0,22.9512
2019-03-21,24.0,22.9529
2019-03-22,24.0,22.9537
2019-03-25,24.31,25.3608
2019-03-26,24.56,25.4721
2019-03-27,24.69,25.4931
2019-03-28,25.01,25.4963
2019-03-29,25.5,25.4979
2019-04-01,25.5,25.4983
2019-04-02,25.5,25.4985
2019-04-03,25.5,25.4983
2019-04-04,25.5,25.4982
2019-04-05,25.5,25.4981
2019-04-08,25.18,25.4268
2019-04-09,24.9,25.4197
2019-04-10,24.6,25.4577
2019-04-11,24.06,24.6804
2019-04-12,24.1,23.1851
2019-04-15,24.36,23.0459
2019-04-16,24.03,23.4173
2019-04-17,24.08,23.6912
2019-04-18,24.09,24.5615
2019-04-19,24.0,24.5
2019-04-22,24.02,24.2745
2019-04-24,24.02,24.5794
2019-04-25,24.0,24.8088
2019-04-26,24.0,24.8559
2019-04-29,24.0,24.9579
2019-04-30,24.0,24.3954
2019-05-02,24.0,24.4607
2019-05-03,24.0,24.3729
2019-05-06,24.0,24.4364
2019-05-07,24.0,24.8727
2019-05-08,24.0,24.8974
2019-05-09,24.11,25.4183
2019-05-10,24.18,25.4652
2019-05-13,24.71,25.4863
2019-05-14,24.95,25.4948
2019-05-15,25.07,25.4957
2019-05-16,25.5,25.4978
2019-05-17,25.5,25.4982
2019-05-20,25.5,25.4983
2019-05-21,25.19,25.4964
2019-05-22,24.84,25.4951
2019-05-23,24.55,25.4928
2019-05-24,24.35,25.4903
2019-05-27,24.01,25.218
2019-05-28,24.0,24.4939
2019-05-29,24.02,24.5278
2019-05-30,24.07,24.5
2019-05-31,24.13,25.4399
2019-06-03,24.0,25.3323
2019-06-07,24.0,24.9915
2019-06-10,24.03,24.5
2019-06-11,24.0,24.4796
2019-06-12,24.0,24.0
2019-06-13,24.13,24.2977
2019-06-14,24.0,24.6856
2019-06-17,24.0,24.8246
2019-06-18,23.8,24.5233
2019-06-19,23.78,24.5983
2019-06-20,23.81,24.5
2019-06-21,23.8,24.6765
2019-06-24,23.81,24.5408
2019-06-25,23.83,24.5325
2019-06-26,23.85,24.1632
2019-06-27,23.89,23.0
2019-06-28,23.86,23.9949
2019-07-01,23.84,24.5
2019-07-02,23.86,24.0227
2019-07-03,23.88,23.4531
2019-07-04,23.89,23.0025
2019-07-05,23.87,23.0387
2019-07-08,23.86,23.0554
2019-07-09,23.87,23.5468
2019-07-10,23.88,23.4816
2019-07-11,23.9,23.013
2019-07-12,23.89,23.0002
2019-07-16,23.88,23.0005
2019-07-17,23.86,23.1712
2019-07-18,23.89,23.1213
2019-07-19,23.89,23.2249
2019-07-22,23.89,23.0
2019-07-23,23.89,23.0
2019-07-24,23.88,23.0
2019-07-25,23.92,23.0
2019-07-26,21.4,19.4659
2019-07-29,20.87,19.1553
2019-07-30,20.2,18.7131
2019-07-31,19.66,18.9854
2019-08-01,19.64,18.8935
2019-08-02,19.63,19.0925
2019-08-05,19.64,19.2318
2019-08-06,19.65,19.25
2019-08-07,19.63,19.1664
2019-08-08,19.62,19.2501
2019-08-09,19.64,19.1886
2019-08-15,19.59,19.1628
2019-08-16,19.59,19.1955
2019-08-19,19.47,19.2022
2019-08-20,19.57,19.2415
2019-08-21,19.59,19.0074
2019-08-22,19.62,18.9861
2019-08-23,19.65,18.9776
2019-08-26,19.63,18.8518
2019-08-27,19.58,18.9189
2019-08-28,19.54,19.2709
2019-08-29,19.61,19.2545
2019-09-02,19.64,18.8943
2019-09-03,19.58,19.0362
2019-09-04,19.58,18.8869
2019-09-05,19.6,19.0055
2019-09-06,19.59,19.1471
2019-09-09,19.62,18.7891
2019-09-10,19.62,18.9089
2019-09-11,19.54,18.9806
2019-09-12,19.55,19.0674
2019-09-13,17.47,16.1912
2019-09-16,17.06,16.5871
2019-09-17,16.53,16.6942
2019-09-18,16.25,16.8241
2019-09-19,16.27,16.7136
2019-09-20,16.34,16.6842
2019-09-23,16.35,16.6162
2019-09-24,16.29,16.3852
2019-09-25,16.29,16.3767
2019-09-26,16.27,16.316
2019-09-27,16.29,16.2762
2019-09-30,16.31,16.2909
2019-10-01,16.32,16.1725
2019-10-02,16.45,15.9017
2019-10-03,16.32,15.6626
2019-10-04,16.17,16.5787
2019-10-07,16.18,16.6208
2019-10-08,16.21,16.7352
2019-10-09,16.26,16.719
2019-10-10,16.23,16.7393
2019-10-11,16.14,16.5529
2019-10-14,16.08,16.4996
2019-10-15,16.12,16.4808
2019-10-16,16.17,16.3255
2019-10-17,16.33,15.6891
2019-10-18,16.15,15.9905
2019-10-21,16.08,15.898
2019-10-22,16.0,16.0862
2019-10-23,16.02,16.24
2019-10-24,16.04,16.1539
2019-10-25,14.01,14.2311
2019-10-28,13.86,14.9258
2019-10-30,13.84,14.9964
2019-10-31,13.84,14.6859
2019-11-01,13.84,14.7273
2019-11-04,13.94,14.2317
2019-11-05,13.86,13.2327
2019-11-06,13.85,12.953
2019-11-07,13.73,13.0343
2019-11-08,13.71,13.55
2019-11-11,13.68,14.5803
2019-11-12,13.68,14.5284
2019-11-13,13.84,12.904
2019-11-14,13.84,12.7499
2019-11-15,13.61,13.7712
2019-11-18,13.69,13.578
2019-11-19,13.64,13.3927
2019-11-20,13.69,13.0206
2019-11-21,13.6,13.8413
2019-11-22,13.61,13.9051
2019-11-25,13.69,13.8739
2019-11-26,13.69,13.5943
2019-11-27,13.7,13.3747
2019-11-28,13.58,13.2815
2019-11-29,13.71,13.9574
2019-12-02,13.68,14.0916
2019-12-03,13.75,13.879
2019-12-04,13.78,13.8549
2019-12-05,13.7,13.6554
2019-12-06,13.67,13.4799
2019-12-09,13.66,13.842
2019-12-10,13.66,14.1294
2019-12-11,13.7,13.7769
2019-12-12,13.9,12.8049
2019-12-13,13.04,12.0273
2019-12-16,12.96,11.3104
2019-12-17,12.34,11.2368
2019-12-18,11.35,10.9817
2019-12-19,11.35,11.0443
2019-12-20,11.47,11.1302
2019-12-23,11.68,11.0371
2019-12-24,11.91,10.7261
2019-12-25,11.89,10.51
2019-12-26,11.94,10.51
2019-12-27,11.34,11.0951
2019-12-30,11.47,11.1265
2019-12-31,11.43,11.3608
2020-01-02,11.49,11.1669
2020-01-03,11.29,11.1023
2020-01-06,11.44,11.7824
2020-01-07,11.5,12.3469
2020-01-08,11.63,12.4027
2020-01-09,11.65,12.4217
2020-01-10,11.74,11.9854
2020-01-13,11.96,11.0183
2020-01-14,11.71,10.9946
2020-01-15,11.83,10.8298
2020-01-16,11.11,12.0206
2020-01-17,10.46,11.4887
2020-01-20,10.56,11.2142
2020-01-21,10.65,11.4663
2020-01-22,10.76,11.3341
2020-01-23,11.04,10.7061
2020-01-24,11.12,10.5769
2020-01-27,10.9,10.1329
2020-01-28,10.83,10.9388
2020-01-29,10.9,11.3019
2020-01-30,10.93,11.491
2020-01-31,10.97,10.58
2020-02-03,10.96,10.5172
2020-02-04,11.0,10.5643
2020-02-05,10.94,10.7334
2020-02-06,10.98,11.1778
2020-02-07,10.98,11.7303
2020-02-10,11.01,11.1934
2020-02-11,11.02,10.8087
2020-02-12,10.95,10.4304
2020-02-13,10.95,10.3643
2020-02-14,10.86,10.5168
2020-02-17,10.81,10.6488
2020-02-18,10.95,10.9112
2020-02-19,10.98,11.0725
2020-02-20,10.84,10.988
2020-02-21,10.75,11.9052
2020-02-24,10.66,11.1087
2020-02-25,10.53,10.7406
2020-02-26,10.5,10.6666
2020-02-27,10.53,10.7506
2020-02-28,10.54,10.9673
2020-03-02,10.52,10.9386
2020-03-03,10.53,10.7424
2020-03-04,10.5,11.0884
2020-03-05,10.56,10.9071
2020-03-06,10.55,10.9352
2020-03-09,10.55,10.9734
2020-03-10,10.55,10.9769
2020-03-11,10.56,10.9831
2020-03-12,10.52,10.8384
2020-03-13,10.56,10.7272
2020-03-16,10.57,10.768
2020-03-17,10.65,10.6449
2020-03-18,10.35,9.6274
2020-03-19,10.25,9.8419
2020-03-20,9.99,9.9349
2020-03-23,9.76,9.9738
2020-03-24,9.33,9.5714
2020-03-25,9.27,9.3245
2020-03-26,9.26,9.7345
2020-03-27,9.24,9.5589
2020-03-30,9.22,9.4538
2020-03-31,9.27,9.0454
2020-04-01,9.22,8.7801
2020-04-02,9.25,8.7731
2020-04-03,9.19,9.3639
2020-04-06,9.23,9.5069
2020-04-07,9.12,9.2455
2020-04-08,9.22,9.0226
2020-04-09,9.2,8.8854
2020-04-10,9.2,8.8464
2020-04-13,9.06,9.3235
2020-04-14,9.06,9.2328
2020-04-15,8.91,9.7551
2020-04-16,9.04,9.3065
2020-04-17,9.05,9.2119
2020-04-20,9.04,9.4919
2020-04-21,9.04,9.5
2020-04-22,9.13,9.4176
2020-04-24,8.99,8.0581
2020-04-27,8.9,7.8592
2020-04-28,8.7,8.0226
2020-04-29,8.49,8.0828
2020-04-30,8.35,8.9127
2020-05-04,8.34,9.0035
2020-05-05,8.36,8.2702
2020-05-06,8.39,8.2375
2020-05-07,8.37,9.4537
2020-05-08,8.37,9.3541
2020-05-11,8.38,8.5002
2020-05-12,8.39,7.8563
2020-05-13,8.4,8.0062
2020-05-14,8.33,8.0734
2020-05-15,8.23,9.5089
2020-05-18,8.25,8.5234
2020-05-20,8.24,8.5579
2020-05-21,8.27,9.0378
2020-05-22,8.22,8.1489
2020-05-27,8.07,7.5937
2020-05-28,8.03,7.5
2020-05-29,7.9,8.5712
2020-06-01,7.76,8.7097
2020-06-02,7.77,8.1992
2020-06-03,7.75,8.2266
2020-06-04,7.75,8.3814
2020-06-05,7.74,8.1957
2020-06-08,7.72,8.1928
2020-06-09,7.73,7.8149
2020-06-10,7.7,7.9053
2020-06-11,7.66,8.1496
2020-06-12,7.69,7.8398
2020-06-15,7.66,7.5657
2020-06-16,7.64,7.7837
2020-06-17,7.68,8.0043
2020-06-18,7.64,8.223
2020-06-19,7.63,8.235
2020-06-22,7.53,8.0732
2020-06-23,7.52,8.071
2020-06-24,7.54,8.2572
2020-06-25,7.55,8.6185
2020-06-26,7.62,7.8681
2020-06-29,7.63,7.967
2020-06-30,7.62,7.8578
2020-07-01,7.59,7.7296
2020-07-02,7.6,7.5593
2020-07-03,7.58,7.647
2020-07-06,7.6,7.7793
2020-07-07,7.6,8.334
2020-07-08,7.6,7.9024
2020-07-09,7.59,8.1187
2020-07-10,7.57,8.1602
2020-07-13,7.5,7.9317
2020-07-14,7.4,7.7492
2020-07-16,7.34,8.0536
2020-07-17,7.4,8.5019
2020-07-20,7.42,8.3368
2020-07-21,7.46,8.5456
2020-07-22,7.52,8.6736
2020-07-23,7.52,8.7027
2020-07-24,7.54,8.3512
2020-07-27,7.53,8.1321
2020-07-28,7.7,8.5106
2020-07-29,7.72,9.0546
2020-07-30,7.76,8.612
2020-08-04,7.72,7.8082
2020-08-05,7.8,9.4525
2020-08-06,7.88,9.6272
2020-08-07,8.06,9.745
2020-08-10,8.32,9.7466
2020-08-11,8.38,9.7458
2020-08-12,8.71,9.7475
2020-08-13,9.06,9.7474
2020-08-14,9.06,9.7479
2020-08-17,9.17,9.7481
2020-08-18,9.31,9.7482
2020-08-19,9.37,9.7482
2020-08-20,9.44,9.7483
2020-08-21,9.52,9.7471
2020-08-24,9.61,10.0292
2020-08-25,9.67,9.8344
2020-08-26,9.73,9.7515
2020-08-27,10.0,9.75
2020-08-28,10.02,9.7706
2020-08-31,10.15,9.7635
2020-09-01,10.15,9.7455
2020-09-02,10.16,9.7511
2020-09-03,10.15,9.75
2020-09-04,10.14,9.7999
2020-09-07,10.16,9.8713
2020-09-08,10.15,9.9629
2020-09-09,10.16,10.1034
2020-09-10,10.22,10.2668
2020-09-11,10.29,10.4679
2020-09-14,10.32,10.4703
2020-09-15,10.33,10.5464
2020-09-16,10.32,10.6479
2020-09-17,10.41,11.2482
2020-09-18,10.39,11.029
2020-09-21,10.61,11.1627
2020-09-22,10.61,11.1736
2020-09-23,10.65,11.25
2020-09-24,10.69,11.25
2020-09-25,10.88,11.4748
2020-09-28,10.99,11.7227
2020-09-29,11.08,11.75
2020-09-30,11.12,11.8413
2020-10-01,11.2,11.8273
2020-10-02,11.32,12.0257
2020-10-05,11.38,12.0317
2020-10-06,11.45,12.0741
2020-10-07,11.47,12.4539
2020-10-08,11.56,12.5736
2020-10-09,11.64,12.4742
2020-10-12,11.93,12.4135
2020-10-13,12.03,12.4038
2020-10-14,12.12,12.4222
2020-10-15,12.18,12.4857
2020-10-16,12.26,12.5783
2020-10-19,12.39,12.5874
2020-10-20,12.47,12.5742
2020-10-21,12.52,12.597
2020-10-22,12.75,12.8358
2020-10-23,12.88,14.1039
2020-10-26,12.92,14.4558
2020-10-27,12.87,13.8649
2020-10-28,13.08,14.1746
2020-10-30,13.4,14.75
2020-11-02,13.45,14.75
2020-11-03,13.94,14.7534
2020-11-04,13.99,14.7506
2020-11-05,14.07,14.7536
2020-11-06,14.12,14.7102
2020-11-09,14.2,14.6198
2020-11-10,14.29,14.6432
2020-11-11,14.36,14.7172
2020-11-12,14.46,14.704
2020-11-13,14.56,14.7471
2020-11-16,14.64,14.7519
2020-11-17,14.72,14.7539
2020-11-18,14.8,14.7558
2020-11-19,14.87,14.75
2020-11-20,14.96,14.9719
2020-11-23,14.97,14.9875
2020-11-24,14.97,14.9865
2020-11-25,14.98,14.9701
2020-11-26,14.98,14.8542
2020-11-27,14.99,15.4286
2020-11-30,14.99,15.8689
2020-12-01,14.99,15.9329
2020-12-02,14.99,15.9063
2020-12-03,14.99,15.235
2020-12-04,14.99,15.0334
2020-12-07,15.0,15.4319
2020-12-08,15.0,15.1555
2020-12-09,15.0,14.239
2020-12-10,15.0,14.5412
2020-12-11,15.0,15.9356
2020-12-14,15.0,15.6902
2020-12-15,15.0,15.4205
2020-12-16,15.0,15.0423
2020-12-17,15.0,15.031
2020-12-18,15.0,15.2034
2020-12-21,15.0,15.2485
2020-12-22,15.0,15.4774
2020-12-23,15.0,15.3382
2020-12-24,15.02,15.6758
2020-12-25,15.48,17.9231
2020-12-28,15.96,17.7028
2020-12-29,16.42,17.569
2020-12-30,16.69,17.309
2020-12-31,17.03,17.9662
2021-01-04,17.0,17.3849
2021-01-05,17.0,16.7878
2021-01-06,17.0,16.7212
2021-01-07,17.0,16.7649
2021-01-08,17.0,17.4841
2021-01-11,17.0,17.182
2021-01-12,17.0,17.168
2021-01-13,17.0,16.9365
2021-01-14,17.0,16.8163
2021-01-15,17.0,16.7195
2021-01-18,17.0,16.7308
2021-01-19,17.0,16.799
2021-01-20,17.0,16.7498
2021-01-21,17.0,17.0698
2021-01-22,17.0,17.2651
2021-01-25,17.0,17.1919
2021-01-26,17.0,16.9756
2021-01-27,17.0,16.9241
2021-01-28,17.0,16.9908
2021-01-29,17.0,16.9814
2021-02-01,17.0,17.3412
2021-02-02,17.0,17.4594
2021-02-03,17.0,17.3877
2021-02-04,17.0,17.3764
2021-02-05,17.0,17.1597
2021-02-08,17.0,17.0474
2021-02-09,17.0,16.9668
2021-02-10,17.0,16.9988
2021-02-11,17.0,17.1094
2021-02-12,17.0,17.0358
2021-02-15,17.0,16.929
2021-02-16,17.0,17.0633
2021-02-17,17.0,16.823
2021-02-18,17.0,16.5596
2021-02-19,17.0,16.9496
2021-02-22,17.0,16.8069
2021-02-23,17.0,16.962
2021-02-24,17.03,17.2584
2021-02-25,17.0,17.3394
2021-02-26,17.0,17.0978
2021-03-01,17.0,17.2687
2021-03-02,17.0,17.1015
2021-03-03,17.0,17.0098
2021-03-04,17.0,17.1467
2021-03-05,17.0,17.4068
2021-03-08,17.0,17.4321
2021-03-09,17.0,17.2253
2021-03-10,17.0,17.2357
2021-03-11,17.0,17.1688
2021-03-12,17.0,17.1391
2021-03-15,17.0,17.0519
2021-03-16,17.0,16.9061
2021-03-17,17.0,16.6719
2021-03-18,17.0,17.0257
2021-03-19,17.64,18.8224
2021-03-22,17.93,18.9258
2021-03-23,18.32,19.1488
2021-03-24,18.62,19.1757
2021-03-25,19.0,19.357
2021-03-26,19.0,19.2942
2021-03-29,19.0,19.0402
2021-03-30,19.0,18.8629
2021-03-31,19.0,18.9845
2021-04-01,19.0,18.5855
2021-04-02,19.0,18.7182
2021-04-05,19.0,18.8886
2021-04-06,19.0,19.1085
2021-04-07,19.0,19.2647
2021-04-08,19.0,19.4127
2021-04-09,19.0,19.4197
2021-04-12,19.0,19.1963
2021-04-13,19.0,18.9436
2021-04-14,19.0,18.8837
2021-04-15,19.0,18.803
2021-04-16,19.0,19.3328
2021-04-19,19.0,19.1011
2021-04-20,19.0,19.0382
2021-04-21,19.0,19.0087
2021-04-22,19.0,19.1265
2021-04-26,19.0,19.0
2021-04-27,19.0,19.026
2021-04-28,19.0,18.9613
2021-04-29,19.0,18.9997
2021-04-30,19.0,19.5216
2021-05-03,19.0,19.252
2021-05-04,19.0,19.2421
2021-05-05,19.0,19.2367
2021-05-06,19.0,19.233
2021-05-07,19.0,19.25
2021-05-10,19.0,19.2673
2021-05-11,19.0,19.227
2021-05-12,19.0,17.968
2021-05-17,19.0,18.7994
2021-05-18,19.0,18.8481
2021-05-20,19.0,18.9626
2021-05-21,19.0,19.0107
2021-05-24,19.0,19.0386
2021-05-25,19.0,18.9741
2021-05-26,19.0,18.7487
2021-05-27,19.0,18.7625
2021-05-28,19.0,18.9673
2021-05-31,19.0,19.0726
2021-06-01,19.0,18.9298
2021-06-02,19.0,19.0212
2021-06-03,19.0,19.0
2021-06-04,19.0,19.1791
2021-06-07,19.0,19.0721
2021-06-08,19.0,18.9848
2021-06-09,19.0,19.0571
2021-06-10,19.0,18.8556
2021-06-11,19.0,19.0817
2021-06-14,19.0,19.0522
2021-06-15,19.0,19.0744
2021-06-16,19.0,19.1364
2021-06-17,19.0,19.1374
2021-06-18,19.0,19.2858
2021-06-21,19.0,19.0803
2021-06-22,19.0,19.1456
2021-06-23,19.0,19.0426
2021-06-24,19.0,18.8533
2021-06-25,19.0,19.0834
2021-06-28,19.0,19.0076
2021-06-29,19.0,18.9878
2021-06-30,19.0,19.0266
2021-07-01,19.0,19.0027
2021-07-02,19.0,18.9535
2021-07-05,19.0,18.9269
2021-07-06,19.0,19.2602
2021-07-07,19.0,19.0769
2021-07-08,19.0,18.8364
2021-07-09,19.0,18.9703
2021-07-12,19.0,19.0
2021-07-13,19.0,19.0356
2021-07-14,19.0,19.0374
2021-07-16,19.0,19.0
2021-07-19,19.0,18.9503
2021-07-26,19.0,19.1341
2021-07-27,19.0,18.9477
2021-07-28,19.0,18.9846
2021-07-29,19.0,19.0043
2021-07-30,19.0,19.0615
2021-08-02,19.0,19.0148
2021-08-03,19.0,18.9791
2021-08-04,19.0,18.9554
2021-08-05,19.0,18.9379
2021-08-06,19.0,19.0651
2021-08-09,19.0,19.0621
2021-08-10,19.0,19.0754
2021-08-11,19.0,18.9726
2021-08-12,19.0,18.9552
2021-08-13,19.0,18.976
2021-08-16,19.0,19.0
2021-08-17,19.0,18.9767
2021-08-18,19.0,18.7637
2021-08-19,19.0,18.7987
2021-08-20,19.0,19.0
2021-08-23,19.0,18.9914
2021-08-24,19.0,19.0021
2021-08-25,19.0,18.9901
2021-08-26,19.0,18.9988
2021-08-27,19.0,18.9933
2021-08-31,19.0,18.9476
2021-09-01,19.0,18.9741
2021-09-02,19.0,18.6066
2021-09-03,19.0,18.988
2021-09-06,19.0,19.0029
2021-09-07,19.0,19.0
2021-09-08,19.0,19.0171
2021-09-09,19.0,19.0769
2021-09-10,19.0,19.0737
2021-09-13,19.0,19.068
2021-09-14,19.0,19.076
2021-09-15,19.0,18.9009
2021-09-16,19.0,18.8835
2021-09-17,19.0,18.6074
2021-09-20,19.0,19.048
2021-09-21,19.0,19.0287
2021-09-22,19.0,18.849
2021-09-23,19.0,18.8519
2021-09-24,18.73,18.3078
2021-09-27,18.6,17.8621
2021-09-28,18.42,17.9411
2021-09-29,18.22,18.1156
2021-09-30,18.0,18.3213
2021-10-01,18.0,18.2778
2021-10-04,18.0,18.237
2021-10-05,18.0,18.0
2021-10-06,18.0,18.0218
2021-10-07,18.0,18.0254
2021-10-08,18.0,18.1906
2021-10-11,18.0,18.2113
2021-10-12,18.0,18.0241
2021-10-13,18.0,18.1527
2021-10-14,18.0,17.7142
2021-10-15,18.0,17.9054
2021-10-18,18.0,17.9319
2021-10-19,18.0,17.965
2021-10-20,18.0,17.7967
2021-10-21,18.0,18.3473
2021-10-22,17.41,16.3201
2021-10-25,17.1,16.4234
2021-10-26,16.67,16.3573
2021-10-27,16.36,16.3251
2021-10-28,16.0,16.5733
2021-11-01,16.0,16.1294
2021-11-02,16.0,16.2315
2021-11-03,16.0,16.1473
2021-11-04,16.0,16.2133
2021-11-05,16.0,16.0915
2021-11-08,16.0,15.9447
2021-11-09,16.0,16.0173
2021-11-10,16.0,16.1496
2021-11-11,16.0,16.2285
2021-11-12,16.0,15.948
2021-11-15,16.0,16.0348
2021-11-16,16.0,15.9124
2021-11-17,16.0,15.515
2021-11-18,16.0,16.7199
2021-11-19,15.56,14.7663
2021-11-22,15.45,15.0702
2021-11-23,15.36,14.9669
2021-11-24,15.21,15.264
2021-11-25,15.0,15.5077
2021-11-26,15.0,15.272
2021-11-29,15.0,15.4073
2021-11-30,15.0,15.3422
2021-12-01,15.0,16.3341
2021-12-02,15.0,15.4355
2021-12-03,15.03,16.4218
2021-12-06,15.0,16.3145
2021-12-07,15.0,15.3043
2021-12-08,15.0,15.124
2021-12-09,15.0,15.1466
2021-12-10,15.0,15.5889
2021-12-13,15.0,16.3656
2021-12-14,15.0,15.7864
2021-12-15,15.0,15.9787
2021-12-16,15.0,16.0314
2021-12-17,14.79,14.3825
2021-12-20,14.53,14.1645
2021-12-21,14.3,14.0296
2021-12-22,14.2,14.2708
2021-12-23,14.0,15.2548
2021-12-24,14.0,15.2995
2021-12-27,14.0,15.3924
2021-12-28,14.0,14.8391
2021-12-29,14.0,14.793
2021-12-30,14.0,15.418
2021-12-31,14.0,14.2216
2022-01-03,14.0,14.0991
2022-01-04,14.0,13.9948
2022-01-05,14.0,13.5643
2022-01-06,14.0,13.914
2022-01-07,14.0,13.9225
2022-01-10,14.0,14.5094
2022-01-11,14.0,14.7991
2022-01-12,14.0,14.5011
2022-01-13,14.0,13.9593
2022-01-14,14.0,14.86
2022-01-17,14.0,14.1628
2022-01-18,14.0,13.763
2022-01-19,14.0,15.0448
2022-01-20,14.0,14.4464
2022-01-21,14.0,14.2077
2022-01-24,14.0,14.9211
2022-01-25,14.0,14.7462
2022-01-26,14.0,14.3104
2022-01-27,14.0,14.2038
2022-01-28,14.0,14.2313
2022-01-31,14.0,13.9487
2022-02-01,14.0,14.2727
2022-02-02,14.0,14.3471
2022-02-03,14.0,14.2532
2022-02-04,14.0,13.9476
2022-02-07,14.0,14.4464
2022-02-08,14.0,14.5
2022-02-09,14.0,13.9668
2022-02-10,14.0,14.0506
2022-02-11,14.0,14.0234
2022-02-14,14.0,13.9469
2022-02-15,14.0,14.0083
2022-02-16,14.0,13.9937
2022-02-17,14.0,12.7361
2022-02-18,14.0,14.3879
2022-02-21,14.0,14.2933
2022-02-22,14.0,14.1724
2022-02-23,14.0,14.2231
2022-02-24,14.0,14.3318
2022-02-25,14.0,13.9817
2022-02-28,14.0,14.6626
2022-03-01,14.0,14.4238
2022-03-02,14.0,14.7448
2022-03-03,14.0,14.3795
2022-03-04,14.0,13.8998
2022-03-07,14.0,14.5463
2022-03-08,14.0,14.5198
2022-03-09,14.0,14.3592
2022-03-10,14.0,14.4696
2022-03-11,14.0,14.1673
2022-03-14,14.0,14.2559
2022-03-15,14.0,14.2944
2022-03-16,14.0,14.2987
2022-03-17,14.0,13.3092
2022-03-18,14.0,14.1234
2022-03-21,14.0,14.382
2022-03-22,14.0,14.3212
2022-03-23,14.0,14.2657
2022-03-24,14.0,14.1963
2022-03-25,14.0,14.0575
2022-03-28,14.0,13.8576
2022-03-29,14.0,13.6499
2022-03-30,14.0,12.9695
2022-03-31,14.0,12.7469
2022-04-01,14.0,14.0569
2022-04-04,14.0,14.1366
2022-04-05,14.0,14.0758
2022-04-06,14.0,14.111
2022-04-07,14.0,13.9237
2022-04-08,14.0,14.0562
2022-04-11,14.0,14.0525
2022-04-12,14.0,14.101
2022-04-13,14.0,13.6498
2022-04-14,14.0,12.9748
2022-04-15,14.0,14.0665
2022-04-18,14.0,13.9997
2022-04-19,14.0,14.152
2022-04-20,14.0,14.1627
2022-04-21,14.0,14.2439
2022-04-22,14.0,14.058
2022-04-25,14.0,14.0126
2022-04-26,14.0,13.9
2022-04-27,14.0,13.8001
2022-04-28,14.02,14.3164
2022-04-29,14.0,14.6194
2022-05-05,14.0,
2022-05-06,14.0,13.7054
2022-05-09,14.0,13.805
2022-05-10,14.0,13.9726
2022-05-11,14.0,13.9687
2022-05-12,14.0,13.3882
2022-05-13,14.0,13.9121
2022-05-16,14.0,14.3258
2022-05-17,14.0,14.0546
2022-05-18,14.0,13.9138
2022-05-20,14.0,14.0903
2022-05-23,14.0,14.1466
2022-05-24,14.0,14.3031
2022-05-25,14.0,14.5038
2022-05-26,14.0,14.4283
2022-05-27,14.0,13.9555
2022-05-30,14.0,14.0976
2022-05-31,14.0,14.2354
2022-06-01,14.0,14.4928
2022-06-02,14.0,14.5811
2022-06-03,14.0,14.4145
2022-06-06,14.0,13.9951
2022-06-07,14.0,13.4493
2022-06-08,14.0,13.0064
2022-06-09,14.0,13.7877
2022-06-10,14.0,14.0078
2022-06-13,14.0,14.1504
2022-06-14,14.0,14.0713
2022-06-15,14.0,14.5182
2022-06-16,14.0,14.5072
2022-06-17,14.03,15.2006
2022-06-20,14.01,14.8842
2022-06-21,14.0,14.5229
2022-06-22,14.0,14.7651
2022-06-23,14.02,14.6664
2022-06-24,14.0,14.0043
2022-06-27,14.0,14.0283
2022-06-28,14.0,14.0996
2022-06-29,14.0,14.4917
2022-06-30,14.05,15.2886
2022-07-01,14.0,14.0201
2022-07-04,14.0,14.0008
2022-07-05,14.0,14.0218
2022-07-06,14.0,14.1848
2022-07-07,14.0,14.4291
2022-07-08,14.0,14.258
2022-07-13,14.0,14.9079
2022-07-14,14.0,14.8557
2022-07-18,14.0,14.0931
2022-07-19,14.0,14.1259
2022-07-20,14.0,14.1783
2022-07-21,14.0,15.0257
2022-07-22,14.0,14.3331
2022-07-25,14.0,14.5996
2022-07-26,14.0,14.1572
2022-07-27,14.01,14.9547
2022-07-28,14.0,14.9115
2022-07-29,14.0,14.0465
2022-08-01,14.0,14.0
2022-08-02,14.0,13.6115
2022-08-03,14.0,13.021
2022-08-04,14.0,13.0896
2022-08-05,14.0,14.3077
2022-08-08,14.0,14.6563
2022-08-09,14.0,14.4113
2022-08-10,14.0,14.3382
2022-08-11,14.0,13.8244
2022-08-12,14.0,13.9503
2022-08-15,14.0,14.1227
2022-08-16,14.0,14.169
2022-08-17,14.0,14.2053
2022-08-18,14.03,14.9677
2022-08-19,13.7,13.4937
2022-08-22,13.42,13.8122
2022-08-23,13.29,13.5
2022-08-24,13.18,13.4909
2022-08-25,13.0,12.4146
2022-08-26,13.0,12.0678
2022-08-29,13.0,11.9492
2022-08-31,13.0,13.3325
2022-09-01,13.0,13.1944
2022-09-02,13.0,13.076
2022-09-05,13.0,13.2958
2022-09-06,13.0,13.4061
2022-09-07,13.0,13.3013
2022-09-08,13.0,12.9627
2022-09-09,13.0,12.9439
2022-09-12,13.0,12.8352
2022-09-13,13.0,13.034
2022-09-14,13.0,12.968
2022-09-15,13.0,11.7991
2022-09-16,13.0,12.6135
2022-09-19,13.0,12.7848
2022-09-20,13.0,13.0189
2022-09-21,13.0,12.9091
2022-09-22,13.0,13.4311
2022-09-23,12.7,13.3801
2022-09-26,12.52,12.8361
2022-09-27,12.4,12.5224
2022-09-28,12.15,12.3304
2022-09-29,12.0,11.3792
2022-09-30,12.04,
2022-10-03,12.01,12.3791
2022-10-04,12.0,12.4754
2022-10-05,12.0,12.0463
2022-10-06,12.02,12.3103
2022-10-07,12.0,11.9932
2022-10-10,12.0,12.116
2022-10-11,12.0,
2022-10-12,12.0,11.8221
2022-10-13,12.0,12.1033
2022-10-14,12.0,11.7381
2022-10-17,12.0,12.2633
2022-10-18,12.0,11.956
2022-10-19,12.0,12.5135
2022-10-20,12.02,13.4305
2022-10-21,11.55,11.4893
2022-10-24,11.48,10.9193
2022-10-25,11.22,10.8892
2022-10-26,10.77,10.8897
2022-10-27,10.5,10.7476
2022-10-28,10.5,11.1452
2022-10-31,10.5,11.4639
2022-11-01,10.5,10.8887
2022-11-02,10.5,
2022-11-03,10.5,11.0533
2022-11-04,10.5,10.703
2022-11-07,10.5,10.1263
2022-11-08,10.5,10.0875
2022-11-09,10.5,10.1226
2022-11-10,10.5,10.0455
2022-11-11,10.5,10.5385
2022-11-14,10.5,10.7573
2022-11-15,10.5,
2022-11-16,10.5,11.2816
2022-11-17,10.5,11.4786
2022-11-18,10.53,11.7234
2022-11-21,10.56,11.6797
2022-11-22,10.5,11.1688
2022-11-23,10.5,11.2061
2022-11-24,10.5,11.6758
2022-11-25,10.23,
2022-11-28,9.96,10.0748
2022-11-29,9.51,10.0554
2022-11-30,9.27,10.0447
2022-12-01,9.0,10.0051
2022-12-02,9.0,9.9617
2022-12-05,9.0,9.6492
2022-12-06,9.0,9.7016
2022-12-07,9.0,8.9046
2022-12-08,9.0,8.7845
2022-12-09,9.0,9.2924
2022-12-12,9.0,9.5321
2022-12-13,9.0,9.3204
2022-12-14,9.0,9.609
2022-12-15,9.0,9.6656
2022-12-16,9.0,9.591
2022-12-19,9.0,9.5469
2022-12-20,9.0,9.573
2022-12-21,9.0,9.23
2022-12-22,9.0,8.4578
2022-12-23,9.0,9.2756
2022-12-26,9.0,9.3428
2022-12-27,9.0,9.6609
2022-12-28,9.0,9.921
2022-12-29,9.02,9.9812
2022-12-30,9.04,10.2644
2023-01-02,9.0,7.7227
2023-01-03,9.0,7.7518
2023-01-04,9.05,8.598
2023-01-05,9.06,9.697
2023-01-06,9.0,9.0845
2023-01-09,9.0,9.0532
2023-01-10,9.0,8.7311
2023-01-11,9.0,8.9905
2023-01-12,9.0,
2023-01-13,9.04,9.9377
2023-01-16,9.0,
2023-01-17,9.0,9.143
2023-01-18,9.0,8.9983
2023-01-19,9.0,
2023-01-20,9.0,9.4803
2023-01-23,9.0,9.4941
2023-01-24,9.0,9.5319
2023-01-25,9.0,9.4005
2023-01-26,9.0,9.2888
2023-01-27,9.0,9.3962
2023-01-30,9.0,9.3351
2023-01-31,9.0,9.298
2023-02-01,9.0,9.2037
2023-02-02,9.0,9.4379
2023-02-03,9.0,9.7764
2023-02-06,9.0,9.9511
2023-02-07,9.0,9.5879
2023-02-08,9.0,9.5813
2023-02-09,9.0,9.4996
2023-02-10,9.0,9.2643
2023-02-13,9.0,8.633
2023-02-14,9.0,9.6458
2023-02-15,9.0,9.4533
2023-02-16,9.0,8.8781
2023-02-17,9.0,8.6991
2023-02-20,9.0,8.9761
2023-02-21,9.0,8.4012
2023-02-22,9.0,8.8553
2023-02-23,9.0,9.0569
2023-02-24,8.83,8.6847
2023-02-27,8.82,7.6276
2023-02-28,8.76,8.4364
2023-03-01,8.66,8.8729
2023-03-02,8.59,9.0154
2023-03-03,8.5,8.8176
2023-03-06,8.5,8.6176
2023-03-07,8.5,8.6023
2023-03-08,8.5,8.7046
2023-03-09,8.5,8.7437
2023-03-10,8.5,8.6928
2023-03-13,8.5,8.3249
2023-03-14,8.5,8.358
2023-03-15,8.5,8.4853
2023-03-16,8.5,
2023-03-17,8.5,9.5292
2023-03-20,8.5,9.1179
2023-03-21,8.5,8.656
2023-03-22,8.5,9.2674
2023-03-23,8.5,
2023-03-24,8.5,9.1416
2023-03-27,8.5,8.9888
2023-03-28,8.5,8.9971
2023-03-29,8.5,9.189
2023-03-30,8.5,9.0591
2023-03-31,8.56,9.4543
2023-04-03,8.5,9.2471
2023-04-04,8.5,9.1441
2023-04-05,8.5,8.5925
2023-04-06,8.53,9.1292
2023-04-07,8.5,9.1248
2023-04-10,8.55,9.3957
2023-04-11,8.51,9.4354
2023-04-12,8.63,9.6749
2023-04-13,8.5,9.2654
2023-04-14,8.54,9.7077
2023-04-17,8.5,9.4252
2023-04-18,8.56,9.651
2023-04-19,8.62,9.9914
2023-04-20,8.71,9.9975
2023-04-24,8.7,9.9933
2023-04-25,8.67,9.9936
2023-04-26,8.58,9.9824
2023-04-27,8.62,9.9936
2023-04-28,8.7,9.9965
2023-05-02,8.77,9.9974
2023-05-03,8.61,9.9935
2023-05-04,8.59,9.9917
2023-05-05,8.5,9.9894
2023-05-08,8.67,9.9943
2023-05-09,8.82,9.9973
2023-05-10,8.99,9.9992
2023-05-11,8.87,9.9988
2023-05-12,9.05,9.9998
2023-05-15,8.89,9.9981
2023-05-16,8.88,9.9974
2023-05-17,8.89,9.9977
2023-05-18,8.99,9.9987
2023-05-22,8.95,9.9985
2023-05-23,9.04,9.9993
2023-05-24,9.06,9.9994
2023-05-25,9.15,10.0
2023-05-26,9.09,10.0
2023-05-29,8.99,9.9996
2023-05-30,8.98,9.9997
2023-05-31,9.09,10.0
2023-06-01,9.07,10.0
2023-06-02,9.09,10.0
2023-06-05,9.06,10.0
2023-06-06,9.07,10.0
2023-06-07,9.04,9.9999
2023-06-08,8.94,9.9984
2023-06-09,9.0,9.9994
2023-06-12,8.99,9.9993
2023-06-13,8.85,9.9978
2023-06-14,8.78,9.9965
2023-06-15,8.75,9.996
2023-06-16,8.7,9.994
2023-06-19,8.63,9.3623
2023-06-20,8.5,8.1567
2023-06-21,8.5,8.4506
2023-06-22,8.74,9.3204
2023-06-23,10.73,16.3831
2023-06-26,11.72,16.4911
2023-06-27,12.84,16.45
2023-07-03,12.61,16.424
2023-07-04,11.47,16.1599
2023-07-05,14.95,14.7759
2023-07-06,15.0,15.1173
2023-07-07,15.0,16.4422
2023-07-10,15.0,16.2746
2023-07-11,15.0,14.578
2023-07-12,15.0,13.923
2023-07-13,15.0,13.5356
2023-07-14,15.0,13.5567
2023-07-17,15.0,13.5073
2023-07-18,15.0,13.5044
2023-07-19,15.0,13.5035
2023-07-20,15.0,13.51
2023-07-21,15.5,16.1667
2023-07-24,16.0,16.1037
2023-07-25,16.5,16.0308
2023-07-26,17.0,16.1804
2023-07-27,17.5,16.2427
2023-07-28,17.5,16.389
2023-07-31,17.5,16.656
2023-08-01,17.5,16.3112
2023-08-02,17.5,16.01
2023-08-03,17.5,16.0078
2023-08-04,17.5,17.9816
2023-08-07,17.5,17.2008
2023-08-08,17.5,16.4985
2023-08-09,17.5,16.5547
2023-08-10,17.5,16.9191
2023-08-11,17.5,18.2235
2023-08-14,17.5,17.8681
2023-08-15,17.5,17.9586
2023-08-16,17.5,18.3099
2023-08-17,17.5,18.3268
2023-08-18,17.5,18.8179
2023-08-21,18.16,18.9921
2023-08-22,17.97,18.9948
2023-08-23,17.97,18.995
2023-08-24,18.04,18.996
2023-08-25,17.58,23.8652
2023-08-28,17.81,23.9874
2023-08-29,22.0,24.5684
2023-08-31,23.5,23.7207
2023-09-01,24.92,26.4132
2023-09-04,24.92,26.4345
2023-09-05,24.94,26.455
2023-09-06,25.0,26.4185
2023-09-07,25.0,26.3536
2023-09-08,25.11,26.2788
2023-09-11,25.0,26.4268
2023-09-12,25.14,26.3439
2023-09-13,25.0,26.2389
2023-09-14,25.0,26.2984
2023-09-15,25.87,26.4993
2023-09-18,25.8,26.4984
2023-09-19,25.82,26.4985
2023-09-20,25.76,26.4978
2023-09-21,26.06,26.4991
2023-09-22,25.21,28.5044
2023-09-25,27.0,28.5
2023-09-26,28.0,28.5
2023-09-27,29.0,28.504
2023-09-28,30.0,28.5041
2023-09-29,31.0,31.4957
2023-10-02,30.03,31.4893
2023-10-03,30.0,31.11
2023-10-04,30.0,30.5446
2023-10-05,30.0,29.6499
2023-10-06,30.0,30.0528
2023-10-09,30.0,29.3824
2023-10-10,30.0,29.3462
2023-10-11,30.0,28.7489
2023-10-12,30.0,28.8594
2023-10-13,30.0,30.9488
2023-10-16,30.0,29.0969
2023-10-17,30.0,28.6667
2023-10-18,30.0,29.0086
2023-10-19,30.0,29.7634
2023-10-20,30.0,29.7668
2023-10-23,30.0,28.7766
2023-10-24,30.0,28.6912
2023-10-25,30.0,28.6404
2023-10-26,30.0,28.5115
2023-10-27,31.0,33.5187
2023-10-30,32.0,33.51
2023-10-31,33.0,33.5313
2023-11-01,34.0,33.8763
2023-11-02,35.0,34.168
2023-11-03,35.0,34.1301
2023-11-06,35.0,34.1484
2023-11-07,35.0,34.1506
2023-11-08,35.0,33.7889
2023-11-09,35.0,33.51
2023-11-10,35.48,36.4801
2023-11-13,35.0,36.1624
2023-11-14,35.0,36.1932
2023-11-15,35.0,36.1441
2023-11-16,35.0,36.2002
2023-11-17,35.58,36.4789
2023-11-20,35.0,36.3351
2023-11-21,35.0,36.0142
2023-11-22,35.0,35.4923
2023-11-23,35.16,34.3863
2023-11-24,36.0,39.7721
2023-11-27,37.0,39.6546
2023-11-28,38.0,39.6016
2023-11-29,39.56,40.1406
2023-11-30,41.09,41.4484
2023-12-01,40.79,41.4835
2023-12-04,40.0,41.4375
2023-12-05,40.0,41.0443
2023-12-06,40.0,39.4772
2023-12-07,40.0,39.1902
2023-12-08,40.0,41.3076
2023-12-11,40.0,40.9492
2023-12-12,40.0,40.502
2023-12-13,40.0,40.1237
2023-12-14,40.0,40.1288
2023-12-15,40.0,40.0205
2023-12-18,40.0,39.1275
2023-12-19,40.0,38.8917
2023-12-20,40.0,39.0497
2023-12-21,40.0,38.8811
2023-12-22,40.5,42.3662
2023-12-25,41.0,41.9152
2023-12-26,41.5,41.4519
2023-12-27,42.0,41.522
2023-12-28,42.5,41.5893
2023-12-29,42.5,43.6274
2024-01-02,42.5,41.8038
2024-01-03,42.5,41.46
2024-01-04,42.54,42.2548
2024-01-05,42.5,43.3139
2024-01-08,42.5,42.2497
2024-01-09,42.5,41.974
2024-01-10,42.5,41.8475
2024-01-11,42.5,41.4827
2024-01-12,42.5,41.4439
2024-01-15,42.5,41.057
2024-01-16,42.5,41.2029
2024-01-17,42.5,41.4151
2024-01-18,42.5,41.655
2024-01-19,43.03,43.6904
2024-01-22,42.5,43.7008
2024-01-23,42.5,43.4678
2024-01-24,42.5,43.1517
2024-01-25,42.5,42.0257
2024-01-26,43.0,43.5041
2024-01-29,43.33,43.5065
2024-01-30,43.57,43.5124
2024-01-31,44.0,43.5044
2024-02-01,46.4,44.5056
2024-02-02,45.0,46.3234
2024-02-05,45.0,46.0331
2024-02-06,45.0,45.8854
2024-02-07,45.0,45.7147
2024-02-08,45.0,45.3618
2024-02-09,45.0,45.2185
2024-02-12,45.0,44.7522
2024-02-13,45.0,43.8545
2024-02-14,45.0,44.933
2024-02-15,45.0,46.0428
2024-02-16,45.0,45.885
2024-02-19,45.0,44.9613
2024-02-20,45.0,44.9375
2024-02-21,46.02,45.8854
2024-02-22,46.23,46.469
2024-02-23,46.36,46.49
2024-02-26,45.02,46.4824
2024-02-27,45.0,46.4314
2024-02-28,45.0,46.026
2024-02-29,45.0,44.4332
2024-03-01,46.16,46.3696
2024-03-04,46.31,46.4936
2024-03-05,46.27,46.494
2024-03-06,46.27,46.4955
2024-03-07,46.25,46.4954
2024-03-08,46.28,46.4962
2024-03-11,46.2,46.4938
2024-03-12,46.24,46.4941
2024-03-13,46.26,46.4942
2024-03-14,46.35,46.4969
2024-03-15,46.06,46.4474
2024-03-18,46.18,46.4727
2024-03-19,46.26,
2024-03-20,46.32,46.4949
2024-03-21,46.37,46.4953
2024-03-22,48.57,52.7545
2024-03-25,48.94,52.8268
2024-03-26,49.47,52.4189
2024-03-27,49.91,51.4817
2024-03-28,51.15,52.4171
2024-03-29,51.22,52.9904
2024-04-01,50.0,52.2231
2024-04-02,50.0,52.2007
2024-04-03,50.0,52.4856
2024-04-04,50.19,52.9525
2024-04-05,51.95,52.9919
2024-04-08,50.0,51.4758
2024-04-09,50.0,48.8128
2024-04-15,50.87,52.5104
2024-04-16,51.62,52.9671
2024-04-17,52.5,52.9907
2024-04-18,52.54,52.9941
2024-04-19,52.27,52.9924
2024-04-22,51.78,52.9906
2024-04-24,51.63,52.9902
2024-04-25,52.4,52.9914
2024-04-26,52.46,52.9918
2024-04-29,51.98,
2024-04-30,52.24,52.9914
2024-05-02,51.84,52.99
2024-05-03,52.45,52.9908
2024-05-06,50.87,52.9897
2024-05-07,50.0,49.1538
2024-05-08,50.0,47.948
2024-05-09,52.57,50.0002
2024-05-10,52.74,52.99
2024-05-13,50.0,52.1851
2024-05-14,50.0,51.3448
2024-05-15,50.0,50.6852
2024-05-16,50.0,50.1796
2024-05-17,50.0,48.3943
2024-05-20,50.0,48.1307
2024-05-21,50.0,47.1255
2024-05-22,50.0,47.1614
2024-05-23,50.0,51.0183
2024-05-24,51.51,52.99
2024-05-27,50.0,52.957
2024-05-28,50.0,52.2449
2024-05-29,50.0,52.134
2024-05-30,50.0,52.2091
2024-05-31,50.0,52.3423
2024-06-03,50.0,52.6713
2024-06-04,50.04,52.6798
2024-06-05,50.4,52.8312
2024-06-06,50.0,50.4913
2024-06-07,50.0,50.0566
2024-06-10,50.0,50.2325
2024-06-11,50.0,50.0964
2024-06-12,50.0,51.0793
2024-06-13,50.0,49.4028
2024-06-14,50.0,48.4213
2024-06-20,50.0,47.0247
2024-06-21,50.0,50.3459
2024-06-24,50.0,49.5783
2024-06-25,50.0,
2024-06-26,50.0,50.8764
2024-06-27,50.0,50.4467
2024-06-28,51.37,52.6454
2024-07-01,50.0,50.6073
2024-07-02,50.0,51.7992
2024-07-03,50.0,52.5316
2024-07-04,50.0,52.2586
2024-07-05,50.0,52.4118
2024-07-08,50.0,52.4476
2024-07-09,50.0,52.3546
2024-07-10,50.0,52.2632
2024-07-11,50.0,
2024-07-12,50.0,50.1163
2024-07-16,50.0,48.4364
2024-07-17,50.0,47.8724
2024-07-18,50.0,47.8833
2024-07-19,50.0,49.6362
2024-07-22,50.0,49.9972
2024-07-23,50.0,51.1162
2024-07-24,50.0,50.9549
2024-07-25,50.0,48.9177
2024-07-26,50.0,48.3286
2024-07-29,50.0,47.9803
2024-07-30,50.0,47.2575
2024-07-31,50.0,47.0161
2024-08-01,50.0,48.3066
2024-08-02,50.0,51.0963
2024-08-05,50.0,51.7523
2024-08-06,51.6,52.7846
2024-08-07,51.4,52.962
2024-08-08,51.3,52.9476
2024-08-09,50.0,52.3461
2024-08-12,50.0,51.2359
2024-08-13,50.0,49.9659
2024-08-14,50.0,
2024-08-15,50.0,50.3466
2024-08-16,50.0,49.814
2024-08-19,50.0,49.2389
2024-08-20,50.0,49.3515
2024-08-21,50.0,50.1215
2024-08-22,50.0,
2024-08-23,50.0,50.608
2024-08-26,50.0,49.854
2024-08-27,50.0,50.1145
2024-08-28,50.0,49.9654
2024-08-29,52.79,52.5273
2024-09-02,52.49,52.9439
2024-09-03,52.74,52.991
2024-09-04,52.64,
2024-09-05,52.59,52.9911
2024-09-06,52.51,52.9911
2024-09-09,52.09,52.99
2024-09-10,50.0,52.5283
2024-09-11,50.04,52.2072
2024-09-12,50.0,51.0595
2024-09-13,50.0,49.1845
2024-09-16,50.0,47.7959
2024-09-17,50.0,47.3626
2024-09-18,50.0,47.0385
2024-09-19,50.0,47.4179
2024-09-20,50.0,48.7372
2024-09-23,50.0,50.2547
2024-09-24,50.0,49.9075
2024-09-25,50.0,47.2726
2024-09-26,50.0,47.1152
2024-09-27,50.0,48.4031
2024-09-30,50.0,50.5749
2024-10-01,50.0,49.6145
2024-10-02,50.0,49.7813
2024-10-03,50.0,49.7344
2024-10-04,50.0,49.9949
2024-10-07,50.0,49.8229
2024-10-08,50.0,49.9565
2024-10-09,50.0,49.8138
2024-10-10,50.0,49.71
2024-10-11,50.0,48.9504
2024-10-14,50.0,48.4093
2024-10-15,50.0,48.4173
2024-10-16,50.0,48.5104
2024-10-17,50.0,48.9438
2024-10-18,50.0,49.103
2024-10-21,50.0,49.305
2024-10-22,50.0,49.2782
2024-10-23,50.0,49.1835
2024-10-24,50.0,48.5443
2024-10-25,50.0,48.7948
2024-10-28,50.0,48.6841
2024-10-30,50.0,48.6061
2024-10-31,50.0,48.6169
2024-11-01,50.0,49.381
2024-11-04,50.0,49.8167
2024-11-05,50.0,
2024-11-06,50.0,49.9215
2024-11-07,50.0,49.7506
2024-11-08,50.0,49.5388
2024-11-11,50.0,49.3882
2024-11-12,50.0,49.3224
2024-11-13,50.0,48.9834
2024-11-14,50.0,49.0536
2024-11-15,50.0,49.1647
2024-11-18,50.0,49.1519
2024-11-19,50.0,49.1692
2024-11-20,50.0,49.2678
2024-11-21,50.0,49.3296
2024-11-22,50.0,49.425
2024-11-25,50.0,49.379
2024-11-26,50.0,49.3205
2024-11-27,50.0,49.3514
2024-11-28,50.0,49.4125
2024-11-29,50.0,49.7151
2024-12-02,50.0,49.7118
2024-12-03,50.0,49.5828
2024-12-04,50.0,49.3714
2024-12-05,50.0,49.4838
2024-12-06,50.0,50.009
2024-12-09,50.0,50.0604
2024-12-10,50.0,49.9179
2024-12-11,50.0,49.5271
2024-12-12,50.0,49.3312
2024-12-13,50.0,49.3182
2024-12-16,50.0,49.2055
2024-12-17,50.0,49.2439
2024-12-18,50.0,49.3302
2024-12-19,50.0,49.2447
2024-12-20,50.0,49.3466
2024-12-23,50.0,49.296
2024-12-24,50.0,49.309
2024-12-25,50.0,49.4242
2024-12-26,50.0,48.7801
2024-12-27,49.38,47.0796
2024-12-30,48.75,47.0615
2024-12-31,48.13,48.7972
2025-01-02,48.0,46.6232
2025-01-03,48.0,46.7629
2025-01-06,48.0,46.9186
2025-01-07,48.0,46.8244
2025-01-08,47.5,46.6829
2025-01-09,47.5,46.636
2025-01-10,47.5,46.6822
2025-01-13,47.5,46.4987
2025-01-14,47.5,46.5284
2025-01-15,47.5,46.6073
2025-01-16,47.5,46.6784
2025-01-17,47.5,46.7211
2025-01-20,47.5,46.6422
2025-01-21,47.5,46.5125
2025-01-22,47.5,
2025-01-23,47.5,46.2088
2025-01-24,45.0,
2025-01-27,45.0,44.3334
2025-01-28,45.0,44.3578
2025-01-29,45.0,44.3841
2025-01-30,45.0,44.4767
2025-01-31,45.0,44.487
2025-02-03,45.0,44.4889
2025-02-04,45.0,44.5905
2025-02-05,45.0,44.6477
2025-02-06,45.0,44.6111
2025-02-07,45.0,44.6453
2025-02-10,45.0,44.5928
2025-02-11,45.0,44.6266
2025-02-12,45.0,44.6629
2025-02-13,45.0,44.5011
2025-02-14,45.0,44.5113
2025-02-17,45.0,44.5124
2025-02-18,45.0,44.5117
2025-02-19,45.0,44.6596
2025-02-20,45.0,44.7751
2025-02-21,45.0,44.5984
2025-02-24,45.0,44.6679
2025-02-25,45.0,44.7051
2025-02-26,45.0,44.7118
2025-02-27,45.0,44.7304
2025-02-28,45.0,44.6362
2025-03-03,45.0,44.6939
2025-03-04,45.0,44.7272
2025-03-05,45.0,44.7305
2025-03-06,45.0,44.5019
2025-03-07,42.5,42.8617
2025-03-10,42.5,42.6926
2025-03-11,42.5,42.3486
2025-03-12,42.5,42.2256
2025-03-13,42.5,42.1837
2025-03-14,42.5,42.1628
2025-03-17,42.5,42.0251
2025-03-18,42.5,42.0218
2025-03-19,42.5,42.235
2025-03-20,42.5,43.6399
2025-03-21,42.5,45.7246
2025-03-24,45.94,45.9784
2025-03-25,45.95,45.983
2025-03-26,45.97,45.99
2025-03-27,42.5,
2025-03-28,46.0,45.9937
2025-04-02,46.0,45.9939
2025-04-03,46.0,45.9941
2025-04-04,46.0,45.9947
2025-04-07,46.0,45.9952
2025-04-08,46.0,45.9956
2025-04-09,46.0,45.9964
2025-04-10,46.0,45.9965
2025-04-11,46.0,45.9962
2025-04-14,46.0,45.9969
2025-04-15,46.0,45.9967
2025-04-16,46.0,45.996
2025-04-17,46.0,45.9963
2025-04-18,47.97,48.9902
2025-04-21,48.18,48.9932
2025-04-22,48.06,48.9927
2025-04-24,48.11,48.9918
2025-04-25,48.55,48.993
2025-04-28,48.77,48.9936
2025-04-29,48.78,48.9937
2025-04-30,48.78,48.9941
2025-05-02,48.82,48.9943
2025-05-05,48.83,
2025-05-06,48.79,48.9935
2025-05-07,48.74,48.993
2025-05-08,48.79,48.9945
2025-05-09,48.81,48.9948
2025-05-12,48.77,48.994
2025-05-13,48.62,48.992
2025-05-14,48.62,48.9921
2025-05-15,48.35,48.9904
2025-05-16,47.79,48.9778
2025-05-20,47.34,48.8789
2025-05-21,46.0,48.6186
2025-05-22,46.0,45.795
2025-05-23,48.69,48.8996
2025-05-26,48.94,48.9883
2025-05-27,48.97,48.9932
2025-05-28,48.97,48.9934
2025-05-29,48.98,48.9946
2025-05-30,48.98,48.994
2025-06-02,48.98,48.9942
2025-06-03,48.98,48.9946
2025-06-04,48.98,48.997
2025-06-05,48.98,48.9962
2025-06-10,48.55,48.9928
2025-06-11,47.99,48.9922
2025-06-12,46.11,48.5428
2025-06-13,46.0,47.1258
2025-06-16,46.0,46.3382
2025-06-17,46.0,46.1156
2025-06-18,46.0,46.1835
2025-06-19,46.0,47.0344
2025-06-20,46.0,46.3988
2025-06-23,46.0,46.4464
2025-06-24,46.0,46.557
2025-06-25,46.0,48.3955
2025-06-26,46.0,46.7095
2025-06-27,46.0,46.6851
2025-06-30,46.0,46.9709
2025-07-01,46.0,45.8966
2025-07-02,46.0,45.946
2025-07-03,46.0,46.1572
2025-07-04,46.0,46.845
2025-07-07,46.0,46.57
2025-07-08,46.0,46.0152
2025-07-09,46.0,45.9481
2025-07-10,46.0,45.8741
2025-07-11,46.0,45.5643
2025-07-14,46.0,45.5165
2025-07-16,46.0,45.6042
2025-07-17,46.0,45.7049
2025-07-18,46.0,45.5817
2025-07-21,46.0,45.6088
2025-07-22,46.0,45.5746
2025-07-23,46.0,45.6598
2025-07-24,46.0,45.6951
2025-07-25,43.0,42.8411
2025-07-28,43.0,42.6501
2025-07-29,43.0,42.6454
2025-07-30,43.0,42.6627
2025-07-31,43.0,42.6511
2025-08-01,43.0,42.6848
2025-08-04,43.0,42.6886
2025-08-05,43.0,42.7141
2025-08-06,43.0,42.7983
2025-08-07,43.0,42.8025
2025-08-08,43.0,42.7902
2025-08-11,43.0,42.6777
2025-08-12,43.0,42.6699
2025-08-13,43.0,42.6374
2025-08-14,43.0,42.6497
2025-08-15,43.0,42.6563
2025-08-18,43.0,42.6618
2025-08-19,43.0,42.6854
2025-08-20,43.0,42.77
2025-08-21,43.0,42.7744
2025-08-22,43.0,42.7324
2025-08-25,43.0,
2025-08-26,43.0,42.6808
2025-08-27,43.0,42.7011
2025-08-28,43.0,42.6708
2025-08-29,43.0,42.7211
2025-09-01,43.0,42.6995
2025-09-02,43.0,42.7263
2025-09-03,43.0,42.9092
2025-09-04,43.0,42.9004
2025-09-05,43.0,42.8282
2025-09-08,43.0,42.675
2025-09-09,43.0,42.6634
2025-09-10,43.0,42.9906
2025-09-11,43.0,42.9084
2025-09-12,41.15,40.1457
2025-09-15,40.5,40.0015
2025-09-16,40.5,40.0336
2025-09-17,40.5,40.0329
2025-09-18,40.5,40.1268
2025-09-19,40.5,40.0746
2025-09-22,40.5,40.1567
2025-09-23,40.5,40.2158
2025-09-24,40.5,40.3603
2025-09-25,40.5,40.1803
2025-09-26,40.5,40.2043
2025-09-29,40.5,40.2307
2025-09-30,40.5,40.2292
2025-10-01,40.5,40.1748
2025-10-02,40.5,40.2388
2025-10-03,40.5,40.2784
2025-10-06,40.5,40.286
2025-10-07,40.5,40.318
2025-10-08,40.5,40.3534
2025-10-09,40.5,40.2762
2025-10-10,40.5,40.2313
2025-10-13,40.5,40.1382
2025-10-14,40.5,40.0918
2025-10-15,40.5,40.1468
2025-10-16,40.5,40.1531
2025-10-17,40.5,40.0921
2025-10-20,40.5,40.1905
2025-10-21,40.5,40.2552
2025-10-22,40.5,40.2468
2025-10-23,40.5,40.2128
2025-10-24,39.5,39.1854
2025-10-27,39.5,39.1919
2025-10-28,39.5,39.2384
2025-10-30,39.5,39.243
2025-10-31,39.5,39.2338
2025-11-03,39.5,39.2312
2025-11-04,39.5,39.24
2025-11-05,39.5,39.2816
2025-11-06,39.5,39.2715
2025-11-07,39.5,39.2828
2025-11-10,39.5,39.2184
2025-11-11,39.5,39.2874
2025-11-12,39.5,39.2774
2025-11-13,39.5,39.2918
2025-11-14,39.5,39.3252
2025-11-17,39.5,39.3413
2025-11-18,39.5,39.345
2025-11-19,39.5,39.3039
2025-11-20,39.5,39.2893
2025-11-21,39.5,39.3328
2025-11-24,39.5,39.3097
2025-11-25,39.5,39.3354
2025-11-26,39.5,39.3705
2025-11-27,39.5,39.3624
2025-11-28,39.5,39.3832
2025-12-01,39.5,39.414
2025-12-02,39.5,39.3994
2025-12-03,39.5,39.3847
2025-12-04,39.5,39.3461
2025-12-05,39.5,39.3702
2025-12-08,39.5,39.2329
2025-12-09,39.5,39.2683
2025-12-10,39.5,39.3589
2025-12-11,39.5,39.3703
2025-12-12,38.0,37.8497
2025-12-15,38.0,37.744
2025-12-16,38.0,37.7181
2025-12-17,38.0,37.7264
2025-12-18,38.0,37.7092
2025-12-19,38.0,37.7681
2025-12-22,38.0,37.7485
2025-12-23,38.0,37.7719
2025-12-24,38.0,37.7752
2025-12-25,38.0,37.8143
2025-12-26,38.0,37.8657
2025-12-29,38.0,37.838
2025-12-30,38.0,37.8739
2025-12-31,38.0,37.9629
2026-01-02,38.0,37.7455
2026-01-05,38.0,37.7951
2026-01-06,38.0,37.8222
2026-01-07,38.0,37.8456
2026-01-08,38.0,37.8857
2026-01-09,38.0,37.8932
2026-01-12,38.0,37.8034
2026-01-13,38.0,37.7354
2026-01-14,38.0,37.6511
2026-01-15,38.0,37.615
2026-01-16,38.0,37.6272
2026-01-19,38.0,37.5865
2026-01-20,38.0,37.6453
2026-01-21,38.0,37.6765
2026-01-22,38.0,37.6193
2026-01-23,37.3,36.7439
2026-01-26,37.01,36.6818
2026-01-27,37.01,36.6662
2026-01-28,37.0,36.687
2026-01-29,37.0,36.803
2026-01-30,37.0,36.818
2026-02-02,37.0,36.8472
2026-02-03,37.0,36.962
2026-02-04,37.0,36.961
2026-02-05,37.0,36.9538
2026-02-06,37.0,36.9498
2026-02-09,37.0,36.9435
2026-02-10,37.0,36.921
2026-02-11,37.0,36.8686
2026-02-12,37.0,36.7394
2026-02-13,37.0,36.7293
2026-02-16,37.0,36.6837
2026-02-17,37.0,36.7038
2026-02-18,37.0,36.7198
2026-02-19,37.0,36.7251
2026-02-20,37.0,36.8506
2026-02-23,37.0,36.8874
2026-02-24,37.0,36.8403
2026-02-25,37.0,36.7839
2026-02-26,37.0,36.7634
2026-02-27,37.0,36.8726
2026-03-02,37.0,39.8379
2026-03-03,39.35,39.9314
2026-03-04,39.98,39.991
2026-03-05,39.99,39.9923
2026-03-06,40.0,39.9924
2026-03-09,40.0,39.9938
2026-03-10,40.0,39.9945
2026-03-11,40.0,39.9939
2026-03-12,40.0,39.9904
2026-03-13,40.0,39.9912
2026-03-16,40.0,39.9926
2026-03-17,40.0,39.9922
2026-03-18,40.0,39.9944
2026-03-19,40.0,39.994
2026-03-23,40.0,39.9952
2026-03-24,40.0,39.9949
2026-03-25,40.0,39.9957
2026-03-26,40.0,39.9961
2026-03-27,40.0,39.997
2026-03-30,40.0,39.9978
2026-03-31,40.0,39.9978
2026-04-01,40.0,39.9964
2026-04-02,40.0,39.9956
2026-04-03,40.0,39.9948
2026-04-06,40.0,39.9944
2026-04-07,40.0,39.9948
2026-04-08,40.0,39.9944
2026-04-09,40.0,39.9927
2026-04-10,40.0,39.9932
2026-04-13,40.0,39.9895
2026-04-14,40.0,39.9804
2026-04-15,40.0,39.9447
2026-04-16,40.0,39.8729
2026-04-17,40.0,39.8118
2026-04-20,40.0,39.8807
2026-04-21,40.0,39.9549
2026-04-22,40.0,39.9436
2026-04-24,40.0,39.9889
2026-04-27,40.0,39.9846
2026-04-28,40.0,39.9729
2026-04-29,40.0,39.9882
2026-04-30,40.0,39.9913
2026-05-04,40.0,39.9917
2026-05-05,40.0,39.993
2026-05-06,40.0,39.9921
2026-05-07,40.0,39.9918
2026-05-08,40.0,39.9932
2026-05-11,40.0,39.9935
2026-05-12,40.0,39.9932
2026-05-13,40.0,39.9913
2026-05-14,40.0,39.9908
2026-05-15,40.0,39.9914
2026-05-18,40.0,39.9907
2026-05-20,40.0,39.9835
2026-05-21,40.0,39.9837
2026-05-22,40.0,39.9951
2026-05-25,40.0,39.9963
2026-05-26,40.0,39.9959
2026-06-01,40.0,39.9957
2026-06-02,40.0,39.9946
2026-06-03,40.0,39.9934
2026-06-04,40.0,39.9926
2026-06-05,40.0,39.9938
2026-06-08,40.0,39.9957
2026-06-09,40.0,39.9958
2026-06-10,40.0,39.9959
2026-06-11,40.0,39.9945
2026-06-12,40.0,39.9945
2026-06-15,40.0,39.9944
2026-06-16,40.0,39.9941
2026-06-17,40.0,39.993
2026-06-18,40.0,39.9917
2026-06-19,40.0,39.9913
2026-06-22,40.0,39.9929
2026-06-23,40.0,39.9921
2026-06-24,40.0,39.9929
2026-06-25,40.0,39.9927
2026-06-26,40.0,39.9925
2026-06-29,40.0,39.9931
2026-06-30,40.0,39.9929
2026-07-01,40.0,39.9929
2026-07-02,40.0,39.9924
2026-07-03,40.0,39.9937
2026-07-06,40.0,39.9938
2026-07-07,40.0,39.9931
2026-07-08,40.0,39.9942
2026-07-09,40.0,39.9938
2026-07-10,40.0,39.9935
2026-07-13,40.0,39.9908
2026-07-14,40.0,39.984
2026-07-16,40.0,39.9128
2026-07-17,40.0,39.9123
2026-07-20,40.0,39.8966
2026-07-21,40.0,39.8866
2026-07-22,40.0,39.8971
2026-07-23,40.0,39.936
2026-07-24,40.0,39.941
2026-07-27,40.0,39.9128
2026-07-28,40.0,39.891
2026-07-29,40.0,39.8372
2026-07-30,40.0,39.8201
2026-07-31,40.0,39.9543
2026-08-03,40.0,39.99
2026-08-04,40.0,39.99
2026-08-05,40.0,39.99
2026-08-06,40.0,39.99
2026-08-07,40.0,39.9219
2026-08-10,40.0,39.9113
2026-08-11,40.0,39.9022
2026-08-12,40.0,39.8893
2026-08-13,40.0,39.8133
2026-08-14,40.0,39.7965
2026-08-17,40.0,39.7916
2026-08-18,40.0,39.8271
2026-08-19,40.0,39.8297
2026-08-20,40.0,
