Tarih,TP_MK_KUL_YTL,TP_MK_RES_YTL,TP_MK_CUM_YTL,UNIXTIME
1926-1,,,,"{""numberLong"":""-1388541600""}"
1926-2,,,,"{""numberLong"":""-1385863200""}"
1926-3,,,,"{""numberLong"":""-1383444000""}"
1926-4,,,,"{""numberLong"":""-1380765600""}"
1926-5,,,,"{""numberLong"":""-1378173600""}"
1926-6,,,,"{""numberLong"":""-1375495200""}"
1926-7,,,,"{""numberLong"":""-1372903200""}"
1926-8,,,,"{""numberLong"":""-1370224800""}"
1926-9,,,,"{""numberLong"":""-1367546400""}"
1926-10,,,,"{""numberLong"":""-1364954400""}"
1926-11,,,,"{""numberLong"":""-1362276000""}"
1926-12,,8e-06,,"{""numberLong"":""-1359684000""}"
1927-1,,,,"{""numberLong"":""-1357005600""}"
1927-2,,,,"{""numberLong"":""-1354327200""}"
1927-3,,,,"{""numberLong"":""-1351908000""}"
1927-4,,,,"{""numberLong"":""-1349229600""}"
1927-5,,,,"{""numberLong"":""-1346637600""}"
1927-6,,,,"{""numberLong"":""-1343959200""}"
1927-7,,,,"{""numberLong"":""-1341367200""}"
1927-8,,,,"{""numberLong"":""-1338688800""}"
1927-9,,,,"{""numberLong"":""-1336010400""}"
1927-10,,,,"{""numberLong"":""-1333418400""}"
1927-11,,,,"{""numberLong"":""-1330740000""}"
1927-12,,8e-06,,"{""numberLong"":""-1328148000""}"
1928-1,,,,"{""numberLong"":""-1325469600""}"
1928-2,,,,"{""numberLong"":""-1322791200""}"
1928-3,,,,"{""numberLong"":""-1320285600""}"
1928-4,,,,"{""numberLong"":""-1317607200""}"
1928-5,,,,"{""numberLong"":""-1315015200""}"
1928-6,,,,"{""numberLong"":""-1312336800""}"
1928-7,,,,"{""numberLong"":""-1309744800""}"
1928-8,,,,"{""numberLong"":""-1307066400""}"
1928-9,,,,"{""numberLong"":""-1304388000""}"
1928-10,,,,"{""numberLong"":""-1301796000""}"
1928-11,,,,"{""numberLong"":""-1299117600""}"
1928-12,,8e-06,,"{""numberLong"":""-1296525600""}"
1929-1,,,,"{""numberLong"":""-1293847200""}"
1929-2,,,,"{""numberLong"":""-1291168800""}"
1929-3,,,,"{""numberLong"":""-1288749600""}"
1929-4,,,,"{""numberLong"":""-1286071200""}"
1929-5,,,,"{""numberLong"":""-1283479200""}"
1929-6,,,,"{""numberLong"":""-1280800800""}"
1929-7,,,,"{""numberLong"":""-1278208800""}"
1929-8,,,,"{""numberLong"":""-1275530400""}"
1929-9,,,,"{""numberLong"":""-1272852000""}"
1929-10,,,,"{""numberLong"":""-1270260000""}"
1929-11,,,,"{""numberLong"":""-1267581600""}"
1929-12,,9e-06,,"{""numberLong"":""-1264989600""}"
1930-1,,,,"{""numberLong"":""-1262311200""}"
1930-2,,,,"{""numberLong"":""-1259632800""}"
1930-3,,,,"{""numberLong"":""-1257213600""}"
1930-4,,,,"{""numberLong"":""-1254535200""}"
1930-5,,,,"{""numberLong"":""-1251943200""}"
1930-6,,,,"{""numberLong"":""-1249264800""}"
1930-7,,,,"{""numberLong"":""-1246672800""}"
1930-8,,,,"{""numberLong"":""-1243994400""}"
1930-9,,,,"{""numberLong"":""-1241316000""}"
1930-10,,,,"{""numberLong"":""-1238724000""}"
1930-11,,,,"{""numberLong"":""-1236045600""}"
1930-12,,9e-06,,"{""numberLong"":""-1233453600""}"
1931-1,,,,"{""numberLong"":""-1230775200""}"
1931-2,,,,"{""numberLong"":""-1228096800""}"
1931-3,,,,"{""numberLong"":""-1225677600""}"
1931-4,,,,"{""numberLong"":""-1222999200""}"
1931-5,,,,"{""numberLong"":""-1220407200""}"
1931-6,,,,"{""numberLong"":""-1217728800""}"
1931-7,,,,"{""numberLong"":""-1215136800""}"
1931-8,,,,"{""numberLong"":""-1212458400""}"
1931-9,,,,"{""numberLong"":""-1209780000""}"
1931-10,,,,"{""numberLong"":""-1207188000""}"
1931-11,,,,"{""numberLong"":""-1204509600""}"
1931-12,,9e-06,,"{""numberLong"":""-1201917600""}"
1932-1,,,,"{""numberLong"":""-1199239200""}"
1932-2,,,,"{""numberLong"":""-1196560800""}"
1932-3,,,,"{""numberLong"":""-1194055200""}"
1932-4,,,,"{""numberLong"":""-1191376800""}"
1932-5,,,,"{""numberLong"":""-1188784800""}"
1932-6,,,,"{""numberLong"":""-1186106400""}"
1932-7,,,,"{""numberLong"":""-1183514400""}"
1932-8,,,,"{""numberLong"":""-1180836000""}"
1932-9,,,,"{""numberLong"":""-1178154000""}"
1932-10,,,,"{""numberLong"":""-1175562000""}"
1932-11,,,,"{""numberLong"":""-1172883600""}"
1932-12,,9e-06,,"{""numberLong"":""-1170291600""}"
1933-1,,,,"{""numberLong"":""-1167613200""}"
1933-2,,,,"{""numberLong"":""-1164934800""}"
1933-3,,,,"{""numberLong"":""-1162515600""}"
1933-4,,,,"{""numberLong"":""-1159837200""}"
1933-5,,,,"{""numberLong"":""-1157245200""}"
1933-6,,,,"{""numberLong"":""-1154566800""}"
1933-7,,,,"{""numberLong"":""-1151974800""}"
1933-8,,,,"{""numberLong"":""-1149296400""}"
1933-9,,,,"{""numberLong"":""-1146618000""}"
1933-10,,,,"{""numberLong"":""-1144026000""}"
1933-11,,,,"{""numberLong"":""-1141347600""}"
1933-12,,9e-06,,"{""numberLong"":""-1138755600""}"
1934-1,,,,"{""numberLong"":""-1136077200""}"
1934-2,,,,"{""numberLong"":""-1133398800""}"
1934-3,,,,"{""numberLong"":""-1130979600""}"
1934-4,,,,"{""numberLong"":""-1128301200""}"
1934-5,,,,"{""numberLong"":""-1125709200""}"
1934-6,,,,"{""numberLong"":""-1123030800""}"
1934-7,,,,"{""numberLong"":""-1120438800""}"
1934-8,,,,"{""numberLong"":""-1117760400""}"
1934-9,,,,"{""numberLong"":""-1115082000""}"
1934-10,,,,"{""numberLong"":""-1112490000""}"
1934-11,,,,"{""numberLong"":""-1109811600""}"
1934-12,,9e-06,,"{""numberLong"":""-1107219600""}"
1935-1,,,,"{""numberLong"":""-1104541200""}"
1935-2,,,,"{""numberLong"":""-1101862800""}"
1935-3,,,,"{""numberLong"":""-1099443600""}"
1935-4,,,,"{""numberLong"":""-1096765200""}"
1935-5,,,,"{""numberLong"":""-1094173200""}"
1935-6,,,,"{""numberLong"":""-1091494800""}"
1935-7,,,,"{""numberLong"":""-1088902800""}"
1935-8,,,,"{""numberLong"":""-1086224400""}"
1935-9,,,,"{""numberLong"":""-1083546000""}"
1935-10,,,,"{""numberLong"":""-1080954000""}"
1935-11,,,,"{""numberLong"":""-1078275600""}"
1935-12,,9e-06,,"{""numberLong"":""-1075683600""}"
1936-1,,,,"{""numberLong"":""-1073005200""}"
1936-2,,,,"{""numberLong"":""-1070326800""}"
1936-3,,,,"{""numberLong"":""-1067821200""}"
1936-4,,,,"{""numberLong"":""-1065142800""}"
1936-5,,,,"{""numberLong"":""-1062550800""}"
1936-6,,,,"{""numberLong"":""-1059872400""}"
1936-7,,,,"{""numberLong"":""-1057280400""}"
1936-8,,,,"{""numberLong"":""-1054602000""}"
1936-9,,,,"{""numberLong"":""-1051923600""}"
1936-10,,,,"{""numberLong"":""-1049331600""}"
1936-11,,,,"{""numberLong"":""-1046653200""}"
1936-12,,1e-05,,"{""numberLong"":""-1044061200""}"
1937-1,,,,"{""numberLong"":""-1041382800""}"
1937-2,,,,"{""numberLong"":""-1038704400""}"
1937-3,,,,"{""numberLong"":""-1036285200""}"
1937-4,,,,"{""numberLong"":""-1033606800""}"
1937-5,,,,"{""numberLong"":""-1031014800""}"
1937-6,,,,"{""numberLong"":""-1028336400""}"
1937-7,,,,"{""numberLong"":""-1025744400""}"
1937-8,,,,"{""numberLong"":""-1023066000""}"
1937-9,,,,"{""numberLong"":""-1020387600""}"
1937-10,,,,"{""numberLong"":""-1017795600""}"
1937-11,,,,"{""numberLong"":""-1015117200""}"
1937-12,,1.1e-05,,"{""numberLong"":""-1012525200""}"
1938-1,,,,"{""numberLong"":""-1009846800""}"
1938-2,,,,"{""numberLong"":""-1007168400""}"
1938-3,,,,"{""numberLong"":""-1004749200""}"
1938-4,,,,"{""numberLong"":""-1002070800""}"
1938-5,,,,"{""numberLong"":""-999478800""}"
1938-6,,,,"{""numberLong"":""-996800400""}"
1938-7,,,,"{""numberLong"":""-994208400""}"
1938-8,,,,"{""numberLong"":""-991530000""}"
1938-9,,,,"{""numberLong"":""-988851600""}"
1938-10,,,,"{""numberLong"":""-986259600""}"
1938-11,,,,"{""numberLong"":""-983581200""}"
1938-12,,1.3e-05,,"{""numberLong"":""-980989200""}"
1939-1,,,,"{""numberLong"":""-978310800""}"
1939-2,,,,"{""numberLong"":""-975632400""}"
1939-3,,,,"{""numberLong"":""-973213200""}"
1939-4,,,,"{""numberLong"":""-970534800""}"
1939-5,,,,"{""numberLong"":""-967942800""}"
1939-6,,,,"{""numberLong"":""-965264400""}"
1939-7,,,,"{""numberLong"":""-962672400""}"
1939-8,,,,"{""numberLong"":""-959994000""}"
1939-9,,,,"{""numberLong"":""-957315600""}"
1939-10,,,,"{""numberLong"":""-954723600""}"
1939-11,,,,"{""numberLong"":""-952045200""}"
1939-12,,1.5e-05,,"{""numberLong"":""-949453200""}"
1940-1,,,,"{""numberLong"":""-946774800""}"
1940-2,,,,"{""numberLong"":""-944096400""}"
1940-3,,,,"{""numberLong"":""-941590800""}"
1940-4,,,,"{""numberLong"":""-938912400""}"
1940-5,,,,"{""numberLong"":""-936320400""}"
1940-6,,,,"{""numberLong"":""-933642000""}"
1940-7,,,,"{""numberLong"":""-931050000""}"
1940-8,,,,"{""numberLong"":""-928371600""}"
1940-9,,,,"{""numberLong"":""-925693200""}"
1940-10,,,,"{""numberLong"":""-923101200""}"
1940-11,,,,"{""numberLong"":""-920422800""}"
1940-12,3e-06,2.1e-05,,"{""numberLong"":""-917830800""}"
1941-1,,,,"{""numberLong"":""-915152400""}"
1941-2,,,,"{""numberLong"":""-912474000""}"
1941-3,,,,"{""numberLong"":""-910054800""}"
1941-4,,,,"{""numberLong"":""-907376400""}"
1941-5,,,,"{""numberLong"":""-904784400""}"
1941-6,,,,"{""numberLong"":""-902106000""}"
1941-7,,,,"{""numberLong"":""-899514000""}"
1941-8,,,,"{""numberLong"":""-896835600""}"
1941-9,,,,"{""numberLong"":""-894157200""}"
1941-10,,,,"{""numberLong"":""-891565200""}"
1941-11,,,,"{""numberLong"":""-888886800""}"
1941-12,3e-06,2.6e-05,,"{""numberLong"":""-886294800""}"
1942-1,,,,"{""numberLong"":""-883616400""}"
1942-2,,,,"{""numberLong"":""-880938000""}"
1942-3,,,,"{""numberLong"":""-878518800""}"
1942-4,,,,"{""numberLong"":""-875840400""}"
1942-5,,,,"{""numberLong"":""-873248400""}"
1942-6,,,,"{""numberLong"":""-870570000""}"
1942-7,,,,"{""numberLong"":""-867978000""}"
1942-8,,,,"{""numberLong"":""-865299600""}"
1942-9,,,,"{""numberLong"":""-862621200""}"
1942-10,,,,"{""numberLong"":""-860029200""}"
1942-11,,,,"{""numberLong"":""-857350800""}"
1942-12,5e-06,3.3e-05,,"{""numberLong"":""-854755200""}"
1943-1,,,,"{""numberLong"":""-852076800""}"
1943-2,,,,"{""numberLong"":""-849398400""}"
1943-3,,,,"{""numberLong"":""-846979200""}"
1943-4,,,,"{""numberLong"":""-844304400""}"
1943-5,,,,"{""numberLong"":""-841712400""}"
1943-6,,,,"{""numberLong"":""-839034000""}"
1943-7,,,,"{""numberLong"":""-836442000""}"
1943-8,,,,"{""numberLong"":""-833763600""}"
1943-9,,,,"{""numberLong"":""-831085200""}"
1943-10,,,,"{""numberLong"":""-828493200""}"
1943-11,,,,"{""numberLong"":""-825811200""}"
1943-12,4e-06,3.4e-05,,"{""numberLong"":""-823219200""}"
1944-1,,,,"{""numberLong"":""-820540800""}"
1944-2,,,,"{""numberLong"":""-817862400""}"
1944-3,,,,"{""numberLong"":""-815356800""}"
1944-4,,,,"{""numberLong"":""-812678400""}"
1944-5,,,,"{""numberLong"":""-810090000""}"
1944-6,,,,"{""numberLong"":""-807411600""}"
1944-7,,,,"{""numberLong"":""-804819600""}"
1944-8,,,,"{""numberLong"":""-802141200""}"
1944-9,,,,"{""numberLong"":""-799462800""}"
1944-10,,,,"{""numberLong"":""-796870800""}"
1944-11,,,,"{""numberLong"":""-794192400""}"
1944-12,5e-06,3.8e-05,,"{""numberLong"":""-791600400""}"
1945-1,,,,"{""numberLong"":""-788922000""}"
1945-2,,,,"{""numberLong"":""-786243600""}"
1945-3,,,,"{""numberLong"":""-783824400""}"
1945-4,,,,"{""numberLong"":""-781146000""}"
1945-5,,,,"{""numberLong"":""-778554000""}"
1945-6,,,,"{""numberLong"":""-775875600""}"
1945-7,,,,"{""numberLong"":""-773283600""}"
1945-8,,,,"{""numberLong"":""-770605200""}"
1945-9,,,,"{""numberLong"":""-767926800""}"
1945-10,,,,"{""numberLong"":""-765334800""}"
1945-11,,,,"{""numberLong"":""-762656400""}"
1945-12,5e-06,3.6e-05,,"{""numberLong"":""-760064400""}"
1946-1,,,,"{""numberLong"":""-757386000""}"
1946-2,,,,"{""numberLong"":""-754707600""}"
1946-3,,,,"{""numberLong"":""-752288400""}"
1946-4,,,,"{""numberLong"":""-749610000""}"
1946-5,,,,"{""numberLong"":""-747018000""}"
1946-6,,,,"{""numberLong"":""-744339600""}"
1946-7,,,,"{""numberLong"":""-741747600""}"
1946-8,,,,"{""numberLong"":""-739069200""}"
1946-9,,,,"{""numberLong"":""-736390800""}"
1946-10,,,,"{""numberLong"":""-733798800""}"
1946-11,,,,"{""numberLong"":""-731120400""}"
1946-12,5e-06,3.4e-05,,"{""numberLong"":""-728528400""}"
1947-1,,,,"{""numberLong"":""-725850000""}"
1947-2,,,,"{""numberLong"":""-723171600""}"
1947-3,,,,"{""numberLong"":""-720752400""}"
1947-4,,,,"{""numberLong"":""-718074000""}"
1947-5,,,,"{""numberLong"":""-715482000""}"
1947-6,,,,"{""numberLong"":""-712803600""}"
1947-7,,,,"{""numberLong"":""-710211600""}"
1947-8,,,,"{""numberLong"":""-707533200""}"
1947-9,,,,"{""numberLong"":""-704854800""}"
1947-10,,,,"{""numberLong"":""-702262800""}"
1947-11,,,,"{""numberLong"":""-699584400""}"
1947-12,5e-06,3.3e-05,,"{""numberLong"":""-696992400""}"
1948-1,,,,"{""numberLong"":""-694314000""}"
1948-2,,,,"{""numberLong"":""-691635600""}"
1948-3,,,,"{""numberLong"":""-689130000""}"
1948-4,,,,"{""numberLong"":""-686451600""}"
1948-5,,,,"{""numberLong"":""-683859600""}"
1948-6,,,,"{""numberLong"":""-681181200""}"
1948-7,,,,"{""numberLong"":""-678589200""}"
1948-8,,,,"{""numberLong"":""-675910800""}"
1948-9,,,,"{""numberLong"":""-673232400""}"
1948-10,,,,"{""numberLong"":""-670640400""}"
1948-11,,,,"{""numberLong"":""-667962000""}"
1948-12,6e-06,4.1e-05,,"{""numberLong"":""-665370000""}"
1949-1,,,,"{""numberLong"":""-662691600""}"
1949-2,,,,"{""numberLong"":""-660013200""}"
1949-3,,,,"{""numberLong"":""-657594000""}"
1949-4,,,,"{""numberLong"":""-654915600""}"
1949-5,,,,"{""numberLong"":""-652323600""}"
1949-6,,,,"{""numberLong"":""-649645200""}"
1949-7,,,,"{""numberLong"":""-647053200""}"
1949-8,,,,"{""numberLong"":""-644374800""}"
1949-9,,,,"{""numberLong"":""-641696400""}"
1949-10,,,,"{""numberLong"":""-639104400""}"
1949-11,,,,"{""numberLong"":""-636426000""}"
1949-12,6e-06,4.4e-05,,"{""numberLong"":""-633834000""}"
1950-1,,,,"{""numberLong"":""-631155600""}"
1950-2,,,,"{""numberLong"":""-628477200""}"
1950-3,,,,"{""numberLong"":""-626058000""}"
1950-4,,,,"{""numberLong"":""-623379600""}"
1950-5,,,,"{""numberLong"":""-620787600""}"
1950-6,,,,"{""numberLong"":""-618109200""}"
1950-7,,,,"{""numberLong"":""-615517200""}"
1950-8,,,,"{""numberLong"":""-612838800""}"
1950-9,,,,"{""numberLong"":""-610160400""}"
1950-10,,,,"{""numberLong"":""-607568400""}"
1950-11,,,,"{""numberLong"":""-604890000""}"
1950-12,5e-06,3.9e-05,3.5e-05,"{""numberLong"":""-602298000""}"
1951-1,,,,"{""numberLong"":""-599619600""}"
1951-2,,,,"{""numberLong"":""-596941200""}"
1951-3,,,,"{""numberLong"":""-594522000""}"
1951-4,,,,"{""numberLong"":""-591843600""}"
1951-5,,,,"{""numberLong"":""-589251600""}"
1951-6,,,,"{""numberLong"":""-586573200""}"
1951-7,,,,"{""numberLong"":""-583981200""}"
1951-8,,,,"{""numberLong"":""-581302800""}"
1951-9,,,,"{""numberLong"":""-578624400""}"
1951-10,,,,"{""numberLong"":""-576032400""}"
1951-11,,,,"{""numberLong"":""-573354000""}"
1951-12,5e-06,3.9e-05,3.4e-05,"{""numberLong"":""-570762000""}"
1952-1,,,,"{""numberLong"":""-568083600""}"
1952-2,,,,"{""numberLong"":""-565405200""}"
1952-3,,,,"{""numberLong"":""-562899600""}"
1952-4,,,,"{""numberLong"":""-560221200""}"
1952-5,,,,"{""numberLong"":""-557629200""}"
1952-6,,,,"{""numberLong"":""-554950800""}"
1952-7,,,,"{""numberLong"":""-552362400""}"
1952-8,,,,"{""numberLong"":""-549684000""}"
1952-9,,,,"{""numberLong"":""-547005600""}"
1952-10,,,,"{""numberLong"":""-544413600""}"
1952-11,,,,"{""numberLong"":""-541735200""}"
1952-12,6e-06,4.3e-05,3.8e-05,"{""numberLong"":""-539139600""}"
1953-1,,,,"{""numberLong"":""-536461200""}"
1953-2,,,,"{""numberLong"":""-533782800""}"
1953-3,,,,"{""numberLong"":""-531363600""}"
1953-4,,,,"{""numberLong"":""-528685200""}"
1953-5,,,,"{""numberLong"":""-526093200""}"
1953-6,,,,"{""numberLong"":""-523414800""}"
1953-7,,,,"{""numberLong"":""-520822800""}"
1953-8,,,,"{""numberLong"":""-518144400""}"
1953-9,,,,"{""numberLong"":""-515466000""}"
1953-10,,,,"{""numberLong"":""-512874000""}"
1953-11,,,,"{""numberLong"":""-510195600""}"
1953-12,6e-06,4.9e-05,4.4e-05,"{""numberLong"":""-507603600""}"
1954-1,,,,"{""numberLong"":""-504925200""}"
1954-2,,,,"{""numberLong"":""-502246800""}"
1954-3,,,,"{""numberLong"":""-499827600""}"
1954-4,,,,"{""numberLong"":""-497149200""}"
1954-5,,,,"{""numberLong"":""-494557200""}"
1954-6,,,,"{""numberLong"":""-491878800""}"
1954-7,,,,"{""numberLong"":""-489286800""}"
1954-8,,,,"{""numberLong"":""-486608400""}"
1954-9,,,,"{""numberLong"":""-483930000""}"
1954-10,,,,"{""numberLong"":""-481338000""}"
1954-11,,,,"{""numberLong"":""-478659600""}"
1954-12,7e-06,5.7e-05,4.9e-05,"{""numberLong"":""-476067600""}"
1955-1,,,,"{""numberLong"":""-473389200""}"
1955-2,,,,"{""numberLong"":""-470710800""}"
1955-3,,,,"{""numberLong"":""-468291600""}"
1955-4,,,,"{""numberLong"":""-465613200""}"
1955-5,,,,"{""numberLong"":""-463021200""}"
1955-6,,,,"{""numberLong"":""-460342800""}"
1955-7,,,,"{""numberLong"":""-457750800""}"
1955-8,,,,"{""numberLong"":""-455072400""}"
1955-9,,,,"{""numberLong"":""-452394000""}"
1955-10,,,,"{""numberLong"":""-449802000""}"
1955-11,,,,"{""numberLong"":""-447123600""}"
1955-12,1e-05,7.5e-05,6.6e-05,"{""numberLong"":""-444531600""}"
1956-1,,,,"{""numberLong"":""-441853200""}"
1956-2,,,,"{""numberLong"":""-439174800""}"
1956-3,,,,"{""numberLong"":""-436669200""}"
1956-4,,,,"{""numberLong"":""-433990800""}"
1956-5,,,,"{""numberLong"":""-431398800""}"
1956-6,,,,"{""numberLong"":""-428720400""}"
1956-7,,,,"{""numberLong"":""-426128400""}"
1956-8,,,,"{""numberLong"":""-423450000""}"
1956-9,,,,"{""numberLong"":""-420771600""}"
1956-10,,,,"{""numberLong"":""-418179600""}"
1956-11,,,,"{""numberLong"":""-415501200""}"
1956-12,1.2e-05,9.8e-05,8.4e-05,"{""numberLong"":""-412909200""}"
1957-1,,,,"{""numberLong"":""-410230800""}"
1957-2,,,,"{""numberLong"":""-407552400""}"
1957-3,,,,"{""numberLong"":""-405133200""}"
1957-4,,,,"{""numberLong"":""-402454800""}"
1957-5,,,,"{""numberLong"":""-399862800""}"
1957-6,,,,"{""numberLong"":""-397184400""}"
1957-7,,,,"{""numberLong"":""-394592400""}"
1957-8,,,,"{""numberLong"":""-391914000""}"
1957-9,,,,"{""numberLong"":""-389235600""}"
1957-10,,,,"{""numberLong"":""-386643600""}"
1957-11,,,,"{""numberLong"":""-383965200""}"
1957-12,1.6e-05,0.000131,0.000109,"{""numberLong"":""-381373200""}"
1958-1,,,,"{""numberLong"":""-378694800""}"
1958-2,,,,"{""numberLong"":""-376016400""}"
1958-3,,,,"{""numberLong"":""-373597200""}"
1958-4,,,,"{""numberLong"":""-370918800""}"
1958-5,,,,"{""numberLong"":""-368326800""}"
1958-6,,,,"{""numberLong"":""-365648400""}"
1958-7,,,,"{""numberLong"":""-363056400""}"
1958-8,,,,"{""numberLong"":""-360378000""}"
1958-9,,,,"{""numberLong"":""-357699600""}"
1958-10,,,,"{""numberLong"":""-355107600""}"
1958-11,,,,"{""numberLong"":""-352429200""}"
1958-12,1.9e-05,0.000161,0.000129,"{""numberLong"":""-349837200""}"
1959-1,,,,"{""numberLong"":""-347158800""}"
1959-2,,,,"{""numberLong"":""-344480400""}"
1959-3,,,,"{""numberLong"":""-342061200""}"
1959-4,,,,"{""numberLong"":""-339382800""}"
1959-5,,,,"{""numberLong"":""-336790800""}"
1959-6,,,,"{""numberLong"":""-334112400""}"
1959-7,,,,"{""numberLong"":""-331520400""}"
1959-8,,,,"{""numberLong"":""-328842000""}"
1959-9,,,,"{""numberLong"":""-326163600""}"
1959-10,,,,"{""numberLong"":""-323571600""}"
1959-11,,,,"{""numberLong"":""-320893200""}"
1959-12,1.7e-05,0.000149,0.00011,"{""numberLong"":""-318301200""}"
1960-1,,,,"{""numberLong"":""-315622800""}"
1960-2,,,,"{""numberLong"":""-312944400""}"
1960-3,,,,"{""numberLong"":""-310438800""}"
1960-4,,,,"{""numberLong"":""-307760400""}"
1960-5,,,,"{""numberLong"":""-305168400""}"
1960-6,,,,"{""numberLong"":""-302490000""}"
1960-7,,,,"{""numberLong"":""-299898000""}"
1960-8,,,,"{""numberLong"":""-297219600""}"
1960-9,,,,"{""numberLong"":""-294541200""}"
1960-10,,,,"{""numberLong"":""-291949200""}"
1960-11,,,,"{""numberLong"":""-289270800""}"
1960-12,1.6e-05,0.00014,0.000108,"{""numberLong"":""-286678800""}"
1961-1,,,,"{""numberLong"":""-284000400""}"
1961-2,,,,"{""numberLong"":""-281322000""}"
1961-3,,,,"{""numberLong"":""-278902800""}"
1961-4,,,,"{""numberLong"":""-276224400""}"
1961-5,,,,"{""numberLong"":""-273632400""}"
1961-6,,,,"{""numberLong"":""-270954000""}"
1961-7,,,,"{""numberLong"":""-268362000""}"
1961-8,,,,"{""numberLong"":""-265683600""}"
1961-9,,,,"{""numberLong"":""-263005200""}"
1961-10,,,,"{""numberLong"":""-260413200""}"
1961-11,,,,"{""numberLong"":""-257734800""}"
1961-12,1.6e-05,0.000137,0.000106,"{""numberLong"":""-255142800""}"
1962-1,,,,"{""numberLong"":""-252464400""}"
1962-2,,,,"{""numberLong"":""-249786000""}"
1962-3,,,,"{""numberLong"":""-247366800""}"
1962-4,,,,"{""numberLong"":""-244688400""}"
1962-5,,,,"{""numberLong"":""-242096400""}"
1962-6,,,,"{""numberLong"":""-239418000""}"
1962-7,,,,"{""numberLong"":""-236826000""}"
1962-8,,,,"{""numberLong"":""-234147600""}"
1962-9,,,,"{""numberLong"":""-231469200""}"
1962-10,,,,"{""numberLong"":""-228877200""}"
1962-11,,,,"{""numberLong"":""-226198800""}"
1962-12,1.5e-05,0.000137,0.0001,"{""numberLong"":""-223606800""}"
1963-1,,,,"{""numberLong"":""-220928400""}"
1963-2,,,,"{""numberLong"":""-218250000""}"
1963-3,,,,"{""numberLong"":""-215830800""}"
1963-4,,,,"{""numberLong"":""-213152400""}"
1963-5,,,,"{""numberLong"":""-210560400""}"
1963-6,,,,"{""numberLong"":""-207882000""}"
1963-7,,,,"{""numberLong"":""-205290000""}"
1963-8,,,,"{""numberLong"":""-202611600""}"
1963-9,,,,"{""numberLong"":""-199933200""}"
1963-10,,,,"{""numberLong"":""-197341200""}"
1963-11,,,,"{""numberLong"":""-194662800""}"
1963-12,1.4e-05,0.000136,9.4e-05,"{""numberLong"":""-192070800""}"
1964-1,,,,"{""numberLong"":""-189392400""}"
1964-2,,,,"{""numberLong"":""-186714000""}"
1964-3,,,,"{""numberLong"":""-184208400""}"
1964-4,,,,"{""numberLong"":""-181530000""}"
1964-5,,,,"{""numberLong"":""-178938000""}"
1964-6,,,,"{""numberLong"":""-176259600""}"
1964-7,,,,"{""numberLong"":""-173667600""}"
1964-8,,,,"{""numberLong"":""-170989200""}"
1964-9,,,,"{""numberLong"":""-168310800""}"
1964-10,,,,"{""numberLong"":""-165718800""}"
1964-11,,,,"{""numberLong"":""-163040400""}"
1964-12,1.4e-05,0.000141,9.4e-05,"{""numberLong"":""-160448400""}"
1965-1,,,,"{""numberLong"":""-157770000""}"
1965-2,,,,"{""numberLong"":""-155091600""}"
1965-3,,,,"{""numberLong"":""-152672400""}"
1965-4,,,,"{""numberLong"":""-149994000""}"
1965-5,,,,"{""numberLong"":""-147402000""}"
1965-6,,,,"{""numberLong"":""-144723600""}"
1965-7,,,,"{""numberLong"":""-142131600""}"
1965-8,,,,"{""numberLong"":""-139453200""}"
1965-9,,,,"{""numberLong"":""-136774800""}"
1965-10,,,,"{""numberLong"":""-134182800""}"
1965-11,,,,"{""numberLong"":""-131504400""}"
1965-12,1.4e-05,0.000149,9.4e-05,"{""numberLong"":""-128912400""}"
1966-1,,,,"{""numberLong"":""-126234000""}"
1966-2,,,,"{""numberLong"":""-123555600""}"
1966-3,,,,"{""numberLong"":""-121136400""}"
1966-4,,,,"{""numberLong"":""-118458000""}"
1966-5,,,,"{""numberLong"":""-115866000""}"
1966-6,,,,"{""numberLong"":""-113187600""}"
1966-7,,,,"{""numberLong"":""-110595600""}"
1966-8,,,,"{""numberLong"":""-107917200""}"
1966-9,,,,"{""numberLong"":""-105238800""}"
1966-10,,,,"{""numberLong"":""-102646800""}"
1966-11,,,,"{""numberLong"":""-99968400""}"
1966-12,1.4e-05,0.000157,9.6e-05,"{""numberLong"":""-97376400""}"
1967-1,,,,"{""numberLong"":""-94698000""}"
1967-2,,,,"{""numberLong"":""-92019600""}"
1967-3,,,,"{""numberLong"":""-89600400""}"
1967-4,,,,"{""numberLong"":""-86922000""}"
1967-5,,,,"{""numberLong"":""-84330000""}"
1967-6,,,,"{""numberLong"":""-81651600""}"
1967-7,,,,"{""numberLong"":""-79059600""}"
1967-8,,,,"{""numberLong"":""-76381200""}"
1967-9,,,,"{""numberLong"":""-73702800""}"
1967-10,,,,"{""numberLong"":""-71110800""}"
1967-11,,,,"{""numberLong"":""-68432400""}"
1967-12,1.5e-05,0.000172,0.000101,"{""numberLong"":""-65840400""}"
1968-1,,,,"{""numberLong"":""-63162000""}"
1968-2,,,,"{""numberLong"":""-60483600""}"
1968-3,,,,"{""numberLong"":""-57978000""}"
1968-4,,,,"{""numberLong"":""-55299600""}"
1968-5,,,,"{""numberLong"":""-52707600""}"
1968-6,,,,"{""numberLong"":""-50029200""}"
1968-7,,,,"{""numberLong"":""-47437200""}"
1968-8,,,,"{""numberLong"":""-44758800""}"
1968-9,,,,"{""numberLong"":""-42080400""}"
1968-10,,,,"{""numberLong"":""-39488400""}"
1968-11,,,,"{""numberLong"":""-36810000""}"
1968-12,1.7e-05,0.000185,0.000114,"{""numberLong"":""-34218000""}"
1969-1,,,,"{""numberLong"":""-31539600""}"
1969-2,,,,"{""numberLong"":""-28861200""}"
1969-3,,,,"{""numberLong"":""-26442000""}"
1969-4,,,,"{""numberLong"":""-23763600""}"
1969-5,,,,"{""numberLong"":""-21171600""}"
1969-6,,,,"{""numberLong"":""-18493200""}"
1969-7,,,,"{""numberLong"":""-15901200""}"
1969-8,,,,"{""numberLong"":""-13222800""}"
1969-9,,,,"{""numberLong"":""-10544400""}"
1969-10,,,,"{""numberLong"":""-7952400""}"
1969-11,,,,"{""numberLong"":""-5274000""}"
1969-12,1.9e-05,0.000203,0.00013,"{""numberLong"":""-2682000""}"
1970-1,,,,"{""numberLong"":""-3600""}"
1970-2,,,,"{""numberLong"":""2674800""}"
1970-3,,,,"{""numberLong"":""5094000""}"
1970-4,,,,"{""numberLong"":""7772400""}"
1970-5,,,,"{""numberLong"":""10364400""}"
1970-6,,,,"{""numberLong"":""13042800""}"
1970-7,,,,"{""numberLong"":""15634800""}"
1970-8,,,,"{""numberLong"":""18313200""}"
1970-9,,,,"{""numberLong"":""20991600""}"
1970-10,,,,"{""numberLong"":""23583600""}"
1970-11,,,,"{""numberLong"":""26262000""}"
1970-12,1.7e-05,0.000237,0.000117,"{""numberLong"":""28854000""}"
1971-1,,,,"{""numberLong"":""31532400""}"
1971-2,,,,"{""numberLong"":""34210800""}"
1971-3,,,,"{""numberLong"":""36630000""}"
1971-4,,,,"{""numberLong"":""39308400""}"
1971-5,,,,"{""numberLong"":""41900400""}"
1971-6,,,,"{""numberLong"":""44578800""}"
1971-7,,,,"{""numberLong"":""47170800""}"
1971-8,,,,"{""numberLong"":""49849200""}"
1971-9,,,,"{""numberLong"":""52527600""}"
1971-10,,,,"{""numberLong"":""55119600""}"
1971-11,,,,"{""numberLong"":""57798000""}"
1971-12,2.1e-05,0.000312,0.00014,"{""numberLong"":""60390000""}"
1972-1,,,,"{""numberLong"":""63068400""}"
1972-2,,,,"{""numberLong"":""65746800""}"
1972-3,,,,"{""numberLong"":""68252400""}"
1972-4,,,,"{""numberLong"":""70930800""}"
1972-5,,,,"{""numberLong"":""73522800""}"
1972-6,,,,"{""numberLong"":""76201200""}"
1972-7,,,,"{""numberLong"":""78793200""}"
1972-8,,,,"{""numberLong"":""81471600""}"
1972-9,,,,"{""numberLong"":""84150000""}"
1972-10,,,,"{""numberLong"":""86742000""}"
1972-11,,,,"{""numberLong"":""89420400""}"
1972-12,2.8e-05,0.000374,0.000183,"{""numberLong"":""92012400""}"
1973-1,,,,"{""numberLong"":""94690800""}"
1973-2,,,,"{""numberLong"":""97369200""}"
1973-3,,,,"{""numberLong"":""99788400""}"
1973-4,,,,"{""numberLong"":""102466800""}"
1973-5,,,,"{""numberLong"":""105058800""}"
1973-6,,,,"{""numberLong"":""107737200""}"
1973-7,,,,"{""numberLong"":""110329200""}"
1973-8,,,,"{""numberLong"":""113007600""}"
1973-9,,,,"{""numberLong"":""115686000""}"
1973-10,,,,"{""numberLong"":""118278000""}"
1973-11,,,,"{""numberLong"":""120956400""}"
1973-12,4.4e-05,0.00047,0.000299,"{""numberLong"":""123548400""}"
1974-1,,,,"{""numberLong"":""126226800""}"
1974-2,,,,"{""numberLong"":""128905200""}"
1974-3,,,,"{""numberLong"":""131324400""}"
1974-4,,,,"{""numberLong"":""134002800""}"
1974-5,,,,"{""numberLong"":""136594800""}"
1974-6,,,,"{""numberLong"":""139273200""}"
1974-7,,,,"{""numberLong"":""141865200""}"
1974-8,,,,"{""numberLong"":""144543600""}"
1974-9,,,,"{""numberLong"":""147222000""}"
1974-10,,,,"{""numberLong"":""149814000""}"
1974-11,,,,"{""numberLong"":""152492400""}"
1974-12,7.4e-05,0.000695,0.000509,"{""numberLong"":""155084400""}"
1975-1,,,,"{""numberLong"":""157762800""}"
1975-2,,,,"{""numberLong"":""160441200""}"
1975-3,,,,"{""numberLong"":""162860400""}"
1975-4,,,,"{""numberLong"":""165538800""}"
1975-5,,,,"{""numberLong"":""168127200""}"
1975-6,,,,"{""numberLong"":""170805600""}"
1975-7,,,,"{""numberLong"":""173397600""}"
1975-8,,,,"{""numberLong"":""176076000""}"
1975-9,,,,"{""numberLong"":""178754400""}"
1975-10,,,,"{""numberLong"":""181346400""}"
1975-11,,,,"{""numberLong"":""184024800""}"
1975-12,8.4e-05,0.000853,0.000597,"{""numberLong"":""186620400""}"
1976-1,,,,"{""numberLong"":""189298800""}"
1976-2,,,,"{""numberLong"":""191977200""}"
1976-3,,,,"{""numberLong"":""194482800""}"
1976-4,,,,"{""numberLong"":""197161200""}"
1976-5,,,,"{""numberLong"":""199749600""}"
1976-6,,,,"{""numberLong"":""202428000""}"
1976-7,,,,"{""numberLong"":""205020000""}"
1976-8,,,,"{""numberLong"":""207698400""}"
1976-9,,,,"{""numberLong"":""210376800""}"
1976-10,,,,"{""numberLong"":""212968800""}"
1976-11,,,,"{""numberLong"":""215650800""}"
1976-12,7.4e-05,0.001085,0.000518,"{""numberLong"":""218242800""}"
1977-1,,,,"{""numberLong"":""220921200""}"
1977-2,,,,"{""numberLong"":""223599600""}"
1977-3,,,,"{""numberLong"":""226018800""}"
1977-4,,,,"{""numberLong"":""228697200""}"
1977-5,,,,"{""numberLong"":""231285600""}"
1977-6,,,,"{""numberLong"":""233964000""}"
1977-7,,,,"{""numberLong"":""236556000""}"
1977-8,,,,"{""numberLong"":""239234400""}"
1977-9,,,,"{""numberLong"":""241912800""}"
1977-10,,,,"{""numberLong"":""244508400""}"
1977-11,,,,"{""numberLong"":""247186800""}"
1977-12,0.0001,0.001556,0.000705,"{""numberLong"":""249778800""}"
1978-1,0.000137,0.002761,0.001003,"{""numberLong"":""252457200""}"
1978-2,0.000157,0.002913,0.001174,"{""numberLong"":""255135600""}"
1978-3,0.000172,0.003116,0.001234,"{""numberLong"":""257554800""}"
1978-4,0.000157,0.00309,0.001252,"{""numberLong"":""260233200""}"
1978-5,0.000162,0.002919,0.001239,"{""numberLong"":""262821600""}"
1978-6,0.000166,0.002879,0.001191,"{""numberLong"":""265500000""}"
1978-7,0.000165,0.002811,0.001195,"{""numberLong"":""268092000""}"
1978-8,0.000175,0.002902,0.001291,"{""numberLong"":""270770400""}"
1978-9,0.000198,0.002932,0.001373,"{""numberLong"":""273448800""}"
1978-10,0.000221,0.002877,0.00157,"{""numberLong"":""276044400""}"
1978-11,0.000231,0.002848,0.001725,"{""numberLong"":""278722800""}"
1978-12,0.000263,0.003201,0.002228,"{""numberLong"":""281314800""}"
1979-1,0.000301,0.004318,0.002831,"{""numberLong"":""283993200""}"
1979-2,0.000345,0.005178,0.003115,"{""numberLong"":""286671600""}"
1979-3,0.000376,0.005268,0.003175,"{""numberLong"":""289090800""}"
1979-4,0.000365,0.005082,0.002988,"{""numberLong"":""291769200""}"
1979-5,0.000411,0.004717,0.003044,"{""numberLong"":""294357600""}"
1979-6,0.000476,0.004969,0.003365,"{""numberLong"":""297036000""}"
1979-7,0.000485,0.004952,0.003352,"{""numberLong"":""299628000""}"
1979-8,0.000493,0.005205,0.003344,"{""numberLong"":""302306400""}"
1979-9,0.000575,0.00559,0.003899,"{""numberLong"":""304984800""}"
1979-10,0.000644,0.006183,0.004589,"{""numberLong"":""307580400""}"
1979-11,0.000643,0.006348,0.004611,"{""numberLong"":""310258800""}"
1979-12,0.000792,0.007379,0.005936,"{""numberLong"":""312850800""}"
1980-1,0.001168,0.009119,0.00826,"{""numberLong"":""315529200""}"
1980-2,0.001508,0.01106,0.00995,"{""numberLong"":""318207600""}"
1980-3,0.001347,0.01076,0.009279,"{""numberLong"":""320713200""}"
1980-4,0.001296,0.010605,0.009162,"{""numberLong"":""323388000""}"
1980-5,0.001282,0.010389,0.00885,"{""numberLong"":""325980000""}"
1980-6,0.001441,0.0112,0.009478,"{""numberLong"":""328658400""}"
1980-7,0.001602,0.011073,0.010495,"{""numberLong"":""331250400""}"
1980-8,0.001651,0.011388,0.010844,"{""numberLong"":""333928800""}"
1980-9,0.001793,0.012536,0.012161,"{""numberLong"":""336607200""}"
1980-10,0.001849,0.013003,0.012553,"{""numberLong"":""339202800""}"
1980-11,0.001824,0.01331,0.012728,"{""numberLong"":""341881200""}"
1980-12,0.001759,0.012939,0.012634,"{""numberLong"":""344473200""}"
1981-1,0.00178,0.0135,0.012949,"{""numberLong"":""347151600""}"
1981-2,0.00156,0.013121,0.01205,"{""numberLong"":""349830000""}"
1981-3,0.001611,0.01272,0.011277,"{""numberLong"":""352249200""}"
1981-4,0.001589,0.01227,0.010948,"{""numberLong"":""354924000""}"
1981-5,0.001559,0.01183,0.010453,"{""numberLong"":""357516000""}"
1981-6,0.00158,0.011361,0.010441,"{""numberLong"":""360194400""}"
1981-7,0.001573,0.011124,0.010389,"{""numberLong"":""362786400""}"
1981-8,0.001639,0.010945,0.010838,"{""numberLong"":""365464800""}"
1981-9,0.001739,0.012164,0.011527,"{""numberLong"":""368143200""}"
1981-10,0.001754,0.012176,0.011637,"{""numberLong"":""370738800""}"
1981-11,0.001724,0.012019,0.011429,"{""numberLong"":""373417200""}"
1981-12,0.001746,0.011895,0.011563,"{""numberLong"":""376009200""}"
1982-1,0.00175,0.01186,0.011598,"{""numberLong"":""378687600""}"
1982-2,0.001837,0.012765,0.01218,"{""numberLong"":""381366000""}"
1982-3,0.001766,0.012148,0.011672,"{""numberLong"":""383785200""}"
1982-4,0.00179,0.012327,0.011877,"{""numberLong"":""386460000""}"
1982-5,0.001753,0.012315,0.011628,"{""numberLong"":""389052000""}"
1982-6,0.001745,0.012267,0.011594,"{""numberLong"":""391730400""}"
1982-7,0.001881,0.013022,0.012679,"{""numberLong"":""394322400""}"
1982-8,0.002128,0.014462,0.014114,"{""numberLong"":""397000800""}"
1982-9,0.0025,0.017253,0.016948,"{""numberLong"":""399679200""}"
1982-10,0.002491,0.017084,0.016718,"{""numberLong"":""402274800""}"
1982-11,0.002733,0.018218,0.018311,"{""numberLong"":""404953200""}"
1982-12,0.003103,0.020854,0.021402,"{""numberLong"":""407545200""}"
1983-1,0.003371,0.023135,0.023908,"{""numberLong"":""410223600""}"
1983-2,0.003728,0.025374,0.025987,"{""numberLong"":""412902000""}"
1983-3,0.003337,0.022589,0.023717,"{""numberLong"":""415321200""}"
1983-4,0.003434,0.023617,0.024274,"{""numberLong"":""417996000""}"
1983-5,0.003488,0.024105,0.024474,"{""numberLong"":""420588000""}"
1983-6,0.003468,0.024161,0.024643,"{""numberLong"":""423266400""}"
1983-7,0.00355,0.024939,0.025475,"{""numberLong"":""425858400""}"
1983-8,0.003682,0.026259,0.026961,"{""numberLong"":""428536800""}"
1983-9,0.003686,0.026466,0.027421,"{""numberLong"":""431215200""}"
1983-10,0.003693,0.026586,0.02714,"{""numberLong"":""433810800""}"
1983-11,0.003762,0.0269,0.026861,"{""numberLong"":""436489200""}"
1983-12,0.003947,0.026486,0.026427,"{""numberLong"":""439081200""}"
1984-1,0.004028,0.027541,0.026766,"{""numberLong"":""441759600""}"
1984-2,0.00422,0.028467,0.028074,"{""numberLong"":""444438000""}"
1984-3,0.00431,0.028857,0.028607,"{""numberLong"":""446943600""}"
1984-4,0.004318,0.02925,0.029113,"{""numberLong"":""449618400""}"
1984-5,0.004625,0.0309,0.031125,"{""numberLong"":""452210400""}"
1984-6,0.004515,0.03062,0.03064,"{""numberLong"":""454888800""}"
1984-7,0.004378,0.029888,0.02965,"{""numberLong"":""457480800""}"
1984-8,0.004533,0.031938,0.03015,"{""numberLong"":""460159200""}"
1984-9,0.00458,0.031138,0.030388,"{""numberLong"":""462837600""}"
1984-10,0.004648,0.031625,0.0308,"{""numberLong"":""465433200""}"
1984-11,0.004667,0.031667,0.0309,"{""numberLong"":""468111600""}"
1984-12,0.004621,0.0318,0.03062,"{""numberLong"":""470703600""}"
1985-1,0.00456,0.03175,0.03045,"{""numberLong"":""473382000""}"
1985-2,0.004585,0.032,0.0303,"{""numberLong"":""476060400""}"
1985-3,0.00459,0.03175,0.030133,"{""numberLong"":""478479600""}"
1985-4,0.005213,0.035063,0.034625,"{""numberLong"":""481154400""}"
1985-5,0.005465,0.036625,0.0363,"{""numberLong"":""483746400""}"
1985-6,0.005586,0.0375,0.037025,"{""numberLong"":""486424800""}"
1985-7,0.005807,0.039017,0.039583,"{""numberLong"":""489016800""}"
1985-8,0.0058,0.03975,0.03915,"{""numberLong"":""491695200""}"
1985-9,0.00605,0.0451,0.0423,"{""numberLong"":""494373600""}"
1985-10,0.005938,0.044875,0.040713,"{""numberLong"":""496969200""}"
1985-11,0.00602,0.046,0.0406,"{""numberLong"":""499647600""}"
1985-12,0.00618,0.0458,0.041475,"{""numberLong"":""502239600""}"
1986-1,0.006733,0.048,0.044675,"{""numberLong"":""504918000""}"
1986-2,0.006855,0.04875,0.0459,"{""numberLong"":""507596400""}"
1986-3,0.007343,0.0522,0.04938,"{""numberLong"":""510015600""}"
1986-4,0.007718,0.05675,0.052825,"{""numberLong"":""512690400""}"
1986-5,0.007768,0.058125,0.053238,"{""numberLong"":""515282400""}"
1986-6,0.008008,0.0598,0.05478,"{""numberLong"":""517960800""}"
1986-7,0.008195,0.06475,0.0582,"{""numberLong"":""520552800""}"
1986-8,0.008668,0.0706,0.0622,"{""numberLong"":""523231200""}"
1986-9,0.00985,0.0862,0.0712,"{""numberLong"":""525909600""}"
1986-10,0.010014,0.091,0.0722,"{""numberLong"":""528505200""}"
1986-11,0.009988,0.0915,0.07225,"{""numberLong"":""531183600""}"
1986-12,0.009988,0.093,0.06895,"{""numberLong"":""533775600""}"
1987-1,0.010612,0.095,0.073375,"{""numberLong"":""536454000""}"
1987-2,0.010468,0.096625,0.072625,"{""numberLong"":""539132400""}"
1987-3,0.010433,0.0975,0.071263,"{""numberLong"":""541551600""}"
1987-4,0.011125,0.0985,0.074925,"{""numberLong"":""544226400""}"
1987-5,0.012462,0.101,0.08475,"{""numberLong"":""546818400""}"
1987-6,0.01271,0.1041,0.08805,"{""numberLong"":""549496800""}"
1987-7,0.013075,0.10475,0.089375,"{""numberLong"":""552088800""}"
1987-8,0.01385,0.1092,0.0952,"{""numberLong"":""554767200""}"
1987-9,0.01465,0.1165,0.102375,"{""numberLong"":""557445600""}"
1987-10,0.0159,0.12325,0.1097,"{""numberLong"":""560041200""}"
1987-11,0.016512,0.1275,0.115,"{""numberLong"":""562719600""}"
1987-12,0.0181,0.1425,0.1235,"{""numberLong"":""565311600""}"
1988-1,0.0189,0.1455,0.13,"{""numberLong"":""567990000""}"
1988-2,0.019075,0.16,0.13375,"{""numberLong"":""570668400""}"
1988-3,0.018863,0.15575,0.130125,"{""numberLong"":""573174000""}"
1988-4,0.018763,0.15125,0.1265,"{""numberLong"":""575848800""}"
1988-5,0.019236,0.1464,0.128,"{""numberLong"":""578440800""}"
1988-6,0.01995,0.145,0.1316,"{""numberLong"":""581119200""}"
1988-7,0.020337,0.14275,0.1345,"{""numberLong"":""583711200""}"
1988-8,0.021788,0.15525,0.146,"{""numberLong"":""586389600""}"
1988-9,0.0227,0.159,0.152125,"{""numberLong"":""589068000""}"
1988-10,0.023513,0.165,0.15775,"{""numberLong"":""591663600""}"
1988-11,0.024225,0.1675,0.16075,"{""numberLong"":""594342000""}"
1988-12,0.02449,0.1684,0.1628,"{""numberLong"":""596934000""}"
1989-1,0.024575,0.166,0.163,"{""numberLong"":""599612400""}"
1989-2,0.024513,0.16775,0.1625,"{""numberLong"":""602290800""}"
1989-3,0.02523,0.1732,0.1676,"{""numberLong"":""604710000""}"
1989-4,0.025912,0.1765,0.172125,"{""numberLong"":""607384800""}"
1989-5,0.025288,0.177,0.169,"{""numberLong"":""609976800""}"
1989-6,0.025188,0.18075,0.167875,"{""numberLong"":""612655200""}"
1989-7,0.026183,0.194,0.175333,"{""numberLong"":""615247200""}"
1989-8,0.0258,0.2,0.172666,"{""numberLong"":""617925600""}"
1989-9,0.02614,0.203,0.174,"{""numberLong"":""620604000""}"
1989-10,0.027316,0.205,0.181666,"{""numberLong"":""623199600""}"
1989-11,0.02945,0.2175,0.19925,"{""numberLong"":""625878000""}"
1989-12,0.03064,0.2364,0.2082,"{""numberLong"":""628470000""}"
