dt,MK.KUL.YTL,MK.RES.YTL,MK.CUM.YTL
1990-01-01,0.0309,0.227667,0.208333
1990-02-01,0.032067,0.235833,0.212833
1990-03-01,0.031738,0.237375,0.211503
1990-04-01,0.03085,0.241666,0.208666
1990-05-01,0.030738,0.245,0.2065
1990-06-01,0.030088,0.245,0.2035
1990-07-01,0.030967,0.245667,0.205333
1990-08-01,0.034113,0.2675,0.22825
1990-09-01,0.034625,0.2725,0.23275
1990-10-01,0.034288,0.27075,0.232
1990-11-01,0.034438,0.275,0.23
1990-12-01,0.035563,0.2775,0.2365
1991-01-01,0.037788,0.28125,0.25475
1991-02-01,0.0391,0.283666,0.272
1991-03-01,0.0423,0.315,0.281
1991-04-01,0.044433,0.321667,0.299333
1991-05-01,0.0471,0.34,0.3115
1991-06-01,0.04644,0.339433,0.30975
1991-07-01,0.053133,0.37,0.355333
1991-08-01,0.052666,0.38,0.353333
1991-09-01,0.052967,0.393333,0.356
1991-10-01,0.05675,0.40635,0.378
1991-11-01,0.058425,0.4225,0.39025
1991-12-01,0.059325,0.425,0.39675
1992-01-01,0.06198,0.434,0.4122
1992-02-01,0.06605,0.46,0.44
1992-03-01,0.06875,0.48625,0.46375
1992-04-01,0.070875,0.50125,0.476
1992-05-01,0.0744,0.532,0.4956
1992-06-01,0.0769,0.563333,0.511666
1992-07-01,0.08,0.591,0.5311
1992-08-01,0.078666,0.613333,0.531666
1992-09-01,0.083433,0.623333,0.558666
1992-10-01,0.085025,0.62375,0.5665
1992-11-01,0.08925,0.64167,0.594
1992-12-01,0.09182,0.654,0.6146
1993-01-01,0.094275,0.68875,0.63525
1993-02-01,0.09825,0.7,0.659
1993-03-01,0.101125,0.73,0.683
1993-04-01,0.10595,0.7725,0.718
1993-05-01,0.119775,0.8575,0.82125
1993-06-01,0.1282,0.963333,0.876666
1993-07-01,0.142733,1.11,0.996666
1993-08-01,0.1415,1.2,1.00375
1993-09-01,0.13925,1.18375,0.9645
1993-10-01,0.15026,1.18,1.022
1993-11-01,0.164033,1.2,1.12667
1993-12-01,0.176375,1.255,1.1975
1994-01-01,0.201625,1.3875,1.36625
1994-02-01,0.22775,1.55,1.54375
1994-03-01,0.28575,1.99375,1.93
1994-04-01,0.3674,2.54,2.476
1994-05-01,0.377,2.65,2.5525
1994-06-01,0.38125,2.625,2.555
1994-07-01,0.3818,2.62,2.551
1994-08-01,0.39025,2.725,2.61
1994-09-01,0.4288,2.97,2.87
1994-10-01,0.443,3.06875,2.9825
1994-11-01,0.45175,3.1625,3.03
1994-12-01,0.4593,3.14,3.064
1995-01-01,0.49,3.3,3.325
1995-02-01,0.500125,3.35,3.385
1995-03-01,0.5161,3.58,3.514
1995-04-01,0.536125,3.7,3.625
1995-05-01,0.53925,3.8625,3.6525
1995-06-01,0.5418,3.85,3.68
1995-07-01,0.55775,3.9375,3.80625
1995-08-01,0.583875,4.2375,4.0825
1995-09-01,0.595,4.27,4.1
1995-10-01,0.62225,4.4875,4.275
1995-11-01,0.65125,4.625,4.4625
1995-12-01,0.7186,5.13,4.99
1996-01-01,0.77775,5.575,5.3875
1996-02-01,0.84325,5.775,5.825
1996-03-01,0.8764,6.11,6.14
1996-04-01,0.92825,6.375,6.35
1996-05-01,0.9732,6.78,6.61
1996-06-01,0.99575,6.8125,6.75
1996-07-01,1.02775,7.0625,6.95
1996-08-01,1.0688,7.464,7.26
1996-09-01,1.10825,7.8,7.575
1996-10-01,1.1575,8.275,7.9
1996-11-01,1.2052,8.62,8.23
1996-12-01,1.251,8.85,8.5
1997-01-01,1.2852,8.94,8.72
1997-02-01,1.36,9.3875,9.2125
1997-03-01,1.425,10.225,9.7625
1997-04-01,1.4685,10.65,9.95
1997-05-01,1.5314,11.0,10.35
1997-06-01,1.5985,11.225,10.8625
1997-07-01,1.60675,11.8125,10.9625
1997-08-01,1.714,12.22,11.69
1997-09-01,1.7845,12.75,12.1875
1997-10-01,1.8756,13.42,12.78
1997-11-01,1.86125,13.5,12.6875
1997-12-01,1.86,13.175,12.675
1998-01-01,1.979,13.84,13.44
1998-02-01,2.16625,15.375,14.8125
1998-03-01,2.255,15.675,15.3625
1998-04-01,2.445,17.2,16.825
1998-05-01,2.463,17.82,16.63
1998-06-01,2.47875,17.875,16.8125
1998-07-01,2.551,19.18,17.33
1998-08-01,2.52,19.55,17.0875
1998-09-01,2.59375,19.45,17.4875
1998-10-01,2.69,20.15,18.36
1998-11-01,2.83375,20.5,19.25
1998-12-01,2.86875,20.875,19.4625
1999-01-01,2.98125,21.5,20.15
1999-02-01,3.1975,22.5,21.6625
1999-03-01,3.36,23.4375,22.75
1999-04-01,3.487,25.3,23.61
1999-05-01,3.55375,26.875,24.15
1999-06-01,3.48625,27.0,23.825
1999-07-01,3.546,28.8,24.02
1999-08-01,3.64,29.0,24.6
1999-09-01,3.7925,29.0,25.6125
1999-10-01,4.72,32.3,31.6
1999-11-01,4.7575,31.925,31.8
1999-12-01,4.826,32.4,32.35
2000-01-01,5.04125,34.0,34.15
2000-02-01,5.5925,37.75,38.125
2000-03-01,5.435,38.6,38.2
2000-04-01,5.42125,38.875,38.0
2000-05-01,5.54125,38.75,38.0625
2000-06-01,5.675,38.8,38.36
2000-07-01,5.73,40.0,38.875
2000-08-01,5.73625,42.375,39.625
2000-09-01,5.886,41.8,40.8
2000-10-01,5.9175,42.125,40.75
2000-11-01,5.87125,42.375,40.625
2000-12-01,5.8525,41.75,40.875
2001-01-01,5.8825,40.875,40.0
2001-02-01,5.935,42.625,41.75
2001-03-01,8.0,56.7,54.96
2001-04-01,9.80625,69.25,68.0
2001-05-01,9.8375,70.75,68.0
2001-06-01,10.52,75.1,72.9
2001-07-01,11.4625,79.75,78.875
2001-08-01,12.51,87.8,85.8
2001-09-01,13.8125,100.25,96.625
2001-10-01,14.9,107.75,104.0
2001-11-01,13.585,98.3,95.2
2001-12-01,12.9375,95.0,91.0
2002-01-01,12.5375,95.0,86.5
2002-02-01,12.833333,94.0,89.5
2002-03-01,12.935,93.8,89.8
2002-04-01,12.95,96.5,91.5
2002-05-01,14.3,102.2,100.2
2002-06-01,15.8225,113.5,109.375
2002-07-01,16.8375,125.375,114.25
2002-08-01,16.45,118.4,113.6
2002-09-01,16.9625,119.25,113.75
2002-10-01,16.5225,115.25,114.5
2002-11-01,17.032,115.17,114.92
2002-12-01,18.016667,127.333333,124.666667
2003-01-01,19.95,134.1,131.0
2003-02-01,18.8,138.0,130.666667
2003-03-01,18.3625,137.25,127.5
2003-04-01,17.3125,133.0,116.625
2003-05-01,16.74,130.2,115.1
2003-06-01,15.6625,125.125,110.625
2003-07-01,15.3625,134.0,107.25
2003-08-01,16.44,136.0,114.4
2003-09-01,16.875,134.5,118.0
2003-10-01,17.66,134.2,122.0
2003-11-01,18.725,139.0,128.375
2003-12-01,18.9375,142.5,131.25
2004-01-01,18.36,136.0,124.1
2004-02-01,17.4,137.25,119.75
2004-03-01,17.375,136.25,120.625
2004-04-01,17.88,139.0,125.6
2004-05-01,18.875,140.0,129.75
2004-06-01,18.9875,137.5,128.5
2004-07-01,18.77,138.2,128.5
2004-08-01,19.3125,141.25,135.5
2004-09-01,19.7375,143.0,137.25
2004-10-01,20.3,144.75,139.25
2004-11-01,20.6,152.75,143.25
2004-12-01,20.0,154.4,141.0
2005-01-01,18.62,155.0,131.0
2005-02-01,18.0,148.5,128.0
2005-03-01,18.28,153.25,128.5
2005-04-01,19.06,156.8,133.2
2005-05-01,18.73,156.0,126.5
2005-06-01,18.95,154.0,129.5
2005-07-01,18.47,156.0,126.2
2005-08-01,19.24,153.75,130.0
2005-09-01,19.83,154.2,135.4
2005-10-01,20.48,155.0,138.75
2005-11-01,21.28,152.67,144.33
2005-12-01,22.17,155.8,149.2
2006-01-01,23.58,175.67,163.33
2006-02-01,23.76,174.75,165.5
2006-03-01,24.19,173.8,165.0
2006-04-01,26.45,189.75,182.5
2006-05-01,31.65,232.0,221.25
2006-06-01,30.66,229.0,213.0
2006-07-01,31.86,221.75,217.25
2006-08-01,30.16,205.25,202.75
2006-09-01,28.95,205.6,198.2
2006-10-01,27.91,196.25,191.0
2006-11-01,29.65,207.75,202.5
2006-12-01,29.32,210.0,197.0
2007-01-01,28.93,205.75,196.0
2007-02-01,29.61,210.5,206.25
2007-03-01,29.76,211.2,200.0
2007-04-01,29.64,210.0,202.0
2007-05-01,28.93,210.5,198.5
2007-06-01,28.04,210.0,190.4
2007-07-01,27.85,207.5,195.75
2007-08-01,28.24,215.6,198.6
2007-09-01,28.88,211.0,197.5
2007-10-01,28.81,212.25,199.5
2007-11-01,30.56,218.2,208.2
2007-12-01,30.25,215.25,205.0
2008-01-01,32.7,223.0,219.75
2008-02-01,35.32,238.2,234.6
2008-03-01,38.31,269.5,251.0
2008-04-01,38.3,270.75,259.25
2008-05-01,35.76,254.6,244.6
2008-06-01,35.8,256.0,247.5
2008-07-01,37.21,263.0,249.75
2008-08-01,32.79,238.8,229.6
2008-09-01,32.88,236.0,229.25
2008-10-01,37.84,269.0,256.2
2008-11-01,38.9,260.0,258.25
2008-12-01,40.13,300.0,262.27
2009-01-01,44.0,320.0,295.6
2009-02-01,50.18,350.0,336.5
2009-03-01,51.49,359.5,341.75
2009-04-01,46.06,319.5,311.5
2009-05-01,46.54,324.2,315.0
2009-06-01,47.39,324.25,319.25
2009-07-01,45.76,320.0,312.0
2009-08-01,45.8,320.0,311.25
2009-09-01,48.08,330.0,323.0
2009-10-01,49.45,343.2,336.2
2009-11-01,53.23,371.0,360.0
2009-12-01,54.94,382.0,367.75
2010-01-01,52.78,363.0,354.5
2010-02-01,53.55,370.75,363.0
2010-03-01,55.2,381.0,371.0
2010-04-01,55.22,386.0,373.2
2010-05-01,60.5,413.5,403.75
2010-06-01,62.43,425.25,417.0
2010-07-01,59.54,424.0,401.8
2010-08-01,59.5,414.5,405.5
2010-09-01,61.63,427.67,416.33
2010-10-01,61.56,426.75,417.75
2010-11-01,63.87,430.33,424.0
2010-12-01,68.04,477.8,461.0
2011-01-01,68.33,473.75,465.75
2011-02-01,70.51,480.25,473.75
2011-03-01,72.56,496.75,487.0
2011-04-01,72.5,494.0,482.0
2011-05-01,76.52,520.5,511.5
2011-06-01,78.87,534.5,529.75
2011-07-01,83.7,574.0,564.8
2011-08-01,100.1,692.5,683.0
2011-09-01,102.7,707.0,693.4
2011-10-01,98.2,668.8,659.3
2011-11-01,100.78,684.25,674.25
2011-12-01,98.94,674.0,664.8
2012-01-01,97.87,671.25,658.75
2012-02-01,98.57,670.0,660.0
2012-03-01,96.76,658.6,648.6
2012-04-01,94.95,645.0,635.75
2012-05-01,92.92,631.25,622.5
2012-06-01,93.78,639.0,629.0
2012-07-01,93.17,632.5,622.5
2012-08-01,94.66,642.8,632.8
2012-09-01,101.72,678.75,672.25
2012-10-01,100.94,678.0,668.2
2012-11-01,99.2,673.4,663.4
2012-12-01,96.65,658.0,649.25
2013-01-01,95.33,652.25,641.25
2013-02-01,93.3,637.75,627.75
2013-03-01,92.9,634.0,624.6
2013-04-01,87.02,602.0,592.0
2013-05-01,83.96,584.2,574.2
2013-06-01,81.32,561.75,551.75
2013-07-01,80.32,566.25,556.25
2013-08-01,85.53,594.8,584.8
2013-09-01,87.85,594.5,584.5
2013-10-01,84.03,580.0,570.0
2013-11-01,83.49,575.8,565.8
2013-12-01,81.85,567.0,557.0
2014-01-01,89.62,604.8,594.8
2014-02-01,92.3,624.75,610.75
2014-03-01,95.12,646.0,631.0
2014-04-01,89.35,613.5,598.5
2014-05-01,86.7,596.8,581.8
2014-06-01,88.1,595.25,587.75
2014-07-01,89.57,609.0,594.0
2014-08-01,90.02,614.6,599.6
2014-09-01,88.11,602.25,587.25
2014-10-01,88.11,602.6,587.6
2014-11-01,84.88,589.0,574.0
2014-12-01,88.92,604.75,589.75
2015-01-01,93.79,637.0,622.0
2015-02-01,97.32,659.25,644.25
2015-03-01,98.77,668.5,653.5
2015-04-01,102.37,687.5,677.5
2015-05-01,101.73,687.8,672.8
2015-06-01,102.15,686.5,676.5
2015-07-01,98.32,666.7,656.7
2015-08-01,103.61,699.0,687.0
2015-09-01,108.95,734.0,719.0
2015-10-01,108.67,729.4,719.4
2015-11-01,100.12,677.5,667.5
2015-12-01,100.78,686.5,676.5
2016-01-01,106.48,714.25,704.25
2016-02-01,114.18,765.25,755.25
2016-03-01,115.8,776.5,766.5
2016-04-01,113.37,762.0,752.0
2016-05-01,120.42,800.75,790.75
2016-06-01,120.18,826.75,794.25
2016-07-01,126.48,846.4,836.4
2016-08-01,127.92,857.0,847.0
2016-09-01,126.85,852.2,842.2
2016-10-01,125.51,851.5,841.5
2016-11-01,132.2,887.25,877.25
2016-12-01,130.5,885.4,875.4
2017-01-01,144.58,967.25,957.25
2017-02-01,145.68,985.25,975.25
2017-03-01,145.55,984.8,974.8
2017-04-01,150.0,1013.25,998.25
2017-05-01,143.42,971.75,961.75
2017-06-01,143.01,968.6,958.6
2017-07-01,142.27,967.75,952.75
2017-08-01,145.3,978.75,968.75
2017-09-01,147.42,989.5,979.5
2017-10-01,151.76,1018.0,1008.0
2017-11-01,160.43,1076.5,1066.5
2017-12-01,158.48,,1092.0
2018-01-01,162.09,,1114.75
2018-02-01,162.66,,1119.25
2018-03-01,166.25,,1141.2
2018-04-01,174.69,,1197.25
2018-05-01,187.22,,1280.75
2018-06-01,190.51,,1304.25
2018-07-01,191.64,,1306.25
2018-08-01,233.55,,1600.25
2018-09-01,242.19,,1673.75
2018-10-01,231.22,,1600.0
2018-11-01,212.87,,1478.4
2018-12-01,216.5,,1502.25
2019-01-01,225.32,,1561.5
2019-02-01,224.94,,1559.25
2019-03-01,231.86,,1604.8
2019-04-01,239.39,,1654.5
2019-05-01,250.82,,1730.25
2019-06-01,259.5,,1786.66
2019-07-01,259.37,,1781.25
2019-08-01,267.59,,1839.25
2019-09-01,277.11,,1899.0
2019-10-01,280.1,,1918.0
2019-11-01,274.29,,1880.0
2019-12-01,279.74,,1916.25
2020-01-01,297.91,,2037.8
2020-02-01,315.32,,2148.0
2020-03-01,330.65,,2279.33
2020-04-01,372.91,,2568.4
2020-05-01,386.81,,2647.0
2020-06-01,382.84,,2624.0
2020-07-01,413.81,,2820.6
2020-08-01,471.63,,3263.25
2020-09-01,467.61,,3228.0
2020-10-01,488.86,,3358.8
2020-11-01,478.84,,3312.0
2020-12-01,462.72,,3195.6
2021-01-01,449.12,,3109.2
2021-02-01,413.65,,2879.0
2021-03-01,423.38,,2926.0
2021-04-01,464.33,,3027.6
2021-05-01,501.26,,3347.25
2021-06-01,512.01,,3492.0
2021-07-01,500.55,,3418.0
2021-08-01,489.92,,3353.5
2021-09-01,470.59,,3367.5
2021-10-01,521.44,,3554.0
2021-11-01,634.13,,4292.0
2021-12-01,817.61,,5560.0
2022-01-01,795.39,,5468.0
2022-02-01,824.04,,5636.5
2022-03-01,926.51,,6317.5
2022-04-01,921.01,,6280.0
2022-05-01,944.07,,6430.0
2022-06-01,1018.48,,6910.0
2022-07-01,998.91,,6796.0
2022-08-01,1040.39,,7065.0
2022-09-01,1010.29,,6894.4
2022-10-01,1010.47,,6897.5
2022-11-01,1047.7,,7139.33
2022-12-01,1091.54,,7414.0
2023-01-01,1173.95,,7970.0
2023-02-01,1153.58,,7835.0
2023-03-01,1201.91,,8148.4
2023-04-01,1348.78,,9217.5
2023-05-01,1433.73,,9937.5
2023-06-01,1495.28,,10335.0
2023-07-01,1689.14,,11610.0
2023-08-01,1716.91,,11805.0
2023-09-01,1710.53,,11774.0
2023-10-01,1795.05,,12387.5
2023-11-01,1868.94,,12937.5
2023-12-01,1984.48,,13732.0
2024-01-01,2069.67,,14435.0
2024-02-01,2085.58,,14716.25
2024-03-01,2394.82,,17424.0
2024-04-01,2539.01,,18326.66
2024-05-01,2465.24,,14343.24
2024-06-01,2477.29,,17405.0
2024-07-01,2562.67,,18140.0
2024-08-01,2731.34,,19192.0
2024-09-01,2907.12,,20355.0
2024-10-01,3090.72,,21638.75
2024-11-01,3076.73,,21507.0
2024-12-01,3041.08,,21243.75
2025-01-01,3124.41,,21821.0
2025-02-01,3458.78,,24045.0
2025-03-01,3648.33,,25295.0
2025-04-01,4052.18,,28005.0
2025-05-01,4192.48,,28913.0
2025-06-01,4314.26,,29722.5
2025-07-01,4338.79,,29887.5
2025-08-01,4441.09,,30563.0
2025-09-01,4978.61,,34308.75
2025-10-01,5744.17,,39996.0
2025-11-01,5764.62,,40095.0
2025-12-01,6030.79,,41820.0
2026-01-01,6817.67,,47026.0
2026-02-01,7515.92,,52121.25
2026-03-01,7259.39,,50410.0
2026-04-01,6835.34,,48736.0
2026-05-01,6741.91,,47433.33
