dt,KREDI.L001
2007-10-05,226754232.0
2007-10-12,227935135.0
2007-10-19,228229035.0
2007-10-26,232170068.0
2007-11-02,231708875.0
2007-11-09,232409059.0
2007-11-16,235432837.0
2007-11-23,234879856.0
2007-11-30,238736008.0
2007-12-07,237370338.0
2007-12-14,240297989.0
2007-12-21,241179240.0
2007-12-28,242927249.0
2008-01-04,242507464.0
2008-01-11,244109366.0
2008-01-18,244389604.0
2008-01-25,245312645.0
2008-02-01,247445993.0
2008-02-08,248965590.0
2008-02-15,252627427.0
2008-02-22,252643145.0
2008-02-29,256380393.0
2008-03-07,257230279.0
2008-03-14,259738664.0
2008-03-21,260412099.0
2008-03-28,265334932.0
2008-04-04,267080075.0
2008-04-11,269194468.0
2008-04-18,270117121.0
2008-04-25,270449401.0
2008-05-02,272141174.0
2008-05-09,273148645.0
2008-05-16,274960223.0
2008-05-23,274676456.0
2008-05-30,277803796.0
2008-06-06,279467870.0
2008-06-13,281928371.0
2008-06-20,283609529.0
2008-06-27,287501778.0
2008-07-04,287833906.0
2008-07-11,289693369.0
2008-07-18,287256542.0
2008-07-25,288719308.0
2008-08-01,290952088.0
2008-08-08,290288903.0
2008-08-15,293507431.0
2008-08-22,293218653.0
2008-08-29,295191609.0
2008-09-05,297692353.0
2008-09-12,299494501.0
2008-09-19,301107247.0
2008-09-26,307430943.0
2008-10-03,307973197.0
2008-10-10,307734439.0
2008-10-17,308584555.0
2008-10-24,311336361.0
2008-10-31,308344445.0
2008-11-07,305304890.0
2008-11-14,306691443.0
2008-11-21,306501799.0
2008-11-28,303724503.0
2008-12-05,302834955.0
2008-12-12,303347750.0
2008-12-19,301172548.0
2008-12-26,302010858.0
2009-01-02,300953965.0
2009-01-09,299113416.0
2009-01-16,300716827.0
2009-01-23,298967222.0
2009-01-30,299006195.0
2009-02-06,296362820.0
2009-02-13,296967916.0
2009-02-20,297448766.0
2009-02-27,297975011.0
2009-03-06,297377723.0
2009-03-13,295811669.0
2009-03-20,295571346.0
2009-03-27,297496057.0
2009-04-03,294752569.0
2009-04-10,295452659.0
2009-04-17,295846832.0
2009-04-24,295893040.0
2009-05-01,297666177.0
2009-05-08,295699260.0
2009-05-15,298003137.0
2009-05-22,295000068.0
2009-05-29,301767757.0
2009-06-05,299384381.0
2009-06-12,300791403.0
2009-06-19,301134540.0
2009-06-26,306103499.0
2009-07-03,304512511.0
2009-07-10,305792669.0
2009-07-17,304113669.0
2009-07-24,302311213.0
2009-07-31,305900658.0
2009-08-07,306001126.0
2009-08-14,307243312.0
2009-08-21,306611313.0
2009-08-28,308067728.0
2009-09-04,309240272.0
2009-09-11,311297147.0
2009-09-18,311004438.0
2009-09-25,311743377.0
2009-10-02,317097546.0
2009-10-09,315933758.0
2009-10-16,318546771.0
2009-10-23,317195627.0
2009-10-30,321829579.0
2009-11-06,322085213.0
2009-11-13,323684931.0
2009-11-20,326247499.0
2009-11-27,329573498.0
2009-12-04,328840551.0
2009-12-11,331192082.0
2009-12-18,331801828.0
2009-12-25,335210049.0
2010-01-01,338645361.0
2010-01-08,336106883.0
2010-01-15,340075781.0
2010-01-22,338590023.0
2010-01-29,341244126.0
2010-02-05,342877890.0
2010-02-12,345007880.0
2010-02-19,346321628.0
2010-02-26,351940949.0
2010-03-05,351535920.0
2010-03-12,353696490.0
2010-03-19,354714723.0
2010-03-26,361307320.0
2010-04-02,363913380.0
2010-04-09,365090464.0
2010-04-16,367126099.0
2010-04-23,368013431.0
2010-04-30,373575340.0
2010-05-07,377070201.0
2010-05-14,379426014.0
2010-05-21,382421265.0
2010-05-28,387708051.0
2010-06-04,389469916.0
2010-06-11,393727886.0
2010-06-18,393986770.0
2010-06-25,399140755.0
2010-07-02,406091095.0
2010-07-09,406443885.0
2010-07-16,409816228.0
2010-07-23,408202865.0
2010-07-30,413343445.0
2010-08-06,411334162.0
2010-08-13,413457636.0
2010-08-20,414849188.0
2010-08-27,420762290.0
2010-09-03,421344692.0
2010-09-10,421876078.0
2010-09-17,423195963.0
2010-09-24,426959902.0
2010-10-01,432546579.0
2010-10-08,431302223.0
2010-10-15,435275936.0
2010-10-22,436169528.0
2010-10-29,440941292.0
2010-11-05,441606011.0
2010-11-12,448139803.0
2010-11-19,450263557.0
2010-11-26,455208400.0
2010-12-03,454692757.0
2010-12-10,460060009.0
2010-12-17,466304129.0
2010-12-24,470154392.0
2010-12-31,483818493.0
2011-01-07,479222933.0
2011-01-14,480540426.0
2011-01-21,482306249.0
2011-01-28,489178090.0
2011-02-04,489449336.0
2011-02-11,493701414.0
2011-02-18,497764223.0
2011-02-25,502741217.0
2011-03-04,505172547.0
2011-03-11,507576830.0
2011-03-18,510903891.0
2011-03-25,513524109.0
2011-04-01,519235695.0
2011-04-08,518627652.0
2011-04-15,524430307.0
2011-04-22,524984230.0
2011-04-29,533012983.0
2011-05-06,535990863.0
2011-05-13,542292960.0
2011-05-20,543287188.0
2011-05-27,550865746.0
2011-06-03,558421070.0
2011-06-10,557646124.0
2011-06-17,561656687.0
2011-06-24,566856269.0
2011-07-01,573479362.0
2011-07-08,572658038.0
2011-07-15,577403126.0
2011-07-22,578685675.0
2011-07-29,583267782.0
2011-08-05,586070250.0
2011-08-12,593563095.0
2011-08-19,595823083.0
2011-08-26,604571827.0
2011-09-02,600258351.0
2011-09-09,598803086.0
2011-09-16,601686695.0
2011-09-23,604964307.0
2011-09-30,616238426.0
2011-10-07,612759030.0
2011-10-14,616209986.0
2011-10-21,618628138.0
2011-10-28,616673895.0
2011-11-04,617365677.0
2011-11-11,616736270.0
2011-11-18,621831889.0
2011-11-25,625573251.0
2011-12-02,625211096.0
2011-12-09,627316928.0
2011-12-16,632021280.0
2011-12-23,632606687.0
2011-12-30,639126816.0
2012-01-06,634671074.0
2012-01-13,634900178.0
2012-01-20,632873640.0
2012-01-27,636181763.0
2012-02-03,632631278.0
2012-02-10,635134885.0
2012-02-17,637996765.0
2012-02-24,638819984.0
2012-03-02,641608450.0
2012-03-09,644115741.0
2012-03-16,647266641.0
2012-03-23,650186883.0
2012-03-30,659743743.0
2012-04-06,658400836.0
2012-04-13,661086940.0
2012-04-20,663061391.0
2012-04-27,668637840.0
2012-05-04,667227534.0
2012-05-11,674064609.0
2012-05-18,680627983.0
2012-05-25,683562177.0
2012-06-01,689994187.0
2012-06-08,688101256.0
2012-06-15,692790263.0
2012-06-22,689435632.0
2012-06-29,700578755.0
2012-07-06,697299172.0
2012-07-13,697539416.0
2012-07-20,695379691.0
2012-07-27,697431533.0
2012-08-03,700037537.0
2012-08-10,702103963.0
2012-08-17,705986412.0
2012-08-24,704038401.0
2012-08-31,714281050.0
2012-09-07,709687929.0
2012-09-14,713164412.0
2012-09-21,712296483.0
2012-09-28,721028089.0
2012-10-05,719641338.0
2012-10-12,723411905.0
2012-10-19,724642090.0
2012-10-26,724411598.0
2012-11-02,723458533.0
2012-11-09,725757404.0
2012-11-16,730979614.0
2012-11-23,731548432.0
2012-11-30,740445353.0
2012-12-07,740285907.0
2012-12-14,745268355.0
2012-12-21,748288947.0
2012-12-28,759762194.0
2013-01-04,756224271.0
2013-01-11,760261662.0
2013-01-18,758697514.0
2013-01-25,762355071.0
2013-02-01,767355837.0
2013-02-08,769325385.0
2013-02-15,773182088.0
2013-02-22,775545498.0
2013-03-01,782621076.0
2013-03-08,784336682.0
2013-03-15,790726814.0
2013-03-22,791918733.0
2013-03-29,802055367.0
2013-04-05,799904695.0
2013-04-12,805038347.0
2013-04-19,808066005.0
2013-04-26,815676222.0
2013-05-03,817177899.0
2013-05-10,823763713.0
2013-05-17,831102074.0
2013-05-24,841090268.0
2013-05-31,861174470.0
2013-06-07,862828118.0
2013-06-14,865834286.0
2013-06-21,878563066.0
2013-06-28,891250796.0
2013-07-05,892529451.0
2013-07-12,898406295.0
2013-07-19,895460475.0
2013-07-26,900005585.0
2013-08-02,910249545.0
2013-08-09,908272768.0
2013-08-16,912062158.0
2013-08-23,920645907.0
2013-08-30,935978558.0
2013-09-06,938688900.0
2013-09-13,940997618.0
2013-09-20,939039439.0
2013-09-27,956996392.0
2013-10-04,952385408.0
2013-10-11,957523179.0
2013-10-18,954792814.0
2013-10-25,956240522.0
2013-11-01,961593428.0
2013-11-08,967405750.0
2013-11-15,973695542.0
2013-11-22,972054620.0
2013-11-29,982108266.0
2013-12-06,985059980.0
2013-12-13,991575484.0
2013-12-20,999306834.0
2013-12-27,1018735495.0
2014-01-03,1018991429.0
2014-01-10,1021469880.0
2014-01-17,1027546285.0
2014-01-24,1045493222.0
2014-01-31,1047493377.0
2014-02-07,1038228836.0
2014-02-14,1039181663.0
2014-02-21,1037908570.0
2014-02-28,1048728722.0
2014-03-07,1046422607.0
2014-03-14,1053569056.0
2014-03-21,1051965665.0
2014-03-28,1054659351.0
2014-04-04,1044640044.0
2014-04-11,1048253759.0
2014-04-18,1048850064.0
2014-04-25,1051456203.0
2014-05-02,1052604065.0
2014-05-09,1048797151.0
2014-05-16,1056324525.0
2014-05-23,1053318567.0
2014-05-30,1064531293.0
2014-06-06,1062822351.0
2014-06-13,1072653963.0
2014-06-20,1077369620.0
2014-06-27,1090914322.0
2014-07-04,1085161337.0
2014-07-11,1085589733.0
2014-07-18,1087845040.0
2014-07-25,1089848076.0
2014-08-01,1106371452.0
2014-08-08,1102545331.0
2014-08-15,1109934160.0
2014-08-22,1108641251.0
2014-08-29,1117458890.0
2014-09-05,1116734576.0
2014-09-12,1127279236.0
2014-09-19,1131439017.0
2014-09-26,1149227961.0
2014-10-03,1152048037.0
2014-10-10,1152206159.0
2014-10-17,1149552980.0
2014-10-24,1148820113.0
2014-10-31,1154887364.0
2014-11-07,1160130797.0
2014-11-14,1164289179.0
2014-11-21,1162602968.0
2014-11-28,1171994063.0
2014-12-05,1176651699.0
2014-12-12,1188124114.0
2014-12-19,1197062572.0
2014-12-26,1209005135.0
2015-01-02,1206016673.0
2015-01-09,1198671784.0
2015-01-16,1205849414.0
2015-01-23,1204699814.0
2015-01-30,1227249366.0
2015-02-06,1232973399.0
2015-02-13,1243192411.0
2015-02-20,1241142297.0
2015-02-27,1257262574.0
2015-03-06,1271922631.0
2015-03-13,1273431455.0
2015-03-20,1272884781.0
2015-03-27,1287325305.0
2015-04-03,1288377504.0
2015-04-10,1298833215.0
2015-04-17,1310056170.0
2015-04-24,1316545705.0
2015-05-01,1325335634.0
2015-05-08,1326985373.0
2015-05-15,1322942373.0
2015-05-22,1318213902.0
2015-05-29,1336108240.0
2015-06-05,1347217506.0
2015-06-12,1361369705.0
2015-06-19,1359928512.0
2015-06-26,1361832244.0
2015-07-03,1365523997.0
2015-07-10,1365457918.0
2015-07-17,1359526091.0
2015-07-24,1373502383.0
2015-07-31,1398382392.0
2015-08-07,1386326334.0
2015-08-14,1398952929.0
2015-08-21,1415679243.0
2015-08-28,1420988429.0
2015-09-04,1427937073.0
2015-09-11,1444151523.0
2015-09-18,1439811803.0
2015-09-25,1437654290.0
2015-10-02,1436318265.0
2015-10-09,1430881716.0
2015-10-16,1426851951.0
2015-10-23,1421420505.0
2015-10-30,1433293486.0
2015-11-06,1422806587.0
2015-11-13,1421080575.0
2015-11-20,1413652182.0
2015-11-27,1433212969.0
2015-12-04,1428618542.0
2015-12-11,1445742120.0
2015-12-18,1440100879.0
2015-12-25,1444444108.0
2016-01-01,1452160856.0
2016-01-08,1455414639.0
2016-01-15,1468881963.0
2016-01-22,1460905291.0
2016-01-29,1462789790.0
2016-02-05,1459304225.0
2016-02-12,1467528819.0
2016-02-19,1471029524.0
2016-02-26,1474594121.0
2016-03-04,1464134568.0
2016-03-11,1465869389.0
2016-03-18,1465422679.0
2016-03-25,1468915369.0
2016-04-01,1474109699.0
2016-04-08,1477291981.0
2016-04-15,1484641042.0
2016-04-22,1477510274.0
2016-04-29,1484170580.0
2016-05-06,1505175094.0
2016-05-13,1512964537.0
2016-05-20,1514936844.0
2016-05-27,1520059930.0
2016-06-03,1516103022.0
2016-06-10,1519126019.0
2016-06-17,1522626792.0
2016-06-24,1522248065.0
2016-07-01,1532046504.0
2016-07-08,1527885569.0
2016-07-15,1524620100.0
2016-07-22,1548511196.0
2016-07-29,1545761251.0
2016-08-05,1546597774.0
2016-08-12,1540686371.0
2016-08-19,1542052035.0
2016-08-26,1551697474.0
2016-09-02,1549545397.0
2016-09-09,1555850264.0
2016-09-16,1556546311.0
2016-09-23,1547071758.0
2016-09-30,1573027672.0
2016-10-07,1573921028.0
2016-10-14,1581863051.0
2016-10-21,1579249372.0
2016-10-28,1592377343.0
2016-11-04,1601676869.0
2016-11-11,1619138954.0
2016-11-18,1635832470.0
2016-11-25,1649953804.0
2016-12-02,1668656406.0
2016-12-09,1660943672.0
2016-12-16,1670758660.0
2016-12-23,1673110968.0
2016-12-30,1686908873.0
2017-01-06,1699385304.0
2017-01-13,1736823234.0
2017-01-20,1742162407.0
2017-01-27,1764908970.0
2017-02-03,1741234053.0
2017-02-10,1738916530.0
2017-02-17,1738619291.0
2017-02-24,1724170526.0
2017-03-03,1745845489.0
2017-03-10,1756503294.0
2017-03-17,1746139110.0
2017-03-24,1757877891.0
2017-03-31,1782745072.0
2017-04-07,1798752492.0
2017-04-14,1807469467.0
2017-04-21,1805306354.0
2017-04-28,1809584468.0
2017-05-05,1812176752.0
2017-05-12,1821613533.0
2017-05-19,1838458589.0
2017-05-26,1845264232.0
2017-06-02,1839620338.0
2017-06-09,1846876418.0
2017-06-16,1851034923.0
2017-06-23,1855466561.0
2017-06-30,1869898793.0
2017-07-07,1880609795.0
2017-07-14,1876439107.0
2017-07-21,1878943650.0
2017-07-28,1889598561.0
2017-08-04,1893101831.0
2017-08-11,1901946964.0
2017-08-18,1904285844.0
2017-08-25,1906591226.0
2017-09-01,1907050996.0
2017-09-08,1895900366.0
2017-09-15,1907617215.0
2017-09-22,1918822343.0
2017-09-29,1942097283.0
2017-10-06,1946023172.0
2017-10-13,1959979642.0
2017-10-20,1963650866.0
2017-10-27,1994701841.0
2017-11-03,1997633598.0
2017-11-10,2006746990.0
2017-11-17,2021956391.0
2017-11-24,2035851643.0
2017-12-01,2042841397.0
2017-12-08,2029307967.0
2017-12-15,2042858181.0
2017-12-22,2035534931.0
2017-12-29,2045329483.0
2018-01-05,2033815642.0
2018-01-12,2043964659.0
2018-01-19,2051355474.0
2018-01-26,2061105286.0
2018-02-02,2057899893.0
2018-02-09,2062998736.0
2018-02-16,2065740949.0
2018-02-23,2072257122.0
2018-03-02,2084917925.0
2018-03-09,2089155704.0
2018-03-16,2108919724.0
2018-03-23,2121318197.0
2018-03-30,2133194675.0
2018-04-06,2151797495.0
2018-04-13,2171534429.0
2018-04-20,2165171751.0
2018-04-27,2177566546.0
2018-05-04,2201727805.0
2018-05-11,2220493507.0
2018-05-18,2252703192.0
2018-05-25,2297403454.0
2018-06-01,2277414976.0
2018-06-08,2272758840.0
2018-06-15,2294964322.0
2018-06-22,2301809015.0
2018-06-29,2283353775.0
2018-07-06,2287466316.0
2018-07-13,2328924696.0
2018-07-20,2320713139.0
2018-07-27,2335678865.0
2018-08-03,2360843785.0
2018-08-10,2522104591.0
2018-08-17,2509716414.0
2018-08-24,2516553242.0
2018-08-31,2587738180.0
2018-09-07,2569247681.0
2018-09-14,2521498359.0
2018-09-21,2532650242.0
2018-09-28,2488466043.0
2018-10-05,2490693115.0
2018-10-12,2456640939.0
2018-10-19,2392625658.0
2018-10-26,2390577421.0
2018-11-02,2350266261.0
2018-11-09,2346363874.0
2018-11-16,2325833026.0
2018-11-23,2311404170.0
2018-11-30,2298625159.0
2018-12-07,2307623250.0
2018-12-14,2317381881.0
2018-12-21,2302432230.0
2018-12-28,2304027778.0
2019-01-04,2312842310.0
2019-01-11,2325692701.0
2019-01-18,2296171072.0
2019-01-25,2282714354.0
2019-02-01,2281185094.0
2019-02-08,2286575175.0
2019-02-15,2297428189.0
2019-02-22,2308867005.0
2019-03-01,2325933691.0
2019-03-08,2337101288.0
2019-03-15,2358990905.0
2019-03-22,2384744764.0
2019-03-29,2417936334.0
2019-04-05,2403401609.0
2019-04-12,2426380117.0
2019-04-19,2428875589.0
2019-04-26,2456107718.0
2019-05-03,2441882460.0
2019-05-10,2487772320.0
2019-05-17,2479954272.0
2019-05-24,2488420924.0
2019-05-31,2459622687.0
2019-06-07,2444692428.0
2019-06-14,2449022784.0
2019-06-21,2437631497.0
2019-06-28,2447479186.0
2019-07-05,2415433535.0
2019-07-12,2436390183.0
2019-07-19,2419918231.0
2019-07-26,2424218503.0
2019-08-02,2407749641.0
2019-08-09,2400879800.0
2019-08-16,2407119440.0
2019-08-23,2429759165.0
2019-08-30,2447586876.0
2019-09-06,2430593900.0
2019-09-13,2434616781.0
2019-09-20,2445501446.0
2019-09-27,2447373465.0
2019-10-04,2448462783.0
2019-10-11,2478693229.0
2019-10-18,2473748172.0
2019-10-25,2473115968.0
2019-11-01,2467201954.0
2019-11-08,2470825490.0
2019-11-15,2487269026.0
2019-11-22,2481876409.0
2019-11-29,2501534597.0
2019-12-06,2507897724.0
2019-12-13,2523028643.0
2019-12-20,2542706791.0
2019-12-27,2564868622.0
2020-01-03,2562176144.0
2020-01-10,2552662302.0
2020-01-17,2560827013.0
2020-01-24,2572741710.0
2020-01-31,2595585732.0
2020-02-07,2602096285.0
2020-02-14,2617000530.0
2020-02-21,2627969087.0
2020-02-28,2671319794.0
2020-03-06,2672260904.0
2020-03-13,2708516560.0
2020-03-20,2749744247.0
2020-03-27,2768395332.0
2020-04-03,2807290412.0
2020-04-10,2833365382.0
2020-04-17,2899082661.0
2020-04-24,2954654689.0
2020-05-01,2998580516.0
2020-05-08,3047472697.0
2020-05-15,3036170973.0
2020-05-22,3028738129.0
2020-05-29,3052801812.0
2020-06-05,3067306917.0
2020-06-12,3097535724.0
2020-06-19,3114677339.0
2020-06-26,3141042957.0
2020-07-03,3150704032.0
2020-07-10,3175933105.0
2020-07-17,3192770911.0
2020-07-24,3218613551.0
2020-07-31,3264349098.0
2020-08-07,3318260113.0
2020-08-14,3346657906.0
2020-08-21,3336931503.0
2020-08-28,3359054242.0
2020-09-04,3374058648.0
2020-09-11,3390837009.0
2020-09-18,3402564980.0
2020-09-25,3406806054.0
2020-10-02,3428785142.0
2020-10-09,3455486826.0
2020-10-16,3454336479.0
2020-10-23,3472301466.0
2020-10-30,3532144817.0
2020-11-06,3568207079.0
2020-11-13,3459998961.0
2020-11-20,3463484381.0
2020-11-27,3506541172.0
2020-12-04,3511541700.0
2020-12-11,3518496024.0
2020-12-18,3496372478.0
2020-12-25,3483467961.0
2021-01-01,3470055835.0
2021-01-08,3436801381.0
2021-01-15,3444534793.0
2021-01-22,3442215943.0
2021-01-29,3445966108.0
2021-02-05,3400014841.0
2021-02-12,3411443411.0
2021-02-19,3407568699.0
2021-02-26,3485653885.0
2021-03-05,3503669091.0
2021-03-12,3524276877.0
2021-03-19,3493460741.0
2021-03-26,3605919171.0
2021-04-02,3628181929.0
2021-04-09,3647181177.0
2021-04-16,3640466135.0
2021-04-23,3672014711.0
2021-04-30,3687597976.0
2021-05-07,3674951174.0
2021-05-14,3665760674.0
2021-05-21,3677972212.0
2021-05-28,3715784766.0
2021-06-04,3745239709.0
2021-06-11,3716245298.0
2021-06-18,3751674378.0
2021-06-25,3768865877.0
2021-07-02,3773019889.0
2021-07-09,3779089380.0
2021-07-16,3757186595.0
2021-07-23,3753321183.0
2021-07-30,3752176711.0
2021-08-06,3769541068.0
2021-08-13,3775466925.0
2021-08-20,3774456884.0
2021-08-27,3783863534.0
2021-09-03,3781797932.0
2021-09-10,3813299644.0
2021-09-17,3839415482.0
2021-09-24,3884280824.0
2021-10-01,3899130916.0
2021-10-08,3905566584.0
2021-10-15,3963368135.0
2021-10-22,4024798928.0
2021-10-29,4039441513.0
2021-11-05,4068542059.0
2021-11-12,4112138238.0
2021-11-19,4274918969.0
2021-11-26,4484955758.0
2021-12-03,4717370321.0
2021-12-10,4759045226.0
2021-12-17,5127476838.0
2021-12-24,4485632418.0
2021-12-31,4721345123.0
2022-01-07,4779085192.0
2022-01-14,4779615542.0
2022-01-21,4761184612.0
2022-01-28,4794119759.0
2022-02-04,4822579161.0
2022-02-11,4846141664.0
2022-02-18,4904702239.0
2022-02-25,5005406638.0
2022-03-04,5030724982.0
2022-03-11,5166299248.0
2022-03-18,5205751484.0
2022-03-25,5268245842.0
2022-04-01,5305318583.0
2022-04-08,5325200518.0
2022-04-15,5342746160.0
2022-04-22,5388276251.0
2022-04-29,5451029219.0
2022-05-06,5451332276.0
2022-05-13,5574539730.0
2022-05-20,5698341042.0
2022-05-27,5843425481.0
2022-06-03,5919926137.0
2022-06-10,6038180372.0
2022-06-17,6090253607.0
2022-06-24,6134308816.0
2022-07-01,6037839615.0
2022-07-08,6093203166.0
2022-07-15,6083525267.0
2022-07-22,6159331648.0
2022-07-29,6235823918.0
2022-08-05,6259004734.0
2022-08-12,6318372296.0
2022-08-19,6344300484.0
2022-08-26,6371952753.0
2022-09-02,6391988669.0
2022-09-09,6433181108.0
2022-09-16,6459137135.0
2022-09-23,6484921468.0
2022-09-30,6570749849.0
2022-10-07,6587351872.0
2022-10-14,6628166670.0
2022-10-21,6648734794.0
2022-10-28,6751925512.0
2022-11-04,6770860261.0
2022-11-11,6836760245.0
2022-11-18,6893985915.0
2022-11-25,6953699570.0
2022-12-02,7005336863.0
2022-12-09,7066032902.0
2022-12-16,7129238054.0
2022-12-23,7208164175.0
2022-12-30,7285133891.0
2023-01-06,7284973855.0
2023-01-13,7385820271.0
2023-01-20,7419421769.0
2023-01-27,7507980929.0
2023-02-03,7580490947.0
2023-02-10,7589500089.0
2023-02-17,7614768688.0
2023-02-24,7711269243.0
2023-03-03,7796329313.0
2023-03-10,7875304616.0
2023-03-17,7948292090.0
2023-03-24,8067096107.0
2023-03-31,8210991544.0
2023-04-07,8308256529.0
2023-04-14,8436353502.0
2023-04-21,8462942062.0
2023-04-28,8572113860.0
2023-05-05,8652848752.0
2023-05-12,8740869237.0
2023-05-19,8746004586.0
2023-05-26,8804344094.0
2023-06-02,8921389324.0
2023-06-09,9255139729.0
2023-06-16,9301455357.0
2023-06-23,9489170562.0
2023-06-30,9564604472.0
2023-07-07,9562740833.0
2023-07-14,9699021289.0
2023-07-21,9806962649.0
2023-07-28,9846895191.0
2023-08-04,9888394748.0
2023-08-11,9928303178.0
2023-08-18,9929499612.0
2023-08-25,9923805535.0
2023-09-01,10003425405.0
2023-09-08,10032887679.0
2023-09-15,10079808593.0
2023-09-22,10163191310.0
2023-09-29,10258286970.0
2023-10-06,10247617519.0
2023-10-13,10318861298.0
2023-10-20,10361831417.0
2023-10-27,10479350311.0
2023-11-03,10556223849.0
2023-11-10,10597019465.0
2023-11-17,10673432825.0
2023-11-24,10786614391.0
2023-12-01,10876930933.0
2023-12-08,10864984030.0
2023-12-15,10944472638.0
2023-12-22,11048070025.0
2023-12-29,11189475576.0
2024-01-05,11226807945.0
2024-01-12,11312319582.0
2024-01-19,11297539144.0
2024-01-26,11389691561.0
2024-02-02,11492974432.0
2024-02-09,11553574403.0
2024-02-16,11613295425.0
2024-02-23,11746218586.0
2024-03-01,11925565995.0
2024-03-08,12145415501.0
2024-03-15,12213953509.0
2024-03-22,12262011140.0
2024-03-29,12415546698.0
2024-04-05,12429390850.0
2024-04-12,12448929845.0
2024-04-19,12443380781.0
2024-04-26,12643010256.0
2024-05-03,12681194719.0
2024-05-10,12708863994.0
2024-05-17,12743894947.0
2024-05-24,12933975026.0
2024-05-31,13061228989.0
2024-06-07,13067977104.0
2024-06-14,13216237254.0
2024-06-21,13181407613.0
2024-06-28,13359467184.0
2024-07-05,13386651978.0
2024-07-12,13502338666.0
2024-07-19,13465272744.0
2024-07-26,13545101716.0
2024-08-02,13672892262.0
2024-08-09,13777169733.0
2024-08-16,13817079036.0
2024-08-23,14010451773.0
2024-08-30,14120484886.0
2024-09-06,14135855851.0
2024-09-13,14201156862.0
2024-09-20,14279336695.0
2024-09-27,14429175508.0
2024-10-04,14465257690.0
2024-10-11,14473329192.0
2024-10-18,14467681874.0
2024-10-25,14556002644.0
2024-11-01,14646189626.0
2024-11-08,14655157235.0
2024-11-15,14689545587.0
2024-11-22,14777761383.0
2024-11-29,14962174808.0
2024-12-06,15029326754.0
2024-12-13,15184522492.0
2024-12-20,15247104322.0
2024-12-27,15455841153.0
2025-01-03,15483209306.0
2025-01-10,15572980918.0
2025-01-17,15594311576.0
2025-01-24,15741507673.0
2025-01-31,15885466004.0
