dt,KM.F01,KM.F04,KM.F07,KM.F13,KM.F19,KM.F22
1986-01-01,4002.3,1472.0,658.7,499.6,1182.5,0.9
1986-02-01,4133.4,1501.6,673.3,517.0,1321.2,0.9
1986-03-01,4528.1,1702.5,730.3,706.2,1438.3,0.0
1986-04-01,4613.1,1729.4,723.5,716.2,1603.2,0.0
1986-05-01,4736.4,1792.1,765.2,735.0,1663.3,0.0
1986-06-01,4830.8,1828.9,736.5,925.9,1901.8,0.0
1986-07-01,4886.4,1694.7,798.9,1047.6,1999.9,0.2
1986-08-01,4986.5,1713.5,773.9,946.4,2053.6,0.6
1986-09-01,5082.4,1855.4,812.7,994.9,2230.0,1.0
1986-10-01,5161.2,2082.4,771.1,934.8,2295.5,0.0
1986-11-01,5280.0,2242.2,774.9,870.7,2474.9,0.0
1986-12-01,5725.7,3336.8,994.0,688.1,2719.7,0.0
1987-01-01,5537.5,2629.2,813.3,765.2,2864.4,0.0
1987-02-01,5599.6,2804.3,809.8,647.7,2857.8,0.0
1987-03-01,5706.9,2890.8,915.4,823.1,2972.3,0.0
1987-04-01,5770.6,2784.0,967.0,1270.8,3074.1,0.0
1987-05-01,5875.5,2740.3,943.2,967.2,3197.9,0.0
1987-06-01,5986.7,3046.8,994.3,1151.4,3379.8,0.0
1987-07-01,6029.8,2916.6,1010.3,1186.6,3627.0,0.1
1987-08-01,6169.3,3190.3,1128.0,1132.9,3926.0,0.0
1987-09-01,6287.6,3449.9,1225.0,1021.4,4216.1,0.0
1987-10-01,6341.1,3375.1,1366.2,1071.5,4474.8,0.0
1987-11-01,6386.7,3341.1,1516.3,1187.7,4881.9,0.0
1987-12-01,6891.4,5319.7,1840.7,1020.0,5550.4,0.0
1988-01-01,6650.6,3720.2,1754.4,1240.2,5815.2,0.0
1988-02-01,7087.7,3655.9,1876.1,1195.5,5923.2,0.0
1988-03-01,7476.5,3752.6,1971.0,1231.1,6065.2,0.0
1988-04-01,7792.9,3700.2,2090.2,1146.3,6213.2,0.0
1988-05-01,8176.5,3669.3,2160.3,1352.8,6353.4,0.0
1988-06-01,8419.9,3500.9,2310.9,1401.3,6348.3,0.0
1988-07-01,8768.1,3654.5,2405.1,1763.4,6643.9,0.0
1988-08-01,9325.6,3804.2,2631.8,1503.1,7404.8,0.0
1988-09-01,9706.7,3914.5,2568.4,1631.0,8012.2,0.0
1988-10-01,10468.4,4049.3,2852.5,2038.9,8434.1,0.0
1988-11-01,11460.9,4605.5,3060.9,1782.1,9102.9,7.1
1988-12-01,12609.2,6501.9,3719.9,1480.9,9411.7,0.0
1989-01-01,13182.1,4766.4,3889.1,1780.2,9437.2,0.0
1989-02-01,14123.3,5270.6,4229.6,1529.1,9795.8,0.0
1989-03-01,14698.1,5269.0,4540.7,1542.2,10185.4,0.0
1989-04-01,15313.5,5691.9,4621.0,1607.5,10451.7,0.0
1989-05-01,15987.7,5735.2,4940.5,1528.5,10218.2,0.0
1989-06-01,16327.5,5680.2,5128.1,1983.6,10606.9,0.0
1989-07-01,16909.2,6200.6,5099.3,2092.6,11059.3,0.0
1989-08-01,18026.5,6239.1,5303.7,1732.3,11387.2,1.0
1989-09-01,19085.2,6743.5,5295.9,1816.2,11914.1,5.6
1989-10-01,20823.9,7132.4,6256.8,2232.0,12651.9,6.8
1989-11-01,21812.2,7247.7,6829.7,2092.8,13052.8,9.3
1989-12-01,22812.9,9620.3,7824.3,1691.4,13928.3,108.4
1990-01-01,23481.2,7974.5,8242.4,2611.8,14234.5,82.3
1990-02-01,24102.2,8371.7,8157.7,2348.8,14605.1,124.8
1990-03-01,24822.0,8803.0,8016.7,2291.3,15179.6,131.7
1990-04-01,25446.5,9857.7,8677.6,3080.0,15552.1,118.2
1990-05-01,26174.5,9401.3,9023.3,2894.2,16065.3,66.4
1990-06-01,26784.3,9172.9,9371.2,2592.8,16266.6,208.1
1990-07-01,27618.5,10285.7,9950.6,3353.0,17399.8,112.0
1990-08-01,28202.6,10004.8,10256.2,2844.8,17919.4,0.0
1990-09-01,28932.1,10696.6,10151.9,3196.0,18483.0,0.0
1990-10-01,30108.4,11422.7,11448.9,3205.0,19751.1,11.0
1990-11-01,31094.8,11041.3,11278.5,3797.8,20641.2,49.7
1990-12-01,32518.7,14524.2,12869.2,3511.4,21744.1,29.3
1991-01-01,30667.8,10581.9,12635.6,3055.0,20782.8,51.4
1991-02-01,32939.6,11484.2,12789.1,2721.0,24200.3,33.0
1991-03-01,35328.8,11515.1,12680.6,2731.6,25619.9,156.1
1991-04-01,36666.5,12343.9,13260.6,4326.1,27838.1,10.2
1991-05-01,38997.4,11333.4,13487.7,3461.8,29325.2,139.1
1991-06-01,40863.2,12987.0,13465.0,3453.5,30730.5,13.1
1991-07-01,43015.9,13075.3,14665.8,3773.7,33631.1,23.0
1991-08-01,46087.1,13293.6,13724.8,3334.3,37320.9,131.5
1991-09-01,48441.9,14941.8,15928.5,3563.5,40868.6,0.0
1991-10-01,51119.0,15790.9,16707.3,5048.6,44641.0,0.0
1991-11-01,53702.0,15732.4,16269.5,4650.3,47971.0,103.7
1991-12-01,57304.6,21638.3,20705.1,3136.3,51979.7,0.1
1992-01-01,59508.5,16435.7,19884.4,4067.3,55588.3,0.1
1992-02-01,62717.7,17437.2,19983.4,3335.8,61654.8,0.1
1992-03-01,64935.2,18849.4,22305.1,5966.4,65815.0,35.2
1992-04-01,67124.8,19417.3,24507.6,6407.0,70985.8,51.1
1992-05-01,68907.9,19124.8,23679.3,5806.1,77694.9,200.2
1992-06-01,71249.9,20856.7,25416.6,7031.1,82691.4,34.2
1992-07-01,74040.5,20594.5,25285.1,6956.7,89436.1,318.5
1992-08-01,77131.3,22457.2,27446.1,7129.0,95142.9,214.0
1992-09-01,79542.6,25127.4,29583.3,6447.4,101393.8,122.4
1992-10-01,81843.8,25960.7,28579.6,7721.7,103384.2,734.0
1992-11-01,86071.1,26816.7,29402.5,7555.0,103605.4,8.7
1992-12-01,90750.0,36222.7,35041.6,6593.1,106024.9,252.1
1993-01-01,94474.3,29624.2,32760.6,8547.0,109438.1,0.2
1993-02-01,100943.6,30709.2,33828.4,7038.6,112871.4,237.6
1993-03-01,103457.8,32912.3,36676.4,8904.7,117689.2,151.4
1993-04-01,104289.5,33720.6,36917.5,12581.1,121683.9,686.2
1993-05-01,104871.5,33508.3,38759.6,11592.1,125562.0,446.7
1993-06-01,106340.6,36924.8,40363.0,8979.2,132198.5,528.1
1993-07-01,109105.4,37935.2,38092.2,14062.5,138700.9,847.6
1993-08-01,112153.3,41352.1,42016.0,13270.5,149984.7,0.0
1993-09-01,112533.8,43434.1,41705.0,13875.7,160693.8,0.0
1993-10-01,115742.6,42683.0,41333.7,13202.7,172793.8,0.0
1993-11-01,117741.1,43974.4,46686.8,16689.6,185125.3,0.0
1993-12-01,123096.2,56845.9,55562.8,12539.7,197364.7,0.0
1994-01-01,123294.5,43765.7,57910.9,17409.2,237647.6,0.0
1994-02-01,134794.6,43109.4,52638.2,12285.4,263476.3,0.0
1994-03-01,133928.3,36426.6,53735.8,16553.4,303666.5,0.0
1994-04-01,162445.4,42842.8,51930.0,20839.6,380866.2,0.0
1994-05-01,217642.3,50911.7,59570.1,14704.0,362491.9,0.0
1994-06-01,268247.8,63108.3,65383.0,26237.3,378983.4,0.0
1994-07-01,314372.2,76553.1,69258.5,24677.1,392979.6,0.0
1994-08-01,300089.9,80128.2,74393.3,29232.4,434098.4,0.0
1994-09-01,303327.0,79721.3,72471.4,28072.4,484204.6,0.0
1994-10-01,291690.6,87646.9,75878.9,35104.7,540822.5,0.0
1994-11-01,313694.3,88622.8,83581.5,23546.2,552283.0,0.0
1994-12-01,326227.0,108459.6,105136.2,19064.2,598477.8,0.0
1995-01-01,337177.3,90143.8,105946.5,39060.5,641030.1,0.0
1995-02-01,383039.7,106405.8,107544.1,30716.5,659268.1,0.0
1995-03-01,428705.7,102258.1,108822.8,38313.0,701145.5,0.0
1995-04-01,481154.9,116540.9,113345.4,27033.6,716450.9,2.8
1995-05-01,517314.4,113781.4,119672.5,39272.8,715532.8,2.8
1995-06-01,559435.0,126250.3,126613.0,34641.8,731257.4,5.8
1995-07-01,600816.3,143963.4,134430.8,51646.3,767154.4,0.0
1995-08-01,630370.5,147362.2,146459.1,47774.0,807138.1,178.8
1995-09-01,630759.6,157306.9,140208.5,50560.7,852779.2,29.6
1995-10-01,618782.0,168155.6,148387.3,73446.8,919227.3,30.9
1995-11-01,670612.2,178510.9,159206.5,47991.8,1030580.8,37.2
1995-12-01,684284.7,202023.7,187872.6,36803.7,1253289.7,0.0
1996-01-01,746465.7,180062.7,188116.8,100048.0,1220250.0,0.0
1996-02-01,817395.4,191535.6,195347.7,85742.0,1281628.3,0.0
1996-03-01,839809.1,191522.1,188086.7,86808.9,1424621.6,260.4
1996-04-01,929883.8,202679.4,201330.2,70568.0,1486791.5,180.5
1996-05-01,1005683.7,209761.5,227853.7,109229.7,1578947.7,217.6
1996-06-01,1083747.2,242250.5,238680.1,99946.0,1678195.9,0.0
1996-07-01,1138995.1,237634.8,263339.7,101522.3,1791945.2,154.3
1996-08-01,1249339.6,257139.9,277601.7,104170.9,1879289.0,0.0
1996-09-01,1355658.7,297537.3,310921.8,115319.3,1994265.3,0.0
1996-10-01,1465508.7,311924.8,336726.8,163659.8,2139078.8,0.0
1996-11-01,1523434.5,355194.6,336883.6,172285.5,2342946.6,0.0
1996-12-01,1731882.7,474389.7,417200.2,165737.8,2627628.8,0.0
1997-01-01,1753037.5,407992.2,426265.6,210269.8,2765483.7,0.0
1997-02-01,1781975.0,449771.4,462473.9,184762.5,2919011.7,0.0
1997-03-01,1882405.1,533190.6,485715.5,200244.3,3070948.2,0.0
1997-04-01,1998318.6,540841.9,517412.1,279166.0,3137018.5,0.0
1997-05-01,2108750.3,492986.8,534228.7,179126.7,3294596.4,0.0
1997-06-01,2266671.5,547404.7,582863.7,232455.6,3495534.4,0.0
1997-07-01,2436942.5,512251.7,611416.5,328185.2,3758778.0,0.0
1997-08-01,2525758.8,475924.6,623714.8,320531.9,4045655.4,0.0
1997-09-01,2728525.1,579211.4,734664.5,373918.2,4182010.7,0.0
1997-10-01,2898749.3,607711.7,820414.0,512394.9,4543334.4,0.0
1997-11-01,2906349.2,610963.5,805454.4,511710.1,4949043.8,0.0
1997-12-01,3191504.5,950222.8,1039529.4,221367.1,5493851.5,0.0
1998-01-01,3332099.7,720838.1,1032354.0,299213.3,5717315.2,0.0
1998-02-01,3264824.6,741694.5,1118804.0,336872.8,6194995.4,0.0
1998-03-01,3514633.9,814663.4,1145438.1,451281.5,6453164.5,0.0
1998-04-01,3823262.1,924859.1,1234501.4,499439.3,6757541.9,0.0
1998-05-01,4173447.0,930346.7,1246178.3,440604.4,6964012.3,0.0
1998-06-01,4668802.5,1193888.4,1406335.5,464655.2,7235986.5,0.0
1998-07-01,4939005.8,1241094.0,1572445.7,555774.0,7624096.8,0.0
1998-08-01,4928046.5,1226095.9,1539466.0,375602.1,8074283.9,0.0
1998-09-01,5418736.8,1360359.7,1552059.1,509827.7,9957650.2,0.0
1998-10-01,5651767.1,1419407.2,1611910.3,424020.6,8866497.7,14616.3
1998-11-01,5958623.0,1550294.5,1830029.1,498929.2,9089380.5,25503.9
1998-12-01,6425225.5,2085866.3,2038103.6,364531.2,9574357.8,24889.1
1999-01-01,6885420.4,1656462.4,2427743.8,434067.5,9805328.4,75980.0
1999-02-01,7295761.7,1645508.3,2307869.1,521616.8,10255108.5,81195.0
1999-03-01,7651476.1,1719400.7,2243550.1,555069.5,10864460.2,190756.5
1999-04-01,7967615.2,1782680.8,2685419.0,670387.4,11801475.2,201565.4
1999-05-01,8527799.1,1901000.8,2804758.2,825730.3,12210603.9,277806.7
1999-06-01,9332512.8,2234474.5,2886123.0,599049.5,12767723.3,277584.1
1999-07-01,10147208.6,2263145.7,3055954.0,454160.1,13036853.9,275048.4
1999-08-01,10810562.5,2439616.9,3180107.2,477146.7,13644430.2,324954.7
1999-09-01,11826550.8,2531694.6,3132097.6,600216.0,14795306.3,392535.9
1999-10-01,12303522.0,2512360.0,3159062.0,537078.0,15665166.0,400691.0
1999-11-01,12683499.0,2593386.0,3528448.0,730158.0,17410653.0,421561.0
1999-12-01,13340756.0,3640644.0,3914999.0,796961.0,18420635.0,440360.0
2000-01-01,13686282.0,3495249.0,4265389.0,803971.0,19342772.0,274210.0
2000-02-01,13176754.0,3113454.0,4212273.0,885818.0,20440737.0,297382.0
2000-03-01,13598246.0,3142256.0,4051055.0,821043.0,21381952.0,176501.0
2000-04-01,13888318.0,3367204.0,4275297.0,787465.0,22202758.0,182809.0
2000-05-01,13661044.0,3367579.0,4518533.0,833665.0,23523202.0,181764.0
2000-06-01,14485326.0,3829281.0,4200669.0,1117842.0,23733019.0,184469.0
2000-07-01,15158712.0,4504671.0,4811756.0,988024.0,24453193.0,181150.0
2000-08-01,14937726.0,4053258.0,4745102.0,862057.0,25367486.0,182239.0
2000-09-01,15145009.0,4329718.0,4638614.0,905118.0,26345272.0,184285.0
2000-10-01,15608380.0,4447240.0,4981155.0,1096881.0,26759691.0,176222.0
2000-11-01,16087921.0,4889213.0,5465195.0,1204709.0,26702285.0,165950.0
2000-12-01,17888051.0,5813377.0,5636461.0,1322941.0,25341684.0,154847.0
2001-01-01,19031861.0,5175893.0,6399287.0,1039439.0,25685853.0,147039.0
2001-02-01,20146450.0,6049317.0,6632318.0,1269241.0,30341310.0,67003.0
2001-03-01,22754679.0,6574696.0,6214272.0,1184436.0,34296381.0,71512.0
2001-04-01,23257192.0,6010313.0,6619704.0,1455280.0,37228183.0,58605.0
2001-05-01,23995319.0,5179842.0,6757192.0,1346029.0,38945871.0,72965.0
2001-06-01,24745840.0,5549815.0,6424154.0,1292123.0,45181316.0,81375.0
2001-07-01,23347756.0,4696818.0,6682626.0,1740010.0,48981649.0,84917.0
2001-08-01,24320065.0,5416222.0,7230037.0,1339771.0,52890374.0,88510.0
2001-09-01,24820636.0,6084752.0,6988994.0,1372771.0,60438493.0,104404.0
2001-10-01,25086949.0,6449229.0,7568985.0,1763939.0,64150638.0,100181.0
2001-11-01,26037765.0,5999878.0,7888617.0,1502809.0,60521710.0,94536.0
2001-12-01,27365541.0,8117695.0,7572504.0,1461832.0,60397916.0,81111.0
2002-01-01,27497066.0,6652040.0,8133496.0,2295553.0,54139611.0,71436.0
2002-02-01,28157265.0,6966563.0,8511347.0,2578517.0,56840301.0,79887.0
2002-03-01,29123191.0,7805750.0,8192409.0,2118683.0,54826896.0,77465.0
2002-04-01,30051203.0,8041767.0,8174912.0,2374416.0,55152586.0,80110.0
2002-05-01,30543933.0,8521348.0,7889543.0,2267815.0,59527855.0,82212.0
2002-06-01,30980742.0,9007421.0,7435657.0,2264414.0,65464901.0,88020.0
2002-07-01,31484299.0,8774868.0,8167837.0,2838447.0,71280890.0,93068.0
2002-08-01,31653575.0,7979585.0,8307721.0,2544452.0,69679512.0,71629.0
2002-09-01,32360403.0,9882912.0,8283550.0,2864612.0,71477491.0,89380.0
2002-10-01,33142998.0,10434453.0,8713268.0,3109523.0,72738768.0,83293.0
2002-11-01,33302781.0,9677953.0,9360220.0,3090613.0,68474619.0,75869.0
2002-12-01,34604347.0,12909736.0,7902013.0,2587339.0,74694153.0,93626.0
2003-01-01,34873626.0,11032822.0,8629477.0,3463544.0,74803440.0,95867.0
2003-02-01,35617655.0,10324806.0,8811872.0,3548989.0,72043367.0,96777.0
2003-03-01,37289348.0,11750772.0,7630147.0,3555292.0,71590220.0,98711.0
2003-04-01,37254473.0,10435335.0,8416382.0,4255537.0,68115712.0,81673.0
2003-05-01,38476426.0,10818422.0,8284735.0,4506954.0,64353455.0,58612.0
2003-06-01,39031897.0,11919527.0,9178850.0,4226088.0,64694996.0,53632.0
2003-07-01,40094066.0,12872711.0,8775064.0,5023858.0,64845578.0,47855.0
2003-08-01,41224469.0,12734772.0,8844085.0,4762500.0,64413097.0,50599.0
2003-09-01,41656300.0,14523556.0,10411202.0,5056229.0,65559288.0,53034.0
2003-10-01,42637991.0,14635857.0,10851105.0,5179720.0,71055801.0,58373.0
2003-11-01,44013269.0,14163756.0,10572992.0,5755226.0,71529871.0,56885.0
2003-12-01,45302429.0,16736478.0,12156162.0,4431744.0,71436743.0,53700.0
2004-01-01,52766743.0,14989948.0,10789648.0,4162120.0,65721241.0,50006.0
2004-02-01,53079425.0,15134174.0,11094640.0,7192861.0,64664247.0,47362.0
2004-03-01,54623615.0,16063199.0,11834671.0,5853763.0,64021044.0,47070.0
2004-04-01,55855377.0,16401050.0,11563126.0,5949445.0,66799639.0,91169.0
2004-05-01,56864197.0,16217268.0,11421111.0,5569773.0,70180068.0,94761.0
2004-06-01,57100892.0,17311566.0,11737037.0,6759396.0,71228038.0,91091.0
2004-07-01,57568525.0,17985262.0,10808747.0,5219229.0,70921795.0,75475.0
2004-08-01,58207052.0,18551449.0,12042282.0,5527811.0,74826974.0,76023.0
2004-09-01,59069596.0,19324688.0,12532384.0,5720163.0,77561587.0,78682.0
2004-10-01,60039892.0,19419924.0,12655937.0,7200586.0,78764360.0,163016.0
2004-11-01,61356160.0,19091408.0,13638382.0,6005926.0,79056225.0,163882.0
2004-12-01,62085506.0,21379815.0,13726659.0,6395030.0,79097516.0,156859.0
2005-01-01,61796621.0,19480531.0,13675728.0,6738655.0,74558411.0,163797.0
2005-02-01,63295702.0,19012217.0,14665127.0,9123936.0,72637494.0,159760.0
2005-03-01,64912885.0,20982865.0,15714972.0,7192228.0,74778025.0,164943.0
2005-04-01,67651582.0,21619826.0,15140666.0,7401952.0,76341302.0,168947.0
2005-05-01,69407325.0,21351169.0,16212186.0,8247650.0,74031951.0,162362.0
2005-06-01,72335167.0,23139005.0,16773516.0,8109613.0,74501943.0,155553.0
2005-07-01,74260341.0,24538354.0,16489879.0,8155964.0,75025200.0,155797.0
2005-08-01,76184914.0,24792714.0,17639738.0,9276339.0,77090645.0,159397.0
2005-09-01,77877857.0,25732136.0,18234212.0,8446776.0,79741943.0,177124.0
2005-10-01,80801402.0,27079344.0,18414974.0,8065536.0,76942078.0,178397.0
2005-11-01,83093921.0,27531397.0,19858221.0,10251056.0,76627772.0,186458.0
2005-12-01,87395549.0,31556310.0,16886353.0,10322066.0,79970225.0,195281.0
2006-01-01,88896907.0,26235204.0,17760052.0,9244814.0,80507759.0,216287.0
2006-02-01,92602888.0,27101064.0,18678877.0,10933660.0,81624232.0,228840.0
2006-03-01,95728567.0,29086386.0,19561108.0,10244303.0,81564367.0,244841.0
2006-04-01,98711805.0,29563340.0,18824441.0,9450277.0,79911877.0,284417.0
2006-05-01,102547677.0,30276098.0,20809307.0,11598908.0,94842376.0,443057.0
2006-06-01,104698874.0,29773794.0,22122075.0,11238101.0,93813552.0,423549.0
2006-07-01,103777087.0,29081042.0,19902822.0,10019622.0,90426740.0,412944.0
2006-08-01,103731760.0,29434895.0,19587431.0,9615579.0,93903267.0,364344.0
2006-09-01,107163776.0,30233787.0,18804530.0,10380892.0,97043059.0,382929.0
2006-10-01,107285027.0,29267550.0,19990416.0,9142345.0,98694061.0,350061.0
2006-11-01,109213037.0,29909735.0,21388309.0,8582051.0,102107521.0,360552.0
2006-12-01,110150923.0,30913404.0,20185166.0,10002180.0,104426133.0,352741.0
2007-01-01,112891458.0,30919137.0,19110644.0,12118254.0,106258515.0,364951.0
2007-02-01,114014889.0,30596302.0,19487988.0,13659366.0,108019261.0,337203.0
2007-03-01,117041362.0,31717338.0,18254896.0,11926987.0,108575951.0,346522.0
2007-04-01,117526547.0,31791407.0,19285375.0,14858957.0,110029611.0,328097.0
2007-05-01,120421199.0,31381922.0,20829792.0,12936961.0,110159617.0,317468.0
2007-06-01,124583523.0,32461141.0,20629105.0,13185930.0,110532082.0,325613.0
2007-07-01,125267968.0,34386743.0,20667315.0,17142634.0,109890141.0,287554.0
2007-08-01,129060882.0,34067421.0,19977140.0,14362157.0,110486397.0,296444.0
2007-09-01,130321316.0,33561132.0,22084422.0,12579735.0,107811001.0,228389.0
2007-10-01,131256790.0,33311423.0,22240562.0,13554776.0,106710079.0,268326.0
2007-11-01,133778857.0,33513128.0,22172180.0,13906603.0,106503076.0,340793.0
2007-12-01,137462625.0,39097683.0,21413025.0,14484992.0,107528625.0,259080.0
2008-01-01,140400203.0,38477305.0,21325131.0,14942501.0,106705291.0,288960.0
2008-02-01,143243285.0,38850710.0,20869534.0,14807516.0,109796174.0,311220.0
2008-03-01,148552338.0,42508375.0,21178729.0,15761983.0,119596134.0,376547.0
2008-04-01,150030264.0,41812999.0,21197906.0,19200177.0,118874934.0,386045.0
2008-05-01,150069848.0,39761883.0,21496865.0,15053493.0,118712012.0,368923.0
2008-06-01,152668103.0,41929599.0,22496324.0,20285388.0,122196722.0,382864.0
2008-07-01,155069961.0,43289142.0,21213001.0,21856862.0,118962512.0,366174.0
2008-08-01,157566305.0,43818956.0,20141813.0,14690160.0,116523436.0,394595.0
2008-09-01,164495155.0,47577033.0,20516563.0,19767615.0,118020438.0,405186.0
2008-10-01,172109609.0,47805125.0,20094764.0,16454348.0,126436784.0,523271.0
2008-11-01,178777445.0,48953092.0,20210921.0,14558333.0,127686741.0,539805.0
2008-12-01,181659414.0,52170388.0,19872451.0,17312314.0,135508576.0,472458.0
2009-01-01,183705865.0,50573992.0,18933982.0,15845626.0,136906040.0,492682.0
2009-02-01,186178320.0,49857599.0,18754435.0,21487467.0,138662765.0,623430.0
2009-03-01,183856253.0,50265614.0,17887715.0,20162082.0,142836428.0,697383.0
2009-04-01,183046444.0,46709153.0,17920858.0,19695356.0,138754311.0,688631.0
2009-05-01,183549932.0,49762276.0,17971777.0,18226677.0,140194525.0,658400.0
2009-06-01,186309575.0,51864525.0,18420745.0,19392258.0,139973958.0,653525.0
2009-07-01,186836194.0,52479865.0,18349601.0,24354804.0,139417044.0,645517.0
2009-08-01,187220711.0,53330353.0,18444327.0,19416093.0,143031379.0,723465.0
2009-09-01,187538851.0,56741902.0,19019024.0,24359444.0,146586597.0,832328.0
2009-10-01,190049562.0,59585628.0,19360881.0,18077833.0,147612422.0,956122.0
2009-11-01,194201164.0,61768110.0,19814538.0,20665874.0,147479186.0,1246109.0
2009-12-01,198749729.0,67390081.0,20393178.0,21064569.0,145700490.0,1171759.0
2010-01-01,200598024.0,64628951.0,21429965.0,19400130.0,146828441.0,1145758.0
2010-02-01,206343730.0,67084594.0,23243018.0,24065395.0,145037136.0,1180538.0
2010-03-01,208382956.0,68711135.0,23704440.0,24091706.0,145685502.0,1214950.0
2010-04-01,207765518.0,64705576.0,24634375.0,23065765.0,145502870.0,1174279.0
2010-05-01,215312116.0,70051534.0,25381112.0,22744322.0,139872056.0,1195174.0
2010-06-01,220317196.0,77354867.0,27036507.0,28638696.0,140938932.0,1352598.0
2010-07-01,221902888.0,75698160.0,30607863.0,25591602.0,144297857.0,1465204.0
2010-08-01,221626353.0,73717846.0,31451356.0,22252020.0,147072030.0,1593600.0
2010-09-01,222868580.0,75783181.0,27592882.0,24376649.0,149575413.0,1627230.0
2010-10-01,223558710.0,79286944.0,26794063.0,26663370.0,151038817.0,1780076.0
2010-11-01,228736174.0,80207524.0,26501810.0,24185925.0,152016222.0,1857293.0
2010-12-01,239869190.0,92722541.0,25843572.0,25835837.0,150707176.0,2155861.0
2011-01-01,243886762.0,86273143.0,24533460.0,28158906.0,151013922.0,2679250.0
2011-02-01,248886367.0,89503396.0,24403886.0,33651780.0,156359040.0,2556542.0
2011-03-01,251439294.0,92051671.0,25364179.0,31222548.0,160696767.0,2799746.0
2011-04-01,254439893.0,90461834.0,25491426.0,28096848.0,161117928.0,2988678.0
2011-05-01,259671115.0,93772173.0,27218201.0,30645669.0,162778553.0,3312138.0
2011-06-01,264132948.0,93409255.0,27702271.0,35641659.0,165823003.0,3810054.0
2011-07-01,266937093.0,96929143.0,26421845.0,29419093.0,171895550.0,4867000.0
2011-08-01,268609699.0,97349456.0,26701509.0,32686379.0,175687454.0,8842529.0
2011-09-01,266530838.0,93182026.0,27406065.0,31937095.0,183984241.0,10271159.0
2011-10-01,264280257.0,90056302.0,26910771.0,31344099.0,181673423.0,10782429.0
2011-11-01,265474787.0,88642012.0,27149197.0,37962200.0,186275036.0,10578091.0
2011-12-01,268122081.0,94640521.0,27580023.0,31925041.0,190748772.0,10945992.0
2012-01-01,267687326.0,89881027.0,24302618.0,34236019.0,186550756.0,10808151.0
2012-02-01,268300680.0,89074786.0,25741453.0,39895610.0,190238941.0,10519896.0
2012-03-01,270651429.0,94378502.0,25600392.0,31681165.0,191055293.0,12041719.0
2012-04-01,272422351.0,91200290.0,25980630.0,38813350.0,190019859.0,12213102.0
2012-05-01,275489190.0,91893240.0,25812576.0,35743558.0,196376094.0,12468946.0
2012-06-01,278907763.0,95437271.0,27566411.0,33784704.0,196395021.0,12829242.0
2012-07-01,281223462.0,98061686.0,25772991.0,45447044.0,191187696.0,12663376.0
2012-08-01,284432086.0,97902595.0,24960695.0,35445359.0,193588961.0,12819344.0
2012-09-01,287918913.0,104970511.0,25390600.0,34329208.0,195807987.0,12295019.0
2012-10-01,288085907.0,106607779.0,25374178.0,44106889.0,195121066.0,12264336.0
2012-11-01,289562415.0,105008288.0,30310197.0,36779192.0,194916568.0,12863480.0
2012-12-01,290915080.0,115701994.0,30537271.0,39719692.0,198737517.0,14584725.0
2013-01-01,291372419.0,112597525.0,26214412.0,41994788.0,202708900.0,15141384.0
2013-02-01,294173650.0,116579111.0,26900430.0,48551164.0,199069100.0,16014330.0
2013-03-01,299644932.0,119998353.0,27716222.0,40672883.0,200685524.0,16742042.0
2013-04-01,298102661.0,119738488.0,28863544.0,44005561.0,204940026.0,17909129.0
2013-05-01,304182820.0,129685941.0,29918875.0,45306103.0,208729194.0,17492020.0
2013-06-01,313303366.0,133466565.0,29984259.0,42683767.0,208923248.0,16411791.0
2013-07-01,316524567.0,137716502.0,25251188.0,57298440.0,221124863.0,17568476.0
2013-08-01,316755048.0,136804657.0,25988513.0,42004228.0,240261263.0,18559589.0
2013-09-01,322638189.0,138633062.0,25940567.0,52470734.0,244645794.0,17472750.0
2013-10-01,323577914.0,138100185.0,25959280.0,46598235.0,247109865.0,17226156.0
2013-11-01,323755544.0,144086374.0,27139694.0,41525158.0,254497969.0,17616130.0
2013-12-01,328036476.0,147561698.0,26301061.0,47571203.0,272734839.0,17415542.0
2014-01-01,327404422.0,138105488.0,27071327.0,48429012.0,298003843.0,15790903.0
2014-02-01,329331040.0,130824077.0,28266581.0,47963464.0,306004818.0,15471004.0
2014-03-01,331266241.0,133432144.0,27878653.0,44561477.0,306781944.0,13886202.0
2014-04-01,335572392.0,129262034.0,29141104.0,52006272.0,306253029.0,14445528.0
2014-05-01,338559458.0,131674650.0,31394838.0,38396561.0,299776001.0,14811459.0
2014-06-01,348092694.0,139986678.0,30640412.0,50332808.0,290241866.0,15189408.0
2014-07-01,355025712.0,143293522.0,31909322.0,54538921.0,299789119.0,14897943.0
2014-08-01,353723737.0,138305330.0,33053979.0,39348104.0,310421925.0,14164196.0
2014-09-01,356931227.0,145629302.0,32715163.0,43842182.0,319473144.0,14798021.0
2014-10-01,352714174.0,137430352.0,31076017.0,46745373.0,325480436.0,14685803.0
2014-11-01,356525081.0,143663712.0,32813818.0,42149472.0,324246012.0,15475974.0
2014-12-01,370757056.0,161102139.0,32311443.0,48177171.0,316390981.0,13726110.0
2015-01-01,376812251.0,154222930.0,31001544.0,47594217.0,328551599.0,11387943.0
2015-02-01,380819891.0,156616818.0,28939827.0,56282739.0,346649994.0,10471079.0
2015-03-01,379616157.0,164077432.0,26251462.0,52662680.0,364294210.0,9689895.0
2015-04-01,384858504.0,160018898.0,26596371.0,53516934.0,387546076.0,9428497.0
2015-05-01,381403456.0,155890495.0,31490035.0,48618089.0,403720948.0,9498222.0
2015-06-01,382623282.0,151355720.0,30265650.0,52416619.0,413938411.0,9723993.0
2015-07-01,389164500.0,157816994.0,31944738.0,68092755.0,424118008.0,10525107.0
2015-08-01,394478158.0,156042452.0,31765756.0,52359454.0,448752681.0,9600022.0
2015-09-01,401535611.0,161846089.0,29793762.0,62846937.0,464373330.0,9674590.0
2015-10-01,396233881.0,161195395.0,29262421.0,47617396.0,461978395.0,9546452.0
2015-11-01,398086599.0,157939990.0,32799622.0,63137158.0,447993608.0,9739398.0
2015-12-01,408158556.0,169252662.0,33474186.0,54315816.0,439972233.0,9819801.0
2016-01-01,418658849.0,170133449.0,31806430.0,50804176.0,439529801.0,9523701.0
2016-02-01,418825065.0,169055233.0,32205224.0,65728776.0,444402572.0,9008692.0
2016-03-01,415749764.0,171919391.0,32550082.0,59918084.0,456015457.0,9109725.0
2016-04-01,419210163.0,177049210.0,32742442.0,51649775.0,455770525.0,9212634.0
2016-05-01,434876891.0,179114383.0,32685678.0,57066313.0,459005837.0,9025057.0
2016-06-01,441675804.0,181430875.0,32740353.0,58392189.0,452133486.0,8961445.0
2016-07-01,457162764.0,193480332.0,32975721.0,52117832.0,446426171.0,9541271.0
2016-08-01,455145289.0,192972585.0,35178780.0,56200658.0,444182514.0,9878081.0
2016-09-01,465633117.0,201227496.0,35018054.0,59053786.0,440608764.0,10367219.0
2016-10-01,472038084.0,208737426.0,34808611.0,58091838.0,448256772.0,12059637.0
2016-11-01,471449093.0,203709069.0,36587100.0,74634192.0,496356600.0,12352791.0
2016-12-01,475851788.0,215032378.0,38136395.0,58653965.0,512342333.0,15617791.0
2017-01-01,471400887.0,205779760.0,35329725.0,63619878.0,560914250.0,16219212.0
2017-02-01,466400283.0,201587373.0,34463068.0,74240452.0,548334291.0,16855761.0
2017-03-01,467776196.0,213600754.0,35438413.0,70347694.0,568483054.0,17098043.0
2017-04-01,472477132.0,221078970.0,35120406.0,63219819.0,580798119.0,16799656.0
2017-05-01,479619823.0,221214649.0,36323413.0,70574693.0,586751238.0,18595108.0
2017-06-01,489619386.0,226451173.0,35206690.0,71010175.0,586020279.0,20084312.0
2017-07-01,504649708.0,226750124.0,35853917.0,73763507.0,579823134.0,19985475.0
2017-08-01,514544968.0,223890249.0,35300304.0,64563938.0,590619704.0,18668184.0
2017-09-01,516544093.0,231072838.0,37490575.0,70208970.0,605087392.0,18118767.0
2017-10-01,538633107.0,229997007.0,38331263.0,77120107.0,625404631.0,17657240.0
2017-11-01,544428220.0,222505860.0,37279138.0,78308564.0,646307463.0,19313471.0
2017-12-01,543270359.0,235365508.0,38362536.0,73268540.0,635626101.0,20747749.0
2018-01-01,542923955.0,219321450.0,38106920.0,82945263.0,645084803.0,19868121.0
2018-02-01,549690700.0,219177528.0,37955907.0,97577131.0,651707086.0,20543060.0
2018-03-01,569455899.0,231477037.0,38382822.0,77556772.0,665626794.0,20460248.0
2018-04-01,577641651.0,227464832.0,39948063.0,97413445.0,680007964.0,22617387.0
2018-05-01,575867040.0,225567591.0,39818741.0,84745556.0,751213925.0,26212582.0
2018-06-01,582301106.0,235255112.0,40448971.0,76725609.0,742920558.0,27180026.0
2018-07-01,603870749.0,229385345.0,41581775.0,78144003.0,790895093.0,26990055.0
2018-08-01,616222411.0,227934444.0,41739352.0,78409453.0,998634523.0,29853918.0
2018-09-01,616655128.0,239135212.0,42452098.0,67542433.0,926575940.0,31198926.0
2018-10-01,621060962.0,231306232.0,42842789.0,69128110.0,868515892.0,31117092.0
2018-11-01,628425725.0,223555030.0,43225421.0,70080041.0,815545560.0,30083829.0
2018-12-01,626317132.0,236231516.0,41220062.0,66881919.0,847660201.0,32621747.0
2019-01-01,619096098.0,229085382.0,45326515.0,73167992.0,861870779.0,34573936.0
2019-02-01,613144687.0,223769070.0,47544650.0,81117397.0,906341750.0,36029757.0
2019-03-01,589505983.0,245870727.0,41771247.0,66883942.0,1012921537.0,40518657.0
2019-04-01,603963522.0,237671410.0,41754490.0,72569751.0,1058778680.0,41619015.0
2019-05-01,620116642.0,222687404.0,43317758.0,67160367.0,1052145720.0,43287104.0
2019-06-01,615195544.0,237284991.0,45284774.0,64059787.0,1043350977.0,42517745.0
2019-07-01,628448483.0,245195521.0,47017725.0,72858779.0,1004124424.0,43293270.0
2019-08-01,652945117.0,263485762.0,48186764.0,61281756.0,1049927695.0,47775912.0
2019-09-01,657674952.0,262690373.0,50460260.0,72784038.0,1032413799.0,51299658.0
2019-10-01,670897520.0,268469750.0,52433572.0,74171372.0,1053431462.0,55625424.0
2019-11-01,680479430.0,290279340.0,54771048.0,67881544.0,1045976533.0,59854985.0
2019-12-01,698583274.0,317446243.0,56420238.0,76705577.0,1084400536.0,64143087.0
2020-01-01,707286778.0,317488351.0,56836795.0,81522950.0,1083589537.0,71835036.0
2020-02-01,713352123.0,317884712.0,57159870.0,89710325.0,1139469802.0,87499106.0
2020-03-01,735716832.0,345383813.0,58234946.0,97187708.0,1175994322.0,94972830.0
2020-04-01,763661525.0,412724539.0,61915179.0,107255004.0,1221534406.0,116401335.0
2020-05-01,762294610.0,411799521.0,59996561.0,96620469.0,1213591432.0,126824703.0
2020-06-01,804120546.0,445281055.0,66527666.0,90859680.0,1220695041.0,131403753.0
2020-07-01,820209819.0,446878785.0,69397785.0,105305724.0,1295518989.0,154430600.0
2020-08-01,789925339.0,428418847.0,70748684.0,137671300.0,1368175854.0,189095593.0
2020-09-01,783742058.0,430118992.0,70615081.0,175238374.0,1438044201.0,199249120.0
2020-10-01,787068878.0,426393999.0,71838783.0,165565562.0,1565314656.0,213365940.0
2020-11-01,766070785.0,413826876.0,74411577.0,165442669.0,1489249926.0,213788931.0
2020-12-01,783905419.0,447093295.0,76037287.0,130365904.0,1446142131.0,219961355.0
2021-01-01,798366201.0,434704700.0,83562371.0,110235357.0,1423008553.0,217001609.0
2021-02-01,815637411.0,443395558.0,84358157.0,115359590.0,1424247631.0,212736262.0
2021-03-01,870151083.0,451237079.0,85988370.0,104657894.0,1531815648.0,219655023.0
2021-04-01,905074596.0,440409218.0,84577381.0,99023896.0,1549033667.0,226907833.0
2021-05-01,933975023.0,418866546.0,86375799.0,114191900.0,1605308158.0,240405880.0
2021-06-01,965033452.0,446196014.0,85499270.0,98701194.0,1634317622.0,228771962.0
2021-07-01,990028755.0,460388463.0,86777875.0,108495158.0,1625684194.0,228241902.0
2021-08-01,998222967.0,449599088.0,91704472.0,93298147.0,1640363044.0,224179822.0
2021-09-01,1031240129.0,486604695.0,90713694.0,106408724.0,1734726680.0,224197763.0
2021-10-01,1068548654.0,521093710.0,89583938.0,85888312.0,1885686690.0,228062652.0
2021-11-01,1046842531.0,525875750.0,92239130.0,102625820.0,2552576991.0,299661766.0
2021-12-01,979833713.0,539955358.0,96504407.0,105872032.0,2645172791.0,327760113.0
2022-01-01,1057637779.0,584279627.0,100528823.0,147534976.0,2542685357.0,322863575.0
2022-02-01,1104903866.0,728373190.0,100975582.0,129203366.0,2465116259.0,351656862.0
2022-03-01,1181477595.0,810944825.0,109084978.0,163283849.0,2641571096.0,366375933.0
2022-04-01,1312166468.0,851751086.0,108310637.0,134771472.0,2636731841.0,367996232.0
2022-05-01,1343933339.0,850988028.0,109859247.0,163061124.0,2946255375.0,390736265.0
2022-06-01,1431370483.0,886307602.0,103031611.0,209577308.0,2960797619.0,382751285.0
2022-07-01,1544030392.0,974931801.0,109248649.0,298465947.0,3240169872.0,405555321.0
2022-08-01,1686157866.0,1023061132.0,116634202.0,312604323.0,3276498389.0,401965120.0
2022-09-01,1800615909.0,1100178737.0,114710436.0,354402096.0,3317865159.0,405844279.0
2022-10-01,1896812298.0,1197980388.0,117980888.0,355899549.0,3378285990.0,402033892.0
2022-11-01,2055308455.0,1298331514.0,121563999.0,351325895.0,3268112559.0,419163559.0
2022-12-01,2216693955.0,1603855955.0,134239858.0,340489094.0,3143106098.0,438103795.0
2023-01-01,2339605875.0,1582856235.0,142911814.0,400398247.0,3173147998.0,480122846.0
2023-02-01,2601932765.0,1630367496.0,152311898.0,485368942.0,3044527547.0,468728383.0
2023-03-01,2830110355.0,1777873786.0,171280989.0,539405034.0,3037771167.0,515469419.0
2023-04-01,3038834558.0,1889336474.0,171778170.0,470705935.0,3113185816.0,545112222.0
2023-05-01,3142269613.0,1739242840.0,179186670.0,490451985.0,3089845768.0,543179536.0
2023-06-01,3437193007.0,1953768489.0,183032620.0,361006945.0,3775441152.0,627779282.0
2023-07-01,3699392484.0,2112030360.0,182716421.0,426741870.0,3957275531.0,658744247.0
2023-08-01,3889735435.0,2153422488.0,196811001.0,473446627.0,4091650862.0,652854367.0
2023-09-01,4129585317.0,2403603080.0,209779045.0,396366106.0,4047133022.0,635300577.0
2023-10-01,4288860436.0,2408839293.0,220322925.0,486940284.0,4181388343.0,694554412.0
2023-11-01,4475769722.0,2326826977.0,232698055.0,499652614.0,4287731815.0,710485804.0
2023-12-01,4647482856.0,2647406133.0,246129705.0,521114336.0,4345690419.0,739160561.0
2024-01-01,4725179062.0,2441335061.0,264007206.0,616674567.0,4463982539.0,766923618.0
2024-02-01,4843390682.0,2438611197.0,268711406.0,491191661.0,4563931601.0,801287205.0
2024-03-01,4722471960.0,2553101360.0,273351183.0,346036198.0,4874949954.0,927629096.0
2024-04-01,4996374624.0,2599660637.0,291513621.0,443050099.0,4587901015.0,952564946.0
2024-05-01,5455898968.0,2713492650.0,306766310.0,432393581.0,4312335104.0,933886850.0
2024-06-01,5685460571.0,2976928564.0,328464800.0,460691345.0,4276552801.0,940686114.0
2024-07-01,5886425359.0,3046003456.0,342644492.0,513813174.0,4336961969.0,983749075.0
2024-08-01,6011102935.0,3101758236.0,367382388.0,409286477.0,4607486087.0,1079458796.0
2024-09-01,6118244863.0,3079382375.0,378660620.0,602629193.0,4481588665.0,1171003176.0
2024-10-01,6310105779.0,3219849490.0,392912298.0,561228690.0,4371897654.0,1228147194.0
2024-11-01,6476315609.0,3309005172.0,424792616.0,392006703.0,4335520585.0,1218428734.0
2024-12-01,6596650877.0,3628619361.0,417860996.0,516310198.0,4336957589.0,1216107101.0
2025-01-01,6766133575.0,3393622979.0,449108188.0,563273457.0,4362127374.0,1297490325.0
2025-02-01,6944752874.0,3507188284.0,462821398.0,632088029.0,4589538759.0,1388526710.0
2025-03-01,7361969861.0,3810551349.0,448082186.0,439645698.0,5126243150.0,1575905940.0
2025-04-01,7273736890.0,3577211373.0,467857610.0,578290000.0,5368449398.0,1747542584.0
2025-05-01,7509083850.0,3802058790.0,476168628.0,476804211.0,5397244923.0,1782439494.0
2025-06-01,7673145483.0,3955941044.0,479513284.0,714683020.0,5487465506.0,1818086878.0
2025-07-01,7901033027.0,4068741694.0,483263987.0,664374277.0,5621608419.0,1871273673.0
2025-08-01,7993455261.0,4276146295.0,514562541.0,666165720.0,5593034894.0,1966354836.0
2025-09-01,7907295094.0,4250060850.0,535087275.0,976824892.0,5697310105.0,2345869557.0
2025-10-01,7801032196.0,4379981966.0,560533048.0,992445531.0,5738480573.0,2620002244.0
2025-11-01,7803034995.0,4606584774.0,573973035.0,1161381392.0,5730177425.0,2784030071.0
2025-12-01,7837529297.0,5021215039.0,614005572.0,1297600248.0,5789707930.0,3064885448.0
2026-01-01,7827255211.0,4886030785.0,585567480.0,1228238929.0,5647284039.0,3946813220.0
2026-02-01,8019636087.0,4816161105.0,631215312.0,1266141457.0,5667080640.0,4107854428.0
2026-03-01,7951864492.0,5058622480.0,626410950.0,1219078288.0,5807765284.0,3777775242.0
2026-04-01,8353329636.0,5203858584.0,632562976.0,1443617790.0,5808267078.0,3808719547.0
2026-05-01,8635742015.0,5530461126.0,652947188.0,1102986172.0,5966174831.0,3851969107.0
2026-06-01,8803460194.0,5655080716.0,661194953.0,1458551635.0,5961863444.0,3532219545.0
