dt,MT210AGS.TRY.MT02,MT210AGS.TRY.MT06
2000-06-01,43.4,45.05
2000-07-01,38.94,38.32
2000-08-01,37.14,38.04
2000-09-01,40.79,42.85
2000-10-01,44.58,44.95
2000-11-01,58.44,66.42
2000-12-01,81.83,79.3
2001-01-01,69.36,62.54
2001-02-01,69.34,3718.02
2001-03-01,110.5,109.85
2001-04-01,110.79,106.11
2001-05-01,87.56,84.64
2001-06-01,77.23,75.82
2001-07-01,73.5,73.53
2001-08-01,69.4,70.01
2001-09-01,71.09,70.57
2001-10-01,69.09,69.3
2001-11-01,66.46,66.41
2001-12-01,66.51,65.76
2002-01-01,63.92,63.84
2002-02-01,63.09,62.65
2002-03-01,61.22,60.19
2002-04-01,52.81,53.14
2002-05-01,50.88,51.1
2002-06-01,49.92,50.13
2002-07-01,50.93,50.92
2002-08-01,51.99,51.4
2002-09-01,51.0,50.9
2002-10-01,50.5,50.19
2002-11-01,47.98,48.0
2002-12-01,47.08,47.13
2003-01-01,46.98,47.11
2003-02-01,46.88,46.89
2003-03-01,46.69,46.84
2003-04-01,45.02,44.77
2003-05-01,42.95,42.84
2003-06-01,40.18,40.87
2003-07-01,38.23,38.4
2003-08-01,35.42,35.77
2003-09-01,34.73,35.18
2003-10-01,30.18,30.9
2003-11-01,28.72,29.68
2003-12-01,27.74,28.76
2004-01-01,25.33,25.62
2004-02-01,24.05,24.34
2004-03-01,23.51,23.5
2004-04-01,23.02,22.85
2004-05-01,21.88,22.02
2004-06-01,21.72,21.89
2004-07-01,21.67,21.85
2004-08-01,21.9,21.95
2004-09-01,21.74,21.59
2004-10-01,21.6,21.4
2004-11-01,21.43,21.34
2004-12-01,21.11,20.96
2005-01-01,20.55,20.19
2005-02-01,19.09,18.82
2005-03-01,17.96,17.88
2005-04-01,17.49,17.46
2005-05-01,17.25,17.28
2005-06-01,17.31,17.36
2005-07-01,17.23,17.24
2005-08-01,17.52,17.4
2005-09-01,17.02,16.96
2005-10-01,16.99,16.78
2005-11-01,16.72,16.55
2005-12-01,16.85,16.62
2006-01-01,16.37,16.15
2006-02-01,16.23,16.05
2006-03-01,15.93,15.66
2006-04-01,15.57,15.28
2006-05-01,15.28,14.96
2006-06-01,15.94,15.93
2006-07-01,17.66,17.33
2006-08-01,17.99,17.59
2006-09-01,18.6,18.09
2006-10-01,18.51,18.09
2006-11-01,18.8,18.4
2006-12-01,19.12,18.64
2007-01-01,19.23,18.9
2007-02-01,19.15,18.77
2007-03-01,18.68,18.46
2007-04-01,18.52,18.28
2007-05-01,18.57,18.28
2007-06-01,18.58,18.3
2007-07-01,18.45,18.13
2007-08-01,18.32,18.07
2007-09-01,18.32,18.05
2007-10-01,17.94,17.7
2007-11-01,17.61,17.41
2007-12-01,17.54,17.32
2008-01-01,17.12,16.85
2008-02-01,16.91,16.66
2008-03-01,16.91,16.66
2008-04-01,16.97,16.67
2008-05-01,17.53,17.23
2008-06-01,18.03,17.74
2008-07-01,18.64,18.2
2008-08-01,18.87,18.43
2008-09-01,19.1,18.66
2008-10-01,19.28,18.93
2008-11-01,20.66,19.96
2008-12-01,20.04,19.34
2009-01-01,16.78,16.23
2009-02-01,14.07,13.75
2009-03-01,12.9,12.62
2009-04-01,12.51,12.25
2009-05-01,12.28,11.97
2009-06-01,12.4,12.05
2009-07-01,12.0,11.61
2009-08-01,10.81,10.5
2009-09-01,10.01,9.68
2009-10-01,9.25,8.96
2009-11-01,8.82,8.58
2009-12-01,9.33,9.03
2010-01-01,9.09,8.76
2010-02-01,8.81,8.49
2010-03-01,8.98,8.67
2010-04-01,8.91,8.63
2010-05-01,9.2,8.87
2010-06-01,9.51,9.13
2010-07-01,9.31,8.93
2010-08-01,9.02,8.68
2010-09-01,8.94,8.62
2010-10-01,8.73,8.43
2010-11-01,8.74,8.43
2010-12-01,8.8,8.5
2011-01-01,8.17,7.85
2011-02-01,8.07,7.78
2011-03-01,8.16,7.89
2011-04-01,8.45,8.2
2011-05-01,8.95,8.55
2011-06-01,9.39,9.01
2011-07-01,9.69,9.31
2011-08-01,9.47,9.2
2011-09-01,9.06,8.87
2011-10-01,8.97,8.79
2011-11-01,9.54,9.31
2011-12-01,10.67,10.31
2012-01-01,10.93,10.55
2012-02-01,10.82,10.42
2012-03-01,10.38,10.14
2012-04-01,10.4,10.16
2012-05-01,10.56,10.31
2012-06-01,10.88,10.57
2012-07-01,10.54,10.16
2012-08-01,9.84,9.54
2012-09-01,9.21,8.97
2012-10-01,8.65,8.42
2012-11-01,8.36,8.16
2012-12-01,8.13,7.92
2013-01-01,7.85,7.66
2013-02-01,7.46,7.29
2013-03-01,7.14,7.04
2013-04-01,7.01,6.89
2013-05-01,6.59,6.48
2013-06-01,6.7,6.65
2013-07-01,7.63,7.4
2013-08-01,8.39,8.08
2013-09-01,8.86,8.5
2013-10-01,8.68,8.34
2013-11-01,8.47,8.24
2013-12-01,8.73,8.47
2014-01-01,9.04,8.94
2014-02-01,10.41,10.16
2014-03-01,11.3,10.97
2014-04-01,11.12,10.83
2014-05-01,10.65,10.39
2014-06-01,10.14,9.91
2014-07-01,9.43,9.26
2014-08-01,9.11,8.99
2014-09-01,9.18,9.06
2014-10-01,9.34,9.17
2014-11-01,9.48,9.26
2014-12-01,9.87,9.7
2015-01-01,9.89,9.62
2015-02-01,9.7,9.5
2015-03-01,9.95,9.73
2015-04-01,10.18,9.92
2015-05-01,10.26,9.99
2015-06-01,10.47,10.23
2015-07-01,10.64,10.35
2015-08-01,10.86,10.49
2015-09-01,11.32,10.99
2015-10-01,11.5,11.1
2015-11-01,11.23,10.91
2015-12-01,11.77,11.42
2016-01-01,11.91,11.52
2016-02-01,12.03,11.63
2016-03-01,12.09,11.75
2016-04-01,11.8,11.46
2016-05-01,11.41,11.09
2016-06-01,11.16,10.85
2016-07-01,10.88,10.55
2016-08-01,10.87,10.52
2016-09-01,10.9,10.52
2016-10-01,10.82,10.41
2016-11-01,10.54,10.19
2016-12-01,10.57,10.2
2017-01-01,10.64,10.27
2017-02-01,10.91,10.48
2017-03-01,11.26,10.88
2017-04-01,11.78,11.38
2017-05-01,12.58,12.15
2017-06-01,13.09,12.63
2017-07-01,13.17,12.78
2017-08-01,13.01,12.64
2017-09-01,13.03,12.69
2017-10-01,13.08,12.75
2017-11-01,13.15,12.83
2017-12-01,13.59,13.17
2018-01-01,13.71,13.26
2018-02-01,13.6,13.18
2018-03-01,13.63,13.27
2018-04-01,13.75,13.39
2018-05-01,14.08,13.81
2018-06-01,16.19,15.8
2018-07-01,17.59,16.91
2018-08-01,18.54,18.02
2018-09-01,23.24,22.6
2018-10-01,25.37,24.31
2018-11-01,24.34,23.71
2018-12-01,23.58,23.21
2019-01-01,22.26,22.16
2019-02-01,20.99,21.04
2019-03-01,20.54,20.66
2019-04-01,21.27,21.36
2019-05-01,22.78,22.51
2019-06-01,23.28,22.73
2019-07-01,22.04,21.17
2019-08-01,18.75,18.35
2019-09-01,16.22,15.9
2019-10-01,14.0,13.74
2019-11-01,12.46,12.32
2019-12-01,11.17,10.9
2020-01-01,10.28,10.02
2020-02-01,9.95,9.75
2020-03-01,10.08,9.68
2020-04-01,9.88,9.22
2020-05-01,8.46,8.01
2020-06-01,8.16,7.76
2020-07-01,8.2,7.77
2020-08-01,10.08,9.64
2020-09-01,11.71,11.08
2020-10-01,12.24,11.7
2020-11-01,13.88,13.78
2020-12-01,16.43,16.17
2021-01-01,17.4,16.75
2021-02-01,17.33,16.74
2021-03-01,17.89,17.62
2021-04-01,18.82,18.28
2021-05-01,18.85,18.33
2021-06-01,18.89,18.39
2021-07-01,18.93,18.44
2021-08-01,19.01,18.51
2021-09-01,18.96,18.35
2021-10-01,18.13,17.38
2021-11-01,16.46,15.95
2021-12-01,17.68,17.78
2022-01-01,19.36,18.33
2022-02-01,18.32,17.48
2022-03-01,17.34,16.79
2022-04-01,17.2,16.74
2022-05-01,17.16,16.83
2022-06-01,18.3,17.66
2022-07-01,19.57,18.16
2022-08-01,18.91,17.47
2022-09-01,18.56,17.06
2022-10-01,18.72,16.81
2022-11-01,19.95,17.2
2022-12-01,21.65,18.33
2023-01-01,23.13,19.17
2023-02-01,24.79,20.01
2023-03-01,25.98,20.67
2023-04-01,26.64,21.4
2023-05-01,29.32,23.35
2023-06-01,34.16,27.29
2023-07-01,31.41,26.16
2023-08-01,30.21,26.88
2023-09-01,37.78,31.75
2023-10-01,41.39,35.64
2023-11-01,44.78,40.59
2023-12-01,49.93,44.34
2024-01-01,50.07,45.53
2024-02-01,51.57,46.69
2024-03-01,57.59,50.51
2024-04-01,67.14,56.15
2024-05-01,64.56,56.92
2024-06-01,60.42,55.77
2024-07-01,59.44,55.67
2024-08-01,59.05,55.6
2024-09-01,59.51,55.86
2024-10-01,59.4,55.7
2024-11-01,59.11,55.58
2024-12-01,58.96,55.38
2025-01-01,54.97,51.78
2025-02-01,52.26,49.73
2025-03-01,51.29,49.07
2025-04-01,55.25,52.28
2025-05-01,58.55,55.1
2025-06-01,58.48,55.08
2025-07-01,56.08,52.85
2025-08-01,52.17,50.0
2025-09-01,50.45,48.39
2025-10-01,49.62,47.84
2025-11-01,48.11,46.9
2025-12-01,46.77,45.66
2026-01-01,45.63,44.35
2026-02-01,44.81,43.56
2026-03-01,45.94,45.15
2026-04-01,48.91,47.12
2026-05-01,48.85,47.09
2026-06-01,49.42,47.77
