dt,TRY.MT02,TRY.MT06
2000-06-02,,
2000-06-09,,
2000-06-16,,
2000-06-23,,
2000-06-30,,
2000-07-07,,
2000-07-14,,
2000-07-21,,
2000-07-28,,
2000-08-04,,
2000-08-11,,
2000-08-18,,
2000-08-25,,
2000-09-01,,
2000-09-08,,
2000-09-15,,
2000-09-22,,
2000-09-29,,
2000-10-06,,
2000-10-13,,
2000-10-20,,
2000-10-27,,
2000-11-03,,
2000-11-10,,
2000-11-17,,
2000-11-24,,
2000-12-01,,
2000-12-08,,
2000-12-15,,
2000-12-22,,
2000-12-29,,
2001-01-05,,
2001-01-12,,
2001-01-19,,
2001-01-26,,
2001-02-02,,
2001-02-09,,
2001-02-16,,
2001-02-23,,
2001-03-02,,
2001-03-09,,
2001-03-16,,
2001-03-23,,
2001-03-30,,
2001-04-06,,
2001-04-13,,
2001-04-20,,
2001-04-27,,
2001-05-04,,
2001-05-11,,
2001-05-18,,
2001-05-25,,
2001-06-01,,
2001-06-08,,
2001-06-15,,
2001-06-22,,
2001-06-29,,
2001-07-06,,
2001-07-13,,
2001-07-20,,
2001-07-27,,
2001-08-03,,
2001-08-10,,
2001-08-17,,
2001-08-24,,
2001-08-31,,
2001-09-07,,
2001-09-14,,
2001-09-21,,
2001-09-28,,
2001-10-05,,
2001-10-12,,
2001-10-19,,
2001-10-26,,
2001-11-02,,
2001-11-09,,
2001-11-16,,
2001-11-23,,
2001-11-30,,
2001-12-07,,
2001-12-14,,
2001-12-21,,
2001-12-28,,
2002-01-04,65.06,63.89
2002-01-11,60.15,62.13
2002-01-18,60.94,62.22
2002-01-25,59.74,61.42
2002-02-01,59.35,61.27
2002-02-08,60.12,61.89
2002-02-15,59.38,61.48
2002-02-22,58.71,60.54
2002-03-01,59.26,60.29
2002-03-08,55.87,58.86
2002-03-15,57.08,57.94
2002-03-22,55.68,56.58
2002-03-29,55.73,57.33
2002-04-05,53.77,55.48
2002-04-12,52.41,55.04
2002-04-19,51.37,53.73
2002-04-26,51.26,53.12
2002-05-03,49.89,51.11
2002-05-10,49.73,50.3
2002-05-17,48.25,49.63
2002-05-24,49.13,49.97
2002-05-31,50.14,50.41
2002-06-07,49.35,50.51
2002-06-14,49.77,50.39
2002-06-21,50.95,50.49
2002-06-28,50.07,50.84
2002-07-05,50.23,50.86
2002-07-12,51.56,51.29
2002-07-19,51.04,51.42
2002-07-26,51.42,51.21
2002-08-02,51.39,50.9
2002-08-09,51.57,50.58
2002-08-16,52.85,51.84
2002-08-23,48.96,50.29
2002-08-30,50.54,50.35
2002-09-06,50.44,50.56
2002-09-13,49.75,50.19
2002-09-20,50.33,50.28
2002-09-27,50.69,50.97
2002-10-04,53.66,51.76
2002-10-11,50.37,50.57
2002-10-18,49.84,50.43
2002-10-25,49.22,50.11
2002-11-01,49.6,49.72
2002-11-08,49.51,49.85
2002-11-15,46.89,47.74
2002-11-22,46.53,47.1
2002-11-29,46.82,47.46
2002-12-06,45.95,46.67
2002-12-13,46.72,47.2
2002-12-20,45.68,46.73
2002-12-27,46.81,47.12
2003-01-03,47.82,47.96
2003-01-10,46.75,47.27
2003-01-17,46.5,47.5
2003-01-24,47.7,47.57
2003-01-31,47.29,47.6
2003-02-07,48.45,48.32
2003-02-14,49.06,47.38
2003-02-21,48.45,48.29
2003-02-28,47.26,48.17
2003-03-07,47.26,48.85
2003-03-14,44.78,47.04
2003-03-21,45.05,46.84
2003-03-28,45.26,47.41
2003-04-04,45.6,47.31
2003-04-11,46.33,47.3
2003-04-18,46.5,47.5
2003-04-25,46.13,47.17
2003-05-02,43.3,44.26
2003-05-09,43.2,44.15
2003-05-16,42.74,43.91
2003-05-23,43.0,44.08
2003-05-30,42.55,43.51
2003-06-06,42.83,42.6
2003-06-13,40.26,41.2
2003-06-20,39.83,40.31
2003-06-27,40.23,39.95
2003-07-04,40.91,40.83
2003-07-11,40.62,40.73
2003-07-18,40.28,39.77
2003-07-25,37.93,38.47
2003-08-01,37.84,37.91
2003-08-08,36.66,36.61
2003-08-15,35.41,35.2
2003-08-22,34.81,35.12
2003-08-29,35.01,34.3
2003-09-05,34.2,34.01
2003-09-12,33.67,34.07
2003-09-19,33.37,32.42
2003-09-26,31.82,30.86
2003-10-03,31.83,31.21
2003-10-10,30.63,30.08
2003-10-17,28.93,28.69
2003-10-24,27.77,28.03
2003-10-31,27.53,28.14
2003-11-07,28.89,28.26
2003-11-14,28.48,27.86
2003-11-21,29.07,28.64
2003-11-28,27.0,28.17
2003-12-05,27.38,28.1
2003-12-12,29.0,28.73
2003-12-19,27.16,27.77
2003-12-26,26.86,27.69
2004-01-02,27.37,28.09
2004-01-09,25.68,26.81
2004-01-16,26.36,26.38
2004-01-23,25.2,25.42
2004-01-30,25.56,25.67
2004-02-06,25.97,25.14
2004-02-13,24.53,24.05
2004-02-20,23.9,23.6
2004-02-27,23.36,23.38
2004-03-05,23.54,23.2
2004-03-12,23.64,23.08
2004-03-19,22.89,22.49
2004-03-26,22.57,21.79
2004-04-02,22.55,21.5
2004-04-09,21.79,21.36
2004-04-16,21.74,21.42
2004-04-23,21.32,21.4
2004-04-30,21.64,21.59
2004-05-07,21.87,21.52
2004-05-14,21.48,21.57
2004-05-21,22.26,21.84
2004-05-28,21.8,21.51
2004-06-04,21.58,21.29
2004-06-11,21.8,21.9
2004-06-18,21.87,21.66
2004-06-25,22.04,21.74
2004-07-02,22.03,21.85
2004-07-09,22.65,21.95
2004-07-16,22.32,21.78
2004-07-23,22.45,22.04
2004-07-30,21.68,21.65
2004-08-06,21.72,21.51
2004-08-13,21.71,21.35
2004-08-20,22.24,21.23
2004-08-27,21.79,21.27
2004-09-03,21.87,21.13
2004-09-10,21.87,21.08
2004-09-17,21.34,20.72
2004-09-24,21.46,20.73
2004-10-01,21.14,20.65
2004-10-08,21.8,20.56
2004-10-15,21.81,20.62
2004-10-22,21.57,20.58
2004-10-29,21.24,20.6
2004-11-05,21.4,20.38
2004-11-12,21.64,21.6
2004-11-19,21.7,20.77
2004-11-26,21.89,20.72
2004-12-03,21.4,20.62
2004-12-10,21.08,20.66
2004-12-17,20.94,20.64
2004-12-24,20.31,19.95
2004-12-31,20.27,19.92
2005-01-07,19.45,19.28
2005-01-14,19.02,18.8
2005-01-21,19.38,18.77
2005-01-28,18.49,18.37
2005-02-04,18.67,18.42
2005-02-11,18.55,18.26
2005-02-18,18.43,18.11
2005-02-25,17.78,17.86
2005-03-04,17.66,17.45
2005-03-11,17.24,17.27
2005-03-18,16.91,16.99
2005-03-25,17.03,16.69
2005-04-01,17.21,16.33
2005-04-08,17.02,16.61
2005-04-15,16.75,16.43
2005-04-22,16.78,16.53
2005-04-29,16.85,16.52
2005-05-06,16.92,16.66
2005-05-13,17.02,16.49
2005-05-20,16.79,16.33
2005-05-27,17.05,16.4
2005-06-03,17.19,16.36
2005-06-10,16.85,16.29
2005-06-17,16.81,16.16
2005-06-24,16.86,16.4
2005-07-01,16.92,16.69
2005-07-08,16.8,16.39
2005-07-15,16.57,16.0
2005-07-22,16.52,16.22
2005-07-29,16.73,16.25
2005-08-05,17.0,16.27
2005-08-12,16.65,16.12
2005-08-19,16.85,16.16
2005-08-26,16.66,16.22
2005-09-02,16.99,16.22
2005-09-09,16.77,16.22
2005-09-16,16.78,16.3
2005-09-23,17.04,16.42
2005-09-30,16.45,16.4
2005-10-07,16.94,16.35
2005-10-14,16.67,16.15
2005-10-21,16.29,15.84
2005-10-28,16.62,16.08
2005-11-04,16.58,16.14
2005-11-11,16.45,15.78
2005-11-18,16.14,15.77
2005-11-25,16.24,15.73
2005-12-02,16.37,15.76
2005-12-09,16.05,15.5
2005-12-16,16.29,15.63
2005-12-23,16.21,15.68
2005-12-30,16.47,15.92
2006-01-06,16.45,15.5
2006-01-13,,
2006-01-20,15.59,15.17
2006-01-27,15.7,14.99
2006-02-03,15.68,14.94
2006-02-10,15.74,15.13
2006-02-17,15.92,15.0
2006-02-24,15.7,15.0
2006-03-03,15.67,14.89
2006-03-10,15.49,14.85
2006-03-17,15.42,14.73
2006-03-24,14.84,14.48
2006-03-31,15.23,14.75
2006-04-07,15.34,14.75
2006-04-14,15.16,14.55
2006-04-21,15.33,14.52
2006-04-28,14.87,14.34
2006-05-05,14.94,14.38
2006-05-12,15.06,14.34
2006-05-19,14.86,14.26
2006-05-26,14.84,14.3
2006-06-02,14.54,14.09
2006-06-09,15.17,14.74
2006-06-16,15.58,15.31
2006-06-23,15.57,15.12
2006-06-30,17.06,17.34
2006-07-07,17.64,17.35
2006-07-14,17.3,17.29
2006-07-21,18.33,17.92
2006-07-28,18.58,17.89
2006-08-04,18.3,17.95
2006-08-11,18.37,17.92
2006-08-18,18.32,17.96
2006-08-25,18.42,17.84
2006-09-01,18.52,18.03
2006-09-08,18.74,18.03
2006-09-15,18.68,18.06
2006-09-22,18.46,17.82
2006-09-29,19.1,18.27
2006-10-06,18.85,18.22
2006-10-13,18.86,18.16
2006-10-20,18.71,18.18
2006-10-27,18.26,17.88
2006-11-03,19.42,18.58
2006-11-10,19.09,18.43
2006-11-17,18.84,18.46
2006-11-24,18.81,18.21
2006-12-01,18.5,18.23
2006-12-08,19.48,18.57
2006-12-15,18.9,18.33
2006-12-22,18.85,18.31
2006-12-29,19.79,19.12
2007-01-05,18.79,18.28
2007-01-12,19.25,18.55
2007-01-19,19.09,18.54
2007-01-26,18.94,18.3
2007-02-02,19.06,18.49
2007-02-09,18.79,18.26
2007-02-16,18.65,18.24
2007-02-23,18.69,18.29
2007-03-02,18.95,18.31
2007-03-09,18.65,18.21
2007-03-16,18.49,18.1
2007-03-23,18.26,17.96
2007-03-30,18.62,18.12
2007-04-06,18.57,18.17
2007-04-13,18.57,18.07
2007-04-20,18.46,18.09
2007-04-27,18.34,18.09
2007-05-04,18.34,18.13
2007-05-11,18.64,18.2
2007-05-18,18.52,18.1
2007-05-25,18.5,17.92
2007-06-01,18.25,18.03
2007-06-08,18.66,18.03
2007-06-15,18.44,18.07
2007-06-22,18.4,17.9
2007-06-29,18.36,17.93
2007-07-06,18.37,17.96
2007-07-13,18.55,18.03
2007-07-20,18.49,17.95
2007-07-27,18.35,17.95
2007-08-03,18.34,17.9
2007-08-10,18.05,17.7
2007-08-17,18.32,17.81
2007-08-24,18.23,17.85
2007-08-31,18.17,17.8
2007-09-07,18.2,17.83
2007-09-14,18.35,17.82
2007-09-21,18.18,17.72
2007-09-28,18.1,17.64
2007-10-05,18.0,17.58
2007-10-12,18.11,17.44
2007-10-19,17.69,17.3
2007-10-26,17.56,17.07
2007-11-02,17.33,17.02
2007-11-09,17.41,16.94
2007-11-16,17.25,16.76
2007-11-23,17.29,16.71
2007-11-30,17.4,16.91
2007-12-07,17.32,16.84
2007-12-14,17.43,16.82
2007-12-21,17.33,16.7
2007-12-28,17.66,17.07
2008-01-04,17.45,16.9
2008-01-11,17.11,16.65
2008-01-18,17.06,16.43
2008-01-25,16.85,16.27
2008-02-01,16.88,16.35
2008-02-08,16.85,16.38
2008-02-15,16.81,16.21
2008-02-22,16.66,16.16
2008-02-29,16.88,16.07
2008-03-07,16.96,16.4
2008-03-14,16.83,16.22
2008-03-21,16.72,16.17
2008-03-28,16.93,16.29
2008-04-04,16.93,16.4
2008-04-11,16.93,16.3
2008-04-18,16.9,16.24
2008-04-25,17.06,16.25
2008-05-02,17.12,16.49
2008-05-09,17.45,16.58
2008-05-16,17.42,16.66
2008-05-23,17.59,16.84
2008-05-30,17.89,17.1
2008-06-06,18.02,17.13
2008-06-13,18.16,17.29
2008-06-20,18.15,17.47
2008-06-27,18.46,17.72
2008-07-04,18.82,18.03
2008-07-11,18.65,17.87
2008-07-18,18.86,17.86
2008-07-25,18.46,17.83
2008-08-01,18.73,17.87
2008-08-08,18.33,17.59
2008-08-15,18.72,17.77
2008-08-22,18.94,17.91
2008-08-29,18.81,17.93
2008-09-05,18.84,17.9
2008-09-12,18.82,17.75
2008-09-19,18.82,17.92
2008-09-26,18.97,18.14
2008-10-03,18.05,17.56
2008-10-10,19.18,18.33
2008-10-17,19.0,18.16
2008-10-24,19.58,18.38
2008-10-31,19.19,18.35
2008-11-07,20.46,19.13
2008-11-14,20.68,19.25
2008-11-21,20.84,19.23
2008-11-28,21.24,19.69
2008-12-05,20.97,19.43
2008-12-12,19.05,18.21
2008-12-19,20.64,19.21
2008-12-26,19.61,18.27
2009-01-02,19.2,18.05
2009-01-09,17.91,17.07
2009-01-16,16.27,15.47
2009-01-23,14.58,14.08
2009-01-30,14.18,13.7
2009-02-06,14.02,13.6
2009-02-13,13.96,13.44
2009-02-20,13.44,12.88
2009-02-27,12.79,12.2
2009-03-06,12.75,12.29
2009-03-13,12.73,12.1
2009-03-20,12.73,11.98
2009-03-27,12.47,11.63
2009-04-03,12.64,11.99
2009-04-10,12.51,11.89
2009-04-17,12.51,11.7
2009-04-24,12.12,11.36
2009-05-01,12.22,11.38
2009-05-08,12.3,11.53
2009-05-15,12.22,11.34
2009-05-22,12.26,11.19
2009-05-29,12.14,11.19
2009-06-05,12.19,11.2
2009-06-12,12.35,11.46
2009-06-19,12.44,11.29
2009-06-26,12.38,11.42
2009-07-03,12.51,11.64
2009-07-10,12.2,11.23
2009-07-17,11.84,11.04
2009-07-24,11.52,10.65
2009-07-31,11.33,10.58
2009-08-07,11.08,10.37
2009-08-14,10.79,10.13
2009-08-21,10.55,9.94
2009-08-28,10.16,9.42
2009-09-04,9.93,9.41
2009-09-11,9.95,9.3
2009-09-18,9.77,9.15
2009-09-25,9.57,8.81
2009-10-02,9.65,9.04
2009-10-09,9.29,8.71
2009-10-16,9.08,8.45
2009-10-23,8.7,8.08
2009-10-30,8.65,8.01
2009-11-06,8.7,8.13
2009-11-13,8.75,8.09
2009-11-20,8.79,8.12
2009-11-27,8.84,7.98
2009-12-04,8.89,8.15
2009-12-11,9.06,8.26
2009-12-18,9.38,8.45
2009-12-25,9.76,8.68
2010-01-01,10.01,8.75
2010-01-08,8.95,8.39
2010-01-15,8.69,7.94
2010-01-22,8.64,7.82
2010-01-29,8.66,7.98
2010-02-05,8.74,7.93
2010-02-12,8.72,7.97
2010-02-19,8.75,7.93
2010-02-26,8.8,7.95
2010-03-05,8.86,8.05
2010-03-12,8.94,8.18
2010-03-19,8.9,8.27
2010-03-26,9.01,8.18
2010-04-02,9.01,8.4
2010-04-09,8.83,8.15
2010-04-16,8.57,8.04
2010-04-23,8.73,8.02
2010-04-30,8.75,8.15
2010-05-07,9.02,8.31
2010-05-14,9.17,8.41
2010-05-21,9.19,8.45
2010-05-28,9.4,8.49
2010-06-04,9.41,8.64
2010-06-11,9.54,8.57
2010-06-18,9.4,8.66
2010-06-25,9.53,8.61
2010-07-02,9.53,8.73
2010-07-09,9.29,8.48
2010-07-16,9.22,8.35
2010-07-23,9.07,8.25
2010-07-30,8.96,8.09
2010-08-06,8.88,8.21
2010-08-13,8.88,8.18
2010-08-20,8.78,8.22
2010-08-27,8.95,8.13
2010-09-03,8.9,8.15
2010-09-10,8.8,7.95
2010-09-17,8.93,8.28
2010-09-24,8.89,8.14
2010-10-01,8.93,8.31
2010-10-08,8.67,7.97
2010-10-15,8.56,7.93
2010-10-22,8.44,7.83
2010-10-29,8.6,7.87
2010-11-05,8.6,7.98
2010-11-12,8.71,8.03
2010-11-19,,
2010-11-26,8.78,8.21
2010-12-03,8.83,8.03
2010-12-10,8.8,8.04
2010-12-17,8.83,7.98
2010-12-24,8.64,7.69
2010-12-31,8.61,7.92
2011-01-07,8.12,7.45
2011-01-14,7.98,7.34
2011-01-21,7.97,7.18
2011-01-28,7.95,7.24
2011-02-04,8.0,7.39
2011-02-11,8.03,7.42
2011-02-18,8.0,7.43
2011-02-25,8.07,7.4
2011-03-04,8.06,7.51
2011-03-11,8.14,7.58
2011-03-18,8.25,7.7
2011-03-25,8.26,7.62
2011-04-01,8.33,7.79
2011-04-08,8.26,7.75
2011-04-15,8.35,7.84
2011-04-22,8.51,7.93
2011-04-29,8.65,7.91
2011-05-06,8.86,8.06
2011-05-13,8.93,8.06
2011-05-20,8.88,8.15
2011-05-27,9.02,8.1
2011-06-03,9.18,8.14
2011-06-10,9.17,8.27
2011-06-17,9.39,8.44
2011-06-24,9.41,8.49
2011-07-01,9.8,8.75
2011-07-08,9.62,8.63
2011-07-15,9.63,8.7
2011-07-22,9.68,8.73
2011-07-29,9.57,8.62
2011-08-05,9.71,8.68
2011-08-12,9.47,8.46
2011-08-19,9.28,8.45
2011-08-26,9.16,8.37
2011-09-02,8.74,8.04
2011-09-09,9.17,8.23
2011-09-16,8.91,8.19
2011-09-23,8.88,8.12
2011-09-30,9.02,8.25
2011-10-07,8.86,7.97
2011-10-14,8.86,8.14
2011-10-21,8.89,8.21
2011-10-28,9.07,8.34
2011-11-04,9.38,8.57
2011-11-11,9.22,8.36
2011-11-18,9.63,8.9
2011-11-25,9.7,8.95
2011-12-02,9.83,9.15
2011-12-09,10.14,9.27
2011-12-16,10.29,9.5
2011-12-23,10.71,10.02
2011-12-30,11.42,10.6
2012-01-06,10.67,9.96
2012-01-13,10.88,10.07
2012-01-20,10.49,10.05
2012-01-27,10.71,10.05
2012-02-03,10.81,10.16
2012-02-10,10.72,9.97
2012-02-17,10.81,10.01
2012-02-24,10.6,9.85
2012-03-02,10.49,9.75
2012-03-09,10.45,9.65
2012-03-16,10.42,9.66
2012-03-23,10.36,9.71
2012-03-30,10.38,9.81
2012-04-06,10.35,9.62
2012-04-13,10.36,9.66
2012-04-20,10.39,9.8
2012-04-27,10.42,9.85
2012-05-04,10.4,9.67
2012-05-11,10.52,10.06
2012-05-18,10.67,10.12
2012-05-25,10.62,10.08
2012-06-01,10.56,10.15
2012-06-08,10.73,10.16
2012-06-15,10.91,10.31
2012-06-22,11.06,10.39
2012-06-29,11.13,10.35
2012-07-06,10.73,10.09
2012-07-13,10.33,9.78
2012-07-20,10.35,9.79
2012-07-27,10.29,9.57
2012-08-03,10.14,9.52
2012-08-10,9.96,9.33
2012-08-17,9.78,9.23
2012-08-24,9.65,9.03
2012-08-31,9.57,8.92
2012-09-07,9.38,8.59
2012-09-14,9.27,8.6
2012-09-21,9.09,8.42
2012-09-28,8.96,8.46
2012-10-05,8.77,8.19
2012-10-12,8.64,8.08
2012-10-19,8.62,7.99
2012-10-26,8.49,7.71
2012-11-02,8.48,7.91
2012-11-09,8.41,7.79
2012-11-16,8.33,7.65
2012-11-23,8.22,7.54
2012-11-30,8.1,7.33
2012-12-07,8.02,7.44
2012-12-14,8.07,7.48
2012-12-21,8.11,7.53
2012-12-28,8.17,7.57
2013-01-04,7.92,7.23
2013-01-11,7.77,7.19
2013-01-18,7.77,7.2
2013-01-25,7.7,7.06
2013-02-01,7.63,7.04
2013-02-08,7.5,6.88
2013-02-15,7.39,6.85
2013-02-22,7.27,6.7
2013-03-01,7.17,6.63
2013-03-08,7.14,6.47
2013-03-15,7.09,6.54
2013-03-22,7.04,6.51
2013-03-29,7.15,6.59
2013-04-05,7.11,6.53
2013-04-12,7.01,6.5
2013-04-19,6.95,6.34
2013-04-26,6.8,6.26
2013-05-03,6.77,6.19
2013-05-10,6.75,6.16
2013-05-17,6.61,6.03
2013-05-24,6.31,5.76
2013-05-31,6.15,5.59
2013-06-07,6.32,5.74
2013-06-14,6.58,5.92
2013-06-21,6.78,6.17
2013-06-28,7.52,6.72
2013-07-05,7.4,6.63
2013-07-12,7.69,6.95
2013-07-19,7.84,7.05
2013-07-26,8.02,7.15
2013-08-02,8.13,7.43
2013-08-09,8.09,7.26
2013-08-16,8.47,7.75
2013-08-23,8.41,7.6
2013-08-30,8.66,7.77
2013-09-06,8.66,7.91
2013-09-13,8.61,7.82
2013-09-20,8.94,8.08
2013-09-27,8.87,8.14
2013-10-04,8.82,7.88
2013-10-11,8.65,7.98
2013-10-18,7.97,7.41
2013-10-25,8.46,7.84
2013-11-01,8.29,7.46
2013-11-08,8.34,7.52
2013-11-15,8.41,7.67
2013-11-22,8.29,7.55
2013-11-29,8.36,7.69
2013-12-06,8.47,7.57
2013-12-13,8.6,7.88
2013-12-20,8.85,7.99
2013-12-27,8.91,8.04
2014-01-03,8.89,8.06
2014-01-10,8.76,7.81
2014-01-17,8.82,8.01
2014-01-24,8.85,7.9
2014-01-31,9.79,9.2
2014-02-07,10.3,9.75
2014-02-14,10.65,10.0
2014-02-21,10.75,10.03
2014-02-28,10.81,10.12
2014-03-07,11.08,10.42
2014-03-14,11.12,10.45
2014-03-21,11.4,10.69
2014-03-28,11.65,10.9
2014-04-04,11.41,10.73
2014-04-11,11.15,10.53
2014-04-18,10.77,10.27
2014-04-25,10.75,10.2
2014-05-02,10.57,10.11
2014-05-09,10.6,10.14
2014-05-16,10.59,9.99
2014-05-23,10.43,9.87
2014-05-30,10.28,9.67
2014-06-06,10.2,9.64
2014-06-13,10.11,9.6
2014-06-20,10.08,9.57
2014-06-27,9.92,9.52
2014-07-04,9.64,9.14
2014-07-11,9.41,9.02
2014-07-18,9.31,8.88
2014-07-25,9.06,8.62
2014-08-01,8.92,8.4
2014-08-08,9.04,8.56
2014-08-15,9.07,8.55
2014-08-22,9.08,8.56
2014-08-29,9.14,8.56
2014-09-05,9.04,8.46
2014-09-12,9.16,8.59
2014-09-19,9.24,8.67
2014-09-26,9.24,8.66
2014-10-03,9.32,8.7
2014-10-10,9.23,8.61
2014-10-17,9.37,8.85
2014-10-24,9.4,8.85
2014-10-31,9.35,8.78
2014-11-07,9.51,8.84
2014-11-14,9.48,8.89
2014-11-21,9.52,8.96
2014-11-28,9.53,8.96
2014-12-05,9.47,8.84
2014-12-12,9.6,9.04
2014-12-19,9.81,9.23
2014-12-26,10.13,9.49
2015-01-02,10.22,9.43
2015-01-09,9.85,9.22
2015-01-16,9.65,9.09
2015-01-23,9.64,9.04
2015-01-30,9.54,8.98
2015-02-06,9.49,8.88
2015-02-13,9.72,9.03
2015-02-20,9.69,9.1
2015-02-27,9.7,9.09
2015-03-06,9.69,9.07
2015-03-13,9.89,9.24
2015-03-20,9.96,9.34
2015-03-27,10.0,9.4
2015-04-03,10.05,9.42
2015-04-10,10.07,9.5
2015-04-17,10.04,9.52
2015-04-24,10.12,9.5
2015-05-01,10.28,9.63
2015-05-08,10.29,9.71
2015-05-15,10.31,9.72
2015-05-22,10.13,9.48
2015-05-29,10.21,9.58
2015-06-05,10.27,9.66
2015-06-12,10.3,9.71
2015-06-19,10.52,9.87
2015-06-26,10.52,9.88
2015-07-03,10.68,9.99
2015-07-10,10.45,9.91
2015-07-17,9.425,8.56
2015-07-24,10.52,9.93
2015-07-31,10.66,10.0
2015-08-07,10.7,9.99
2015-08-14,10.75,10.1
2015-08-21,10.79,10.06
2015-08-28,11.05,10.28
2015-09-04,10.98,10.19
2015-09-11,11.11,10.28
2015-09-18,11.38,10.58
2015-09-25,11.675,11.135
2015-10-02,11.67,10.8
2015-10-09,11.49,10.64
2015-10-16,11.41,10.52
2015-10-23,11.31,10.46
2015-10-30,11.1,10.4
2015-11-06,11.15,10.46
2015-11-13,11.14,10.46
2015-11-20,11.09,10.44
2015-11-27,11.15,10.45
2015-12-04,11.11,10.37
2015-12-11,11.33,10.59
2015-12-18,11.74,10.88
2015-12-25,11.93,10.97
2016-01-01,12.17,11.15
2016-01-08,11.68,10.85
2016-01-15,11.56,10.73
2016-01-22,11.68,10.78
2016-01-29,11.72,10.75
2016-02-05,11.76,10.87
2016-02-12,11.93,10.99
2016-02-19,11.9,11.06
2016-02-26,12.05,11.15
2016-03-04,11.92,10.97
2016-03-11,11.86,10.98
2016-03-18,12.0,11.07
2016-03-25,11.82,11.03
2016-04-01,12.02,11.08
2016-04-08,11.84,10.97
2016-04-15,11.62,10.84
2016-04-22,11.42,10.64
2016-04-29,11.28,10.54
2016-05-06,11.3,10.47
2016-05-13,11.25,10.54
2016-05-20,11.3,10.54
2016-05-27,11.23,10.43
2016-06-03,11.12,10.3
2016-06-10,11.11,10.3
2016-06-17,11.05,10.28
2016-06-24,10.97,10.12
2016-07-01,10.97,10.19
2016-07-08,10.37,9.67
2016-07-15,10.81,10.09
2016-07-22,10.69,9.92
2016-07-29,10.76,9.89
2016-08-05,10.76,9.89
2016-08-12,10.75,9.87
2016-08-19,10.73,9.94
2016-08-26,10.84,10.01
2016-09-02,10.67,9.78
2016-09-09,10.83,10.05
2016-09-16,10.07,9.48
2016-09-23,10.87,10.08
2016-09-30,10.88,10.02
2016-10-07,10.8,9.89
2016-10-14,10.76,9.83
2016-10-21,10.53,9.7
2016-10-28,10.53,9.75
2016-11-04,10.56,9.77
2016-11-11,10.42,9.68
2016-11-18,10.54,9.64
2016-11-25,10.17,9.5
2016-12-02,10.35,9.59
2016-12-09,10.43,9.57
2016-12-16,10.49,9.45
2016-12-23,10.51,9.6
2016-12-30,10.64,9.64
2017-01-06,10.49,9.5
2017-01-13,10.49,9.43
2017-01-20,10.5,9.49
2017-01-27,10.42,9.57
2017-02-03,10.75,9.68
2017-02-10,10.86,9.9
2017-02-17,11.0,9.96
2017-02-24,11.09,9.8
2017-03-03,10.73,9.73
2017-03-10,10.94,9.87
2017-03-17,11.09,10.01
2017-03-24,11.3,10.19
2017-03-31,11.49,10.42
2017-04-07,11.49,10.37
2017-04-14,11.64,10.64
2017-04-21,11.83,10.78
2017-04-28,12.07,10.93
2017-05-05,12.12,10.96
2017-05-12,12.45,11.39
2017-05-19,12.73,11.38
2017-05-26,12.57,11.62
2017-06-02,12.81,11.43
2017-06-09,12.56,11.66
2017-06-16,12.94,11.89
2017-06-23,13.23,12.15
2017-06-30,13.07,12.05
2017-07-07,13.06,11.94
2017-07-14,12.91,11.94
2017-07-21,12.7,11.87
2017-07-28,12.91,11.81
2017-08-04,12.73,11.86
2017-08-11,12.79,11.93
2017-08-18,12.89,11.98
2017-08-25,12.83,11.89
2017-09-01,12.56,11.6
2017-09-08,12.67,11.74
2017-09-15,12.76,11.93
2017-09-22,12.89,11.97
2017-09-29,13.08,12.15
2017-10-06,13.1,11.74
2017-10-13,12.74,11.94
2017-10-20,12.8,12.02
2017-10-27,12.86,12.04
2017-11-03,13.02,11.96
2017-11-10,12.98,12.01
2017-11-17,13.0,12.14
2017-11-24,13.04,12.17
2017-12-01,13.04,12.07
2017-12-08,13.28,12.15
2017-12-15,13.42,12.22
2017-12-22,13.62,12.59
2017-12-29,13.85,12.75
2018-01-05,13.44,12.19
2018-01-12,13.55,12.32
2018-01-19,13.4,12.39
2018-01-26,13.34,12.32
2018-02-02,13.58,12.4
2018-02-09,13.53,12.47
2018-02-16,13.44,12.37
2018-02-23,13.43,12.51
2018-03-02,13.24,12.24
2018-03-09,13.48,12.48
2018-03-16,13.65,12.56
2018-03-23,13.54,12.67
2018-03-30,13.72,12.81
2018-04-06,13.54,12.52
2018-04-13,13.49,12.63
2018-04-20,13.86,12.72
2018-04-27,13.45,12.63
2018-05-04,13.77,12.66
2018-05-11,13.82,12.82
2018-05-18,13.92,12.94
2018-05-25,14.17,13.27
2018-06-01,14.49,13.64
2018-06-08,15.33,14.51
2018-06-15,16.4,15.21
2018-06-22,16.93,15.9
2018-06-29,17.35,16.21
2018-07-06,16.99,15.99
2018-07-13,17.4,16.33
2018-07-20,17.37,16.38
2018-07-27,17.91,16.76
2018-08-03,17.62,16.45
2018-08-10,18.02,16.83
2018-08-17,18.74,17.69
2018-08-24,17.47,16.64
2018-08-31,19.5,18.48
2018-09-07,20.64,19.41
2018-09-14,23.33,22.16
2018-09-21,27.2,24.99
2018-09-28,25.4,23.95
2018-10-05,25.26,23.94
2018-10-12,25.22,24.11
2018-10-19,25.2,24.09
2018-10-26,25.58,24.3
2018-11-02,24.47,23.28
2018-11-09,24.39,23.49
2018-11-16,23.86,22.98
2018-11-23,23.92,23.06
2018-11-30,23.99,23.02
2018-12-07,23.14,22.0
2018-12-14,23.08,22.23
2018-12-21,23.08,22.24
2018-12-28,23.59,22.51
2019-01-04,22.85,21.71
2019-01-11,22.38,21.41
2019-01-18,21.66,20.87
2019-01-25,21.45,20.6
2019-02-01,21.16,20.28
2019-02-08,21.13,20.17
2019-02-15,20.64,19.83
2019-02-22,20.68,19.88
2019-03-01,20.48,19.63
2019-03-08,20.62,19.43
2019-03-15,20.63,19.69
2019-03-22,20.45,19.62
2019-03-29,20.5,19.9
2019-04-05,20.78,19.81
2019-04-12,20.5,19.87
2019-04-19,21.97,21.13
2019-04-26,21.93,21.35
2019-05-03,22.32,21.55
2019-05-10,22.9,22.17
2019-05-17,22.87,22.34
2019-05-24,23.1,22.7
2019-05-31,23.28,22.72
2019-06-07,22.42,21.93
2019-06-14,23.86,22.93
2019-06-21,23.27,22.73
2019-06-28,23.55,22.89
2019-07-05,23.33,22.26
2019-07-12,22.6,21.85
2019-07-19,22.26,21.69
2019-07-26,20.85,20.09
2019-08-02,19.26,18.75
2019-08-09,18.7,18.31
2019-08-16,17.86,17.82
2019-08-23,17.97,17.51
2019-08-30,17.41,17.01
2019-09-06,17.31,16.62
2019-09-13,16.69,15.66
2019-09-20,14.91,14.71
2019-09-27,14.78,14.56
2019-10-04,14.19,13.83
2019-10-11,13.97,13.68
2019-10-18,14.04,13.63
2019-10-25,13.59,12.9
2019-11-01,12.74,12.25
2019-11-08,12.38,11.93
2019-11-15,12.24,11.73
2019-11-22,12.22,11.62
2019-11-29,11.75,11.35
2019-12-06,11.73,11.17
2019-12-13,11.47,10.77
2019-12-20,10.76,10.24
2019-12-27,10.53,10.1
2020-01-03,10.46,9.88
2020-01-10,10.33,9.81
2020-01-17,10.33,9.6
2020-01-24,9.95,9.44
2020-01-31,9.93,9.45
2020-02-07,9.8,9.22
2020-02-14,9.92,9.35
2020-02-21,9.87,9.24
2020-02-28,9.92,9.34
2020-03-06,10.09,9.28
2020-03-13,10.02,9.36
2020-03-20,10.0,9.36
2020-03-27,10.23,9.43
2020-04-03,10.29,9.27
2020-04-10,10.17,9.38
2020-04-17,10.23,9.35
2020-04-24,9.54,8.76
2020-05-01,8.82,8.2
2020-05-08,8.44,7.69
2020-05-15,8.2,7.58
2020-05-22,8.03,7.45
2020-05-29,8.04,7.35
2020-06-05,8.15,7.35
2020-06-12,8.06,7.4
2020-06-19,8.19,7.41
2020-06-26,8.08,7.37
2020-07-03,8.07,7.37
2020-07-10,8.18,7.37
2020-07-17,8.17,7.35
2020-07-24,8.21,7.39
2020-07-31,8.16,7.24
2020-08-07,8.7,7.79
2020-08-14,10.06,8.79
2020-08-21,10.93,9.57
2020-08-28,11.44,9.75
2020-09-04,11.76,9.93
2020-09-11,11.58,10.19
2020-09-18,11.93,10.35
2020-09-25,11.85,10.68
2020-10-02,12.25,10.87
2020-10-09,12.18,10.84
2020-10-16,12.09,10.96
2020-10-23,12.42,11.19
2020-10-30,12.5,11.34
2020-11-06,13.3,11.87
2020-11-13,13.19,12.28
2020-11-20,14.09,13.58
2020-11-27,15.47,14.59
2020-12-04,15.38,14.51
2020-12-11,16.12,14.95
2020-12-18,15.98,15.04
2020-12-25,16.73,15.88
2021-01-01,18.18,16.96
2021-01-08,17.54,16.22
2021-01-15,17.15,16.12
2021-01-22,17.19,16.08
2021-01-29,17.57,16.42
2021-02-05,17.49,16.27
2021-02-12,17.4,16.22
2021-02-19,17.18,16.14
2021-02-26,17.08,16.24
2021-03-05,17.32,16.22
2021-03-12,17.39,16.46
2021-03-19,17.43,16.8
2021-03-26,18.51,17.77
2021-04-02,19.08,17.87
2021-04-09,18.86,17.7
2021-04-16,18.73,17.74
2021-04-23,18.65,17.68
2021-04-30,18.88,17.93
2021-05-07,18.84,17.88
2021-05-14,18.74,17.9
2021-05-21,18.68,17.87
2021-05-28,18.89,17.92
2021-06-04,18.93,17.88
2021-06-11,18.78,17.87
2021-06-18,18.78,17.85
2021-06-25,18.91,18.08
2021-07-02,18.94,17.89
2021-07-09,18.93,17.81
2021-07-16,18.94,17.98
2021-07-23,18.08,17.5
2021-07-30,19.11,18.25
2021-08-06,18.9,17.79
2021-08-13,18.95,18.03
2021-08-20,18.89,17.98
2021-08-27,18.9,18.04
2021-09-03,19.01,18.03
2021-09-10,19.07,18.13
2021-09-17,19.1,18.14
2021-09-24,18.96,17.86
2021-10-01,18.47,17.47
2021-10-08,18.18,17.32
2021-10-15,18.2,17.38
2021-10-22,17.89,16.68
2021-10-29,16.27,15.73
2021-11-05,16.36,15.52
2021-11-12,16.32,15.64
2021-11-19,16.29,15.29
2021-11-26,15.84,15.03
2021-12-03,15.99,14.99
2021-12-10,16.3,15.2
2021-12-17,16.41,15.32
2021-12-24,17.73,17.09
2021-12-31,20.77,19.53
2022-01-07,19.82,17.88
2022-01-14,19.41,17.72
2022-01-21,19.0,17.52
2022-01-28,18.84,17.55
2022-02-04,18.8,17.33
2022-02-11,18.42,16.91
2022-02-18,17.99,16.74
2022-02-25,17.23,16.19
2022-03-04,17.17,15.84
2022-03-11,17.17,15.65
2022-03-18,17.14,15.41
2022-03-25,17.06,15.6
2022-04-01,17.33,15.95
2022-04-08,16.97,15.51
2022-04-15,17.09,15.67
2022-04-22,16.98,15.68
2022-04-29,17.05,15.65
2022-05-06,16.93,15.37
2022-05-13,17.07,15.46
2022-05-20,16.83,15.47
2022-05-27,17.13,15.79
2022-06-03,17.59,15.79
2022-06-10,17.78,16.08
2022-06-17,18.55,16.34
2022-06-24,18.98,16.83
2022-07-01,19.27,17.15
2022-07-08,19.94,17.28
2022-07-15,19.43,17.1
2022-07-22,20.33,17.72
2022-07-29,19.99,17.64
2022-08-05,20.02,17.35
2022-08-12,19.53,17.32
2022-08-19,18.95,16.79
2022-08-26,18.32,16.31
2022-09-02,18.34,15.92
2022-09-09,19.11,16.16
2022-09-16,19.2,15.91
2022-09-23,18.93,15.79
2022-09-30,18.33,15.77
2022-10-07,18.73,15.75
2022-10-14,19.23,15.84
2022-10-21,19.11,15.4
2022-10-28,19.81,15.66
2022-11-04,20.88,15.89
2022-11-11,21.53,16.28
2022-11-18,20.69,15.91
2022-11-25,21.42,16.18
2022-12-02,21.92,16.28
2022-12-09,22.5,16.86
2022-12-16,22.99,16.86
2022-12-23,23.24,17.37
2022-12-30,24.17,18.56
2023-01-06,24.03,17.67
2023-01-13,24.02,17.81
2023-01-20,24.57,17.97
2023-01-27,25.31,18.33
2023-02-03,26.55,18.96
2023-02-10,26.88,19.03
2023-02-17,26.64,18.95
2023-02-24,26.95,19.41
2023-03-03,27.68,19.32
2023-03-10,27.83,19.49
2023-03-17,27.64,19.51
2023-03-24,28.1,19.97
2023-03-31,29.23,20.44
2023-04-07,28.96,20.51
2023-04-14,28.0,20.76
2023-04-21,27.68,20.74
2023-04-28,28.73,21.92
2023-05-05,29.05,21.12
2023-05-12,30.47,22.5
2023-05-19,32.45,23.57
2023-05-26,33.88,25.92
2023-06-02,37.39,26.93
2023-06-09,39.42,29.37
2023-06-16,40.72,30.32
2023-06-23,41.98,32.9
2023-06-30,38.45,30.11
2023-07-07,37.83,30.84
2023-07-14,34.99,27.83
2023-07-21,30.36,26.04
2023-07-28,29.32,25.22
2023-08-04,27.77,24.24
2023-08-11,29.06,24.81
2023-08-18,30.06,24.85
2023-08-25,30.76,26.01
2023-09-01,37.59,30.27
2023-09-08,40.87,31.59
2023-09-15,41.87,33.51
2023-09-22,42.74,34.57
2023-09-29,45.21,37.15
2023-10-06,45.49,37.15
2023-10-13,44.62,37.9
2023-10-20,43.74,37.45
2023-10-27,41.72,37.53
2023-11-03,44.49,40.09
2023-11-10,45.85,40.58
2023-11-17,46.25,40.78
2023-11-24,46.07,41.76
2023-12-01,49.33,44.02
2023-12-08,50.49,44.94
2023-12-15,52.17,45.8
2023-12-22,52.6,46.37
2023-12-29,52.5,47.06
2024-01-05,51.29,46.48
2024-01-12,51.05,46.18
2024-01-19,49.98,45.9
2024-01-26,49.61,46.36
2024-02-02,50.99,46.63
2024-02-09,50.93,46.48
2024-02-16,52.03,47.01
2024-02-23,51.89,46.82
2024-03-01,53.25,47.82
2024-03-08,53.63,48.2
2024-03-15,55.66,49.63
2024-03-22,59.52,52.01
2024-03-29,64.3,57.3
2024-04-05,67.48,59.54
2024-04-12,65.85,57.98
2024-04-19,68.88,60.34
2024-04-26,68.06,60.31
2024-05-03,68.03,61.05
2024-05-10,68.18,60.53
2024-05-17,63.71,58.68
2024-05-24,61.77,58.06
2024-05-31,61.0,57.54
2024-06-07,60.95,57.57
2024-06-14,60.28,57.1
2024-06-21,58.38,56.15
2024-06-28,59.17,56.36
2024-07-05,59.45,56.55
2024-07-12,59.56,56.16
2024-07-19,59.27,55.77
2024-07-26,59.25,55.75
2024-08-02,59.09,55.79
2024-08-09,58.48,55.2
2024-08-16,59.23,55.33
2024-08-23,59.06,55.47
2024-08-30,59.36,55.29
2024-09-06,59.27,55.95
2024-09-13,60.18,56.15
2024-09-20,59.84,56.26
2024-09-27,59.5,56.11
2024-10-04,59.76,56.26
2024-10-11,59.19,55.94
2024-10-18,59.64,56.06
2024-10-25,59.47,55.82
2024-11-01,58.98,56.02
2024-11-08,59.01,55.48
2024-11-15,58.97,55.99
2024-11-22,59.3,56.06
2024-11-29,59.18,55.93
2024-12-06,59.54,55.94
2024-12-13,59.24,56.21
2024-12-20,59.45,56.54
2024-12-27,59.16,55.68
2025-01-03,56.88,54.58
2025-01-10,55.64,53.55
2025-01-17,55.0,52.87
2025-01-24,53.58,51.83
2025-01-31,52.5,50.61
2025-02-07,52.5,50.64
2025-02-14,52.11,50.13
2025-02-21,51.76,50.17
2025-02-28,52.03,50.05
2025-03-07,51.45,49.18
2025-03-14,49.91,48.35
2025-03-21,49.98,48.77
2025-03-28,53.59,51.41
2025-04-04,53.75,51.57
2025-04-11,54.6,51.93
2025-04-18,55.68,53.35
2025-04-25,56.58,54.27
2025-05-02,57.9,55.86
2025-05-09,58.3,56.48
2025-05-16,59.24,56.95
2025-05-23,59.21,56.94
2025-05-30,59.32,57.24
2025-06-06,59.6,57.36
2025-06-13,58.64,56.69
2025-06-20,58.59,56.4
2025-06-27,57.8,56.19
2025-07-04,57.86,56.06
2025-07-11,57.03,54.72
2025-07-18,56.66,54.65
2025-07-25,54.97,52.52
2025-08-01,52.56,51.4
2025-08-08,52.32,51.0
2025-08-15,51.55,50.5
2025-08-22,51.68,50.41
2025-08-29,51.64,50.49
2025-09-05,51.0,50.1
2025-09-12,50.89,49.27
2025-09-19,49.49,48.61
2025-09-26,50.24,49.05
2025-10-03,49.95,48.64
2025-10-10,49.82,48.24
2025-10-17,50.14,48.45
2025-10-24,49.89,48.07
2025-10-31,48.13,47.25
2025-11-07,48.1,47.01
2025-11-14,47.58,46.69
2025-11-21,47.91,46.96
2025-11-28,47.84,46.92
2025-12-05,47.74,46.88
2025-12-12,46.92,45.96
2025-12-19,46.15,45.46
2025-12-26,45.73,45.34
2026-01-02,46.09,45.41
2026-01-09,45.79,44.98
2026-01-16,46.21,45.01
2026-01-23,45.09,44.0
2026-01-30,44.38,43.7
2026-02-06,44.8,43.97
2026-02-13,44.65,43.77
2026-02-20,44.8,43.74
2026-02-27,44.38,43.38
2026-03-06,44.82,44.39
2026-03-13,45.24,44.56
2026-03-20,45.68,44.9
2026-03-27,46.59,45.65
2026-04-03,48.8,47.11
2026-04-10,49.02,47.0
2026-04-17,49.09,47.16
2026-04-24,48.64,46.96
2026-05-01,49.08,47.44
2026-05-08,48.85,47.24
2026-05-15,48.96,47.25
2026-05-22,48.81,47.3
2026-05-29,48.5,46.93
2026-06-05,49.3,47.66
2026-06-12,49.36,47.53
2026-06-19,49.5,47.6
2026-06-26,49.2,47.43
2026-07-03,48.97,47.23
2026-07-10,48.27,47.05
2026-07-17,47.99,46.72
2026-07-24,47.83,46.92
2026-07-31,47.7,46.65
2026-08-07,47.91,46.64
2026-08-14,47.4,46.46
