dt,BISPOLFAIZ.TUR,BISPOLFAIZ.ARG,BISPOLFAIZ.BRA,BISPOLFAIZ.RUS,BISPOLFAIZ.MEX,BISPOLFAIZ.ZAF,BISPOLFAIZ.IND,BISPOLFAIZ.IDN
1990-01-01,,,97138.29,,,18.0,10.0,
1990-02-01,,,355085.64,,,18.0,10.0,
1990-03-01,,,351.15,,,18.0,10.0,
1990-04-01,,,64.75,,,18.0,10.0,
1990-05-01,,,97.78,,,18.0,10.0,
1990-06-01,,,460.96,,,18.0,10.0,
1990-07-01,,,274.79,,,18.0,10.0,
1990-08-01,,,394.13,,,18.0,10.0,
1990-09-01,,,951.43,,,18.0,10.0,
1990-10-01,,,434.46,,,18.0,10.0,
1990-11-01,,,1512.1,,,18.0,10.0,
1990-12-01,,,1618.59,,,18.0,10.0,
1991-01-01,,,1329.1,,,18.0,10.0,
1991-02-01,,,179.24,,,18.0,10.0,
1991-03-01,,,243.59,,,17.0,10.0,
1991-04-01,,,193.85,,,17.0,10.0,
1991-05-01,,,217.09,,,17.0,10.0,
1991-06-01,,,254.38,,,17.0,10.0,
1991-07-01,,,323.06,,,17.0,11.0,
1991-08-01,,,712.92,,,17.0,11.0,
1991-09-01,,,766.04,,,17.0,11.0,
1991-10-01,,,3220.51,,,17.0,12.0,
1991-11-01,,,3223.26,,,17.0,12.0,
1991-12-01,,,1795.51,,,17.0,12.0,
1992-01-01,,,2016.77,20.0,,17.0,12.0,
1992-02-01,,,2201.81,20.0,,17.0,12.0,
1992-03-01,,,1724.48,20.0,,16.0,12.0,
1992-04-01,,,1350.64,50.0,,16.0,12.0,
1992-05-01,,,1208.56,80.0,,16.0,12.0,
1992-06-01,,,1204.21,80.0,,15.0,12.0,
1992-07-01,,,1323.17,80.0,,15.0,12.0,
1992-08-01,,,1573.51,80.0,,15.0,12.0,
1992-09-01,,,1859.52,80.0,,15.0,12.0,
1992-10-01,,,1987.11,80.0,,15.0,12.0,
1992-11-01,,,1303.21,80.0,,14.0,12.0,
1992-12-01,,,1657.56,80.0,,14.0,12.0,
1993-01-01,,,3346.62,80.0,,14.0,12.0,
1993-02-01,,,2184.68,80.0,,13.0,12.0,
1993-03-01,,,2411.27,100.0,,13.0,12.0,
1993-04-01,,0.63,2784.2,100.0,,13.0,12.0,
1993-05-01,,0.11,2871.56,100.0,,13.0,12.0,
1993-06-01,,0.53,2421.71,140.0,,13.0,12.0,
1993-07-01,,0.36,2699.41,170.0,,13.0,12.0,
1993-08-01,,0.25,3601.04,170.0,,13.0,12.0,
1993-09-01,,0.59,5709.52,180.0,,13.0,12.0,
1993-10-01,,0.3,5904.79,210.0,,12.0,12.0,
1993-11-01,,0.57,5880.04,210.0,,12.0,12.0,
1993-12-01,,0.73,5571.91,210.0,,12.0,12.0,
1994-01-01,,0.26,8862.72,210.0,,12.0,12.0,
1994-02-01,,0.32,11521.55,210.0,,12.0,12.0,
1994-03-01,,0.45,14440.99,210.0,,12.0,12.0,
1994-04-01,,0.66,10788.79,205.0,,12.0,12.0,
1994-05-01,,0.81,9125.33,200.0,,12.0,12.0,
1994-06-01,,0.51,15405.6,155.0,,12.0,12.0,
1994-07-01,,0.78,70.8,155.0,,12.0,12.0,
1994-08-01,,0.37,55.5,130.0,,12.0,12.0,
1994-09-01,,0.45,57.33,130.0,,13.0,12.0,
1994-10-01,,0.5,64.76,170.0,,13.0,12.0,
1994-11-01,,0.5,65.45,180.0,,13.0,12.0,
1994-12-01,,1.62,49.86,180.0,,13.0,12.0,
1995-01-01,,0.72,46.14,200.0,,13.0,12.0,
1995-02-01,,1.64,56.28,200.0,,14.0,12.0,
1995-03-01,,1.13,65.73,200.0,,14.0,12.0,
1995-04-01,,0.7,85.43,200.0,,14.0,12.0,
1995-05-01,,0.74,60.94,195.0,,14.0,12.0,
1995-06-01,,0.6,60.8,180.0,,15.0,12.0,
1995-07-01,,0.5,60.4,180.0,,15.0,12.0,
1995-08-01,,0.65,50.87,180.0,,15.0,12.0,
1995-09-01,,0.55,50.37,180.0,,15.0,12.0,
1995-10-01,,0.53,42.99,170.0,,15.0,12.0,
1995-11-01,,0.57,41.91,170.0,,15.0,12.0,
1995-12-01,,0.7,40.25,160.0,,15.0,12.0,
1996-01-01,,5.26,33.93,160.0,,15.0,12.0,
1996-02-01,,5.31,34.38,120.0,,15.0,12.0,
1996-03-01,,5.5,29.84,120.0,,15.0,12.0,
1996-04-01,,5.35,25.97,120.0,,16.0,12.0,
1996-05-01,,5.35,28.75,120.0,,16.0,12.0,
1996-06-01,,5.57,24.4,120.0,,16.0,12.0,
1996-07-01,,8.07,22.9,110.0,,16.0,12.0,
1996-08-01,,8.25,24.06,80.0,,16.0,12.0,
1996-09-01,,5.79,25.05,80.0,,16.0,12.0,
1996-10-01,,6.6,22.95,60.0,,16.0,12.0,
1996-11-01,,5.56,24.9,60.0,,17.0,12.0,
1996-12-01,,8.16,23.0,48.0,,17.0,12.0,
1997-01-01,,5.21,21.3,48.0,,17.0,12.0,
1997-02-01,,5.52,25.92,42.0,,17.0,12.0,
1997-03-01,,6.22,23.76,42.0,,17.0,12.0,
1997-04-01,,5.42,20.7,36.0,,17.0,11.0,
1997-05-01,,6.05,21.84,36.0,,17.0,11.0,
1997-06-01,,5.74,20.7,24.0,,17.0,10.0,
1997-07-01,,6.67,18.74,24.0,,17.0,10.0,
1997-08-01,,7.05,20.7,24.0,,17.0,10.0,
1997-09-01,,7.66,19.67,24.0,,17.0,10.0,
1997-10-01,,11.52,38.98,21.0,,16.0,9.0,
1997-11-01,,5.84,46.02,28.0,,16.0,9.0,
1997-12-01,,8.81,38.74,28.0,,16.0,9.0,
1998-01-01,,5.52,34.5,28.0,,16.0,11.0,
1998-02-01,,7.07,34.5,39.0,,16.0,11.0,
1998-03-01,,6.08,28.0,30.0,,15.0,10.5,
1998-04-01,,5.99,23.25,30.0,,14.927,9.0,
1998-05-01,,5.72,21.75,150.0,,18.0,9.0,
1998-06-01,,6.05,21.0,80.0,,20.209,9.0,
1998-07-01,,6.11,19.75,60.0,,21.346,9.0,
1998-08-01,,7.31,19.75,60.0,,21.854,9.0,
1998-09-01,,6.3,19.0,60.0,,21.855,9.0,
1998-10-01,,6.52,19.0,60.0,,20.718,9.0,
1998-11-01,,7.12,19.0,60.0,34.37,19.727,9.0,
1998-12-01,,7.54,29.0,60.0,33.14,19.32,9.0,
1999-01-01,,7.59,25.0,60.0,35.85,18.826,9.0,
1999-02-01,,5.62,25.0,60.0,28.46,17.36,9.0,
1999-03-01,,6.28,42.0,60.0,22.96,16.505,8.0,
1999-04-01,,5.03,32.0,60.0,20.24,15.665,8.0,
1999-05-01,,7.46,23.5,60.0,21.78,15.464,8.0,
1999-06-01,,6.52,21.0,55.0,21.01,14.915,8.0,
1999-07-01,,5.62,19.5,55.0,21.9,13.652,8.0,
1999-08-01,,5.72,19.5,55.0,19.51,13.44,8.0,
1999-09-01,,8.63,19.0,55.0,18.9,12.4,8.0,
1999-10-01,,8.0,19.0,55.0,17.78,12.19,8.0,
1999-11-01,,6.81,19.0,55.0,19.97,12.0,8.0,
1999-12-01,,8.2,19.0,55.0,18.39,12.0,8.0,
2000-01-01,,7.21,19.0,45.0,19.25,11.75,8.0,
2000-02-01,,6.12,19.0,45.0,17.38,11.75,8.0,
2000-03-01,,6.37,18.5,33.0,13.87,11.75,8.0,
2000-04-01,,6.31,18.5,33.0,14.46,11.75,7.0,
2000-05-01,,6.82,18.5,33.0,16.23,11.75,7.0,
2000-06-01,,7.13,17.5,33.0,18.06,11.75,7.0,
2000-07-01,,6.69,16.5,28.0,13.75,11.75,8.0,
2000-08-01,,7.81,16.5,28.0,15.51,11.75,8.0,
2000-09-01,,8.25,16.5,28.0,15.89,11.75,8.0,
2000-10-01,,9.46,16.5,28.0,17.09,12.0,8.0,
2000-11-01,,8.41,16.5,25.0,17.9,12.0,8.0,
2000-12-01,,12.11,15.75,25.0,18.79,12.0,8.0,
2001-01-01,,6.19,15.25,25.0,17.72,12.0,8.0,
2001-02-01,,5.63,15.25,25.0,16.86,12.0,7.5,
2001-03-01,,56.16,15.75,25.0,16.32,12.0,7.0,
2001-04-01,,11.27,16.25,25.0,15.0,12.0,8.75,
2001-05-01,,6.06,16.75,25.0,11.47,12.0,8.75,
2001-06-01,,8.09,18.25,25.0,10.25,11.0,8.5,
2001-07-01,,25.19,19.0,25.0,9.27,11.0,8.5,
2001-08-01,,22.95,19.0,25.0,8.94,11.0,8.5,
2001-09-01,,5.08,19.0,25.0,10.36,9.5,8.5,
2001-10-01,,43.04,19.0,25.0,8.08,9.5,8.5,
2001-11-01,,557.04,19.0,25.0,7.24,9.5,8.5,
2001-12-01,,0.0,19.0,25.0,8.04,9.5,8.5,
2002-01-01,,41.81,19.0,25.0,8.08,10.5,8.5,
2002-02-01,57.0,23.64,18.75,25.0,7.63,10.5,8.5,
2002-03-01,54.0,82.46,18.5,25.0,7.11,11.5,8.0,
2002-04-01,48.0,101.6,18.5,23.0,5.47,11.5,8.0,
2002-05-01,48.0,46.87,18.5,23.0,7.33,11.5,8.0,
2002-06-01,48.0,41.83,18.5,23.0,8.13,12.5,8.0,
2002-07-01,48.0,76.08,18.0,23.0,5.37,12.5,8.0,
2002-08-01,46.0,37.96,18.0,21.0,6.64,12.5,8.0,
2002-09-01,46.0,23.51,18.0,21.0,8.05,13.5,8.0,
2002-10-01,46.0,9.05,21.0,21.0,7.72,13.5,8.0,
2002-11-01,44.0,6.18,22.0,21.0,7.0,13.5,7.5,
2002-12-01,44.0,6.63,25.0,21.0,8.25,13.5,7.5,
2003-01-01,44.0,5.29,25.5,21.0,9.01,13.5,7.5,
2003-02-01,44.0,8.32,26.5,18.0,9.27,13.5,7.5,
2003-03-01,44.0,6.63,26.5,18.0,8.92,13.5,7.0,
2003-04-01,41.0,5.27,26.5,18.0,5.85,13.5,7.0,
2003-05-01,41.0,3.56,26.5,18.0,4.79,13.5,7.0,
2003-06-01,38.0,3.13,26.0,16.0,4.36,12.0,7.0,
2003-07-01,35.0,1.95,24.5,16.0,4.07,12.0,7.0,
2003-08-01,32.0,1.23,22.0,16.0,4.57,11.0,7.0,
2003-09-01,29.0,1.57,20.0,16.0,4.3,10.0,7.0,
2003-10-01,26.0,1.38,19.0,16.0,4.73,8.5,7.0,
2003-11-01,26.0,1.5,17.5,16.0,6.26,8.5,7.0,
2003-12-01,26.0,1.67,16.5,16.0,6.12,8.0,7.0,
2004-01-01,26.0,1.38,16.5,14.0,5.2,8.0,7.0,
2004-02-01,24.0,1.26,16.5,14.0,6.71,8.0,7.0,
2004-03-01,22.0,1.28,16.25,14.0,6.13,8.0,6.0,
2004-04-01,22.0,1.22,16.0,14.0,6.26,8.0,6.0,
2004-05-01,22.0,2.84,16.0,14.0,6.35,8.0,6.0,
2004-06-01,22.0,2.5,16.0,13.0,6.53,8.0,6.0,
2004-07-01,22.0,2.5,16.0,13.0,6.76,8.0,6.0,
2004-08-01,22.0,2.5,16.0,13.0,7.17,7.5,6.0,
2004-09-01,20.0,2.5,16.25,13.0,7.62,7.5,6.0,
2004-10-01,20.0,2.5,16.75,13.0,7.81,7.5,6.0,
2004-11-01,20.0,2.5,17.25,13.0,8.27,7.5,6.0,
2004-12-01,18.0,2.5,17.75,13.0,8.75,7.5,6.0,
2005-01-01,17.0,2.75,18.25,13.0,8.82,7.5,6.0,
2005-02-01,16.5,2.75,18.75,13.0,9.21,7.5,6.0,
2005-03-01,15.5,2.75,19.25,13.0,9.51,7.5,6.0,
2005-04-01,15.0,3.25,19.5,13.0,9.6,7.0,6.0,
2005-05-01,14.5,3.75,19.75,13.0,9.75,7.0,6.0,
2005-06-01,14.25,4.25,19.75,13.0,9.76,7.0,6.0,
2005-07-01,14.25,4.25,19.75,13.0,9.75,7.0,6.0,8.5
2005-08-01,14.25,4.25,19.75,13.0,9.51,7.0,6.0,8.75
2005-09-01,14.25,4.25,19.5,13.0,9.26,7.0,6.0,10.0
2005-10-01,14.0,4.5,19.0,13.0,9.01,7.0,6.25,11.0
2005-11-01,13.75,4.5,18.5,13.0,8.76,7.0,6.25,12.25
2005-12-01,13.5,5.0,18.0,12.0,8.27,7.0,6.25,12.75
2006-01-01,13.5,5.0,17.25,12.0,7.77,7.0,6.5,12.75
2006-02-01,13.5,5.0,17.25,12.0,7.51,7.0,6.5,12.75
2006-03-01,13.5,5.0,16.5,12.0,7.27,7.0,6.5,12.75
2006-04-01,13.25,5.0,15.75,12.0,7.05,7.0,6.5,12.75
2006-05-01,13.25,5.5,15.75,12.0,7.02,7.0,6.5,12.5
2006-06-01,17.25,5.75,15.25,11.5,7.03,7.5,6.75,12.5
2006-07-01,17.5,5.75,14.75,11.5,7.03,7.5,7.0,12.25
2006-08-01,17.5,5.75,14.25,11.5,7.03,8.0,7.0,11.75
2006-09-01,17.5,5.75,14.25,11.5,7.05,8.0,7.0,11.25
2006-10-01,17.5,6.0,13.75,11.0,7.04,8.5,7.25,10.75
2006-11-01,17.5,6.25,13.25,11.0,7.05,8.5,7.25,10.25
2006-12-01,17.5,6.25,13.25,11.0,7.02,9.0,7.25,9.75
2007-01-01,17.5,6.5,13.0,10.5,7.02,9.0,7.5,9.5
2007-02-01,17.5,6.75,13.0,10.5,7.08,9.0,7.5,9.25
2007-03-01,17.5,10.4,12.75,10.5,7.04,9.0,7.5,9.0
2007-04-01,17.5,10.31,12.5,10.5,7.26,9.0,7.75,9.0
2007-05-01,17.5,10.33,12.5,10.5,7.3,9.0,7.75,8.75
2007-06-01,17.5,10.25,12.0,10.0,7.3,9.5,7.75,8.5
2007-07-01,17.5,10.31,11.5,10.0,7.29,9.5,7.75,8.25
2007-08-01,17.5,10.5,11.5,10.0,7.29,10.0,7.75,8.25
2007-09-01,17.25,10.37,11.25,10.0,7.28,10.0,7.75,8.25
2007-10-01,16.75,10.7,11.25,10.0,7.49,10.5,7.75,8.25
2007-11-01,16.25,10.65,11.25,10.0,7.51,10.5,7.75,8.25
2007-12-01,15.75,10.75,11.25,10.0,7.57,11.0,7.75,8.0
2008-01-01,15.5,11.0,11.25,10.0,7.5,11.0,7.75,8.0
2008-02-01,15.25,11.3,11.25,10.25,7.5,11.0,7.75,8.0
2008-03-01,15.25,11.07,11.25,10.25,7.5,11.0,7.75,8.0
2008-04-01,15.25,11.52,11.75,10.5,7.5,11.5,7.75,8.0
2008-05-01,15.75,11.8,11.75,10.5,7.5,11.5,7.75,8.25
2008-06-01,16.25,11.84,12.25,10.75,7.75,12.0,8.5,8.5
2008-07-01,16.75,12.2,13.0,11.0,8.0,12.0,9.0,8.75
2008-08-01,16.75,12.2,13.0,11.0,8.25,12.0,9.0,9.0
2008-09-01,16.75,12.26,13.75,11.0,8.25,12.0,9.0,9.25
2008-10-01,16.75,12.48,13.75,11.0,8.25,12.0,8.0,9.5
2008-11-01,16.25,12.5,13.75,12.0,8.25,12.0,7.5,9.5
2008-12-01,15.0,12.05,13.75,13.0,8.25,11.5,6.5,9.25
2009-01-01,13.0,12.5,12.75,13.0,7.75,11.5,5.5,8.75
2009-02-01,11.5,13.4,12.75,13.0,7.5,10.5,5.5,8.25
2009-03-01,10.5,14.0,11.25,13.0,6.75,9.5,5.0,7.75
2009-04-01,9.75,14.35,10.25,12.5,6.0,9.5,4.75,7.5
2009-05-01,9.25,14.55,10.25,12.0,5.25,7.5,4.75,7.25
2009-06-01,8.75,16.25,9.25,11.5,4.75,7.5,4.75,7.0
2009-07-01,8.25,14.59,8.75,11.0,4.5,7.5,4.75,6.75
2009-08-01,7.75,15.89,8.75,10.75,4.5,7.0,4.75,6.5
2009-09-01,7.25,9.75,8.75,10.0,4.5,7.0,4.75,6.5
2009-10-01,6.75,9.5,8.75,9.5,4.5,7.0,4.75,6.5
2009-11-01,6.5,9.5,8.75,9.0,4.5,7.0,4.75,6.5
2009-12-01,6.5,9.5,8.75,8.75,4.5,7.0,4.75,6.5
2010-01-01,6.5,9.5,8.75,8.75,4.5,7.0,4.75,6.5
2010-02-01,6.5,9.5,8.75,8.5,4.5,7.0,4.75,6.5
2010-03-01,6.5,9.5,8.75,8.25,4.5,6.5,5.0,6.5
2010-04-01,6.5,9.5,9.5,8.0,4.5,6.5,5.25,6.5
2010-05-01,7.0,9.5,9.5,7.75,4.5,6.5,5.25,6.5
2010-06-01,7.0,9.5,10.25,7.75,4.5,6.5,5.25,6.5
2010-07-01,7.0,9.5,10.75,7.75,4.5,6.5,5.75,6.5
2010-08-01,7.0,9.5,10.75,7.75,4.5,6.5,5.75,6.5
2010-09-01,7.0,9.5,10.75,7.75,4.5,6.0,6.0,6.5
2010-10-01,7.0,9.5,10.75,7.75,4.5,6.0,6.0,6.5
2010-11-01,7.0,9.5,10.75,7.75,4.5,5.5,6.25,6.5
2010-12-01,6.5,9.5,10.75,7.75,4.5,5.5,6.25,6.5
2011-01-01,6.25,9.5,11.25,7.75,4.5,5.5,6.5,6.5
2011-02-01,6.25,9.5,11.25,8.0,4.5,5.5,6.5,6.75
2011-03-01,6.25,9.5,11.75,8.0,4.5,5.5,6.75,6.75
2011-04-01,6.25,9.5,12.0,8.0,4.5,5.5,6.75,6.75
2011-05-01,6.25,9.5,12.0,8.25,4.5,5.5,7.25,6.75
2011-06-01,6.25,9.5,12.25,8.25,4.5,5.5,7.5,6.75
2011-07-01,6.25,9.5,12.5,8.25,4.5,5.5,8.0,6.75
2011-08-01,5.75,9.5,12.5,8.25,4.5,5.5,8.0,6.75
2011-09-01,5.75,9.5,12.0,8.25,4.5,5.5,8.25,6.75
2011-10-01,5.75,9.5,11.5,8.25,4.5,5.5,8.5,6.5
2011-11-01,5.75,9.5,11.5,8.25,4.5,5.5,8.5,6.0
2011-12-01,5.75,9.5,11.0,8.0,4.5,5.5,8.5,6.0
2012-01-01,5.75,9.5,10.5,8.0,4.5,5.5,8.5,6.0
2012-02-01,5.75,9.5,10.5,8.0,4.5,5.5,8.5,5.75
2012-03-01,5.75,9.5,9.75,8.0,4.5,5.5,8.5,5.75
2012-04-01,5.75,9.5,9.0,8.0,4.5,5.5,8.0,5.75
2012-05-01,5.75,9.5,8.5,8.0,4.5,5.5,8.0,5.75
2012-06-01,5.75,9.5,8.5,8.25,4.5,5.5,8.0,5.75
2012-07-01,5.75,9.5,8.0,8.0,4.5,5.0,8.0,5.75
2012-08-01,5.75,9.5,7.5,8.0,4.5,5.0,8.0,5.75
2012-09-01,5.75,9.5,7.5,8.25,4.5,5.0,8.0,5.75
2012-10-01,5.75,9.5,7.25,8.25,4.5,5.0,8.0,5.75
2012-11-01,5.75,9.5,7.25,8.25,4.5,5.0,8.0,5.75
2012-12-01,5.5,9.5,7.25,8.25,4.5,5.0,8.0,5.75
2013-01-01,5.5,9.5,7.25,8.25,4.5,5.0,7.75,5.75
2013-02-01,5.5,9.5,7.25,8.25,4.5,5.0,7.75,5.75
2013-03-01,5.5,9.5,7.25,8.25,4.0,5.0,7.5,5.75
2013-04-01,5.0,9.5,7.5,8.25,4.0,5.0,7.5,5.75
2013-05-01,4.5,9.5,8.0,8.25,4.0,5.0,7.25,5.75
2013-06-01,4.5,9.5,8.0,8.25,4.0,5.0,7.25,6.0
2013-07-01,4.5,9.5,8.5,8.25,4.0,5.0,7.25,6.5
2013-08-01,4.5,9.5,9.0,8.25,4.0,5.0,7.25,7.0
2013-09-01,4.5,9.5,9.0,5.5,3.75,5.0,7.5,7.25
2013-10-01,4.5,9.5,9.5,5.5,3.5,5.0,7.75,7.25
2013-11-01,4.5,9.5,10.0,5.5,3.5,5.0,7.75,7.5
2013-12-01,4.5,9.5,10.0,5.5,3.5,5.0,7.75,7.5
2014-01-01,10.0,25.5201,10.5,5.5,3.5,5.5,8.0,7.5
2014-02-01,10.0,28.7098,10.75,5.5,3.5,5.5,8.0,7.5
2014-03-01,10.0,28.6298,10.75,7.0,3.5,5.5,8.0,7.5
2014-04-01,10.0,27.7999,11.0,7.5,3.5,5.5,8.0,7.5
2014-05-01,9.5,26.7301,11.0,7.5,3.5,5.5,8.0,7.5
2014-06-01,8.75,26.8002,11.0,7.5,3.0,5.5,8.0,7.5
2014-07-01,8.25,26.7801,11.0,8.0,3.0,5.75,8.0,7.5
2014-08-01,8.25,26.8599,11.0,8.0,3.0,5.75,8.0,7.5
2014-09-01,8.25,26.8599,11.0,8.0,3.0,5.75,8.0,7.5
2014-10-01,8.25,26.8599,11.25,8.0,3.0,5.75,8.0,7.5
2014-11-01,8.25,26.8599,11.25,9.5,3.0,5.75,8.0,7.5
2014-12-01,8.25,26.8599,11.75,17.0,3.0,5.75,8.0,7.75
2015-01-01,7.75,26.56,12.25,17.0,3.0,5.75,7.75,7.75
2015-02-01,7.5,26.3301,12.25,15.0,3.0,5.75,7.75,7.5
2015-03-01,7.5,26.2199,12.75,14.0,3.0,5.75,7.5,7.5
2015-04-01,7.5,25.9701,13.25,14.0,3.0,5.75,7.5,7.5
2015-05-01,7.5,26.0401,13.25,12.5,3.0,5.75,7.5,7.5
2015-06-01,7.5,26.0401,13.75,11.5,3.0,5.75,7.25,7.5
2015-07-01,7.5,25.9237,14.25,11.5,3.0,6.0,7.25,7.5
2015-08-01,7.5,25.8188,14.25,11.0,3.0,6.0,7.25,7.5
2015-09-01,7.5,26.0367,14.25,11.0,3.0,6.0,6.75,7.5
2015-10-01,7.5,28.9307,14.25,11.0,3.0,6.0,6.75,7.5
2015-11-01,7.5,29.0366,14.25,11.0,3.0,6.25,6.75,7.5
2015-12-01,7.5,33.0009,14.25,11.0,3.25,6.25,6.75,7.5
2016-01-01,7.5,30.7503,14.25,11.0,3.25,6.75,6.75,7.25
2016-02-01,7.5,31.1461,14.25,11.0,3.75,6.75,6.75,7.0
2016-03-01,7.5,38.0008,14.25,11.0,3.75,7.0,6.75,6.75
2016-04-01,7.5,37.9997,14.25,11.0,3.75,7.0,6.5,6.75
2016-05-01,7.5,35.2503,14.25,11.0,3.75,7.0,6.5,6.75
2016-06-01,7.5,30.7503,14.25,10.5,4.25,7.0,6.5,6.5
2016-07-01,7.5,30.2498,14.25,10.5,4.25,7.0,6.5,6.5
2016-08-01,7.5,28.2505,14.25,10.5,4.25,7.0,6.5,5.25
2016-09-01,7.5,26.7498,14.25,10.0,4.75,7.0,6.5,5.0
2016-10-01,7.5,26.7498,14.0,10.0,4.75,7.0,6.25,4.75
2016-11-01,8.0,24.7503,14.0,10.0,5.25,7.0,6.25,4.75
2016-12-01,8.0,24.7503,13.75,10.0,5.75,7.0,6.25,4.75
2017-01-01,8.0,24.75,13.0,10.0,5.75,7.0,6.25,4.75
2017-02-01,8.0,24.75,12.25,10.0,6.25,7.0,6.25,4.75
2017-03-01,8.0,24.75,12.25,9.75,6.5,7.0,6.25,4.75
2017-04-01,8.0,26.25,11.25,9.75,6.5,7.0,6.25,4.75
2017-05-01,8.0,26.25,11.25,9.25,6.75,7.0,6.25,4.75
2017-06-01,8.0,26.25,10.25,9.0,7.0,7.0,6.25,4.75
2017-07-01,8.0,26.25,9.25,9.0,7.0,6.75,6.25,4.75
2017-08-01,8.0,26.25,9.25,9.0,7.0,6.75,6.0,4.5
2017-09-01,8.0,26.25,8.25,8.5,7.0,6.75,6.0,4.25
2017-10-01,8.0,27.75,7.5,8.25,7.0,6.75,6.0,4.25
2017-11-01,8.0,28.75,7.5,8.25,7.0,6.75,6.0,4.25
2017-12-01,8.0,28.75,7.0,7.75,7.25,6.75,6.0,4.25
2018-01-01,8.0,27.25,7.0,7.75,7.25,6.75,6.0,4.25
2018-02-01,8.0,27.25,6.75,7.5,7.5,6.75,6.0,4.25
2018-03-01,8.0,27.25,6.5,7.25,7.5,6.5,6.0,4.25
2018-04-01,8.0,30.25,6.5,7.25,7.5,6.5,6.0,4.25
2018-05-01,8.0,40.0,6.5,7.25,7.5,6.5,6.0,4.75
2018-06-01,17.75,40.0,6.5,7.25,7.75,6.5,6.25,5.25
2018-07-01,17.75,40.0,6.5,7.25,7.75,6.5,6.25,5.25
2018-08-01,17.75,60.0,6.5,7.25,7.75,6.5,6.5,5.5
2018-09-01,24.0,65.0,6.5,7.5,7.75,6.5,6.5,5.75
2018-10-01,24.0,68.048,6.5,7.5,7.75,6.5,6.5,5.75
2018-11-01,24.0,60.753,6.5,7.5,8.0,6.75,6.5,6.0
2018-12-01,24.0,59.252,6.5,7.75,8.25,6.75,6.5,6.0
2019-01-01,24.0,53.687,6.5,7.75,8.25,6.75,6.5,6.0
2019-02-01,24.0,50.127,6.5,7.75,8.25,6.75,6.25,6.0
2019-03-01,24.0,68.155,6.5,7.75,8.25,6.75,6.25,6.0
2019-04-01,24.0,73.93,6.5,7.75,8.25,6.75,6.0,6.0
2019-05-01,24.0,70.73,6.5,7.75,8.25,6.75,6.0,6.0
2019-06-01,24.0,62.688,6.5,7.5,8.25,6.75,5.75,6.0
2019-07-01,19.75,60.396,6.5,7.25,8.25,6.5,5.75,5.75
2019-08-01,19.75,83.264,6.0,7.25,8.0,6.5,5.4,5.5
2019-09-01,16.5,78.372,5.5,7.0,7.75,6.5,5.4,5.25
2019-10-01,14.0,68.002,5.0,6.5,7.75,6.5,5.15,5.0
2019-11-01,14.0,63.002,5.0,6.5,7.5,6.5,5.15,5.0
2019-12-01,12.0,55.0,4.5,6.25,7.25,6.5,5.15,5.0
2020-01-01,11.25,50.0,4.5,6.25,7.25,6.25,5.15,5.0
2020-02-01,10.75,40.0,4.25,6.0,7.0,6.25,5.15,4.75
2020-03-01,9.75,38.0,3.75,6.0,6.5,5.25,4.4,4.5
2020-04-01,8.75,38.0,3.75,5.5,6.0,4.25,4.4,4.5
2020-05-01,8.25,38.0,3.0,5.5,5.5,3.75,4.0,4.5
2020-06-01,8.25,38.0,2.25,4.5,5.0,3.75,4.0,4.25
2020-07-01,8.25,38.0,2.25,4.25,5.0,3.5,4.0,4.0
2020-08-01,8.25,38.0,2.0,4.25,4.5,3.5,4.0,4.0
2020-09-01,10.25,38.0,2.0,4.25,4.25,3.5,4.0,4.0
2020-10-01,10.25,36.0,2.0,4.25,4.25,3.5,4.0,4.0
2020-11-01,15.0,38.0,2.0,4.25,4.25,3.5,4.0,3.75
2020-12-01,17.0,38.0,2.0,4.25,4.25,3.5,4.0,3.75
2021-01-01,17.0,38.0,2.0,4.25,4.25,3.5,4.0,3.75
2021-02-01,17.0,38.0,2.0,4.25,4.0,3.5,4.0,3.5
2021-03-01,19.0,38.0,2.75,4.5,4.0,3.5,4.0,3.5
2021-04-01,19.0,38.0,2.75,5.0,4.0,3.5,4.0,3.5
2021-05-01,19.0,38.0,3.5,5.0,4.0,3.5,4.0,3.5
2021-06-01,19.0,38.0,4.25,5.5,4.25,3.5,4.0,3.5
2021-07-01,19.0,38.0,4.25,6.5,4.25,3.5,4.0,3.5
2021-08-01,19.0,38.0,5.25,6.5,4.5,3.5,4.0,3.5
2021-09-01,18.0,38.0,6.25,6.75,4.5,3.5,4.0,3.5
2021-10-01,16.0,38.0,7.75,7.5,4.75,3.5,4.0,3.5
2021-11-01,15.0,38.0,7.75,7.5,5.0,3.75,4.0,3.5
2021-12-01,14.0,38.0,9.25,8.5,5.5,3.75,4.0,3.5
2022-01-01,14.0,40.0,9.25,8.5,5.5,4.0,4.0,3.5
2022-02-01,14.0,42.5,10.75,20.0,6.0,4.0,4.0,3.5
2022-03-01,14.0,44.5,11.75,20.0,6.5,4.25,4.0,3.5
2022-04-01,14.0,47.0,11.75,17.0,6.5,4.25,4.0,3.5
2022-05-01,14.0,49.0,12.75,11.0,7.0,4.75,4.4,3.5
2022-06-01,14.0,52.0,13.25,9.5,7.75,4.75,4.9,3.5
2022-07-01,14.0,60.0,13.25,8.0,7.75,5.5,4.9,3.5
2022-08-01,13.0,69.5,13.75,8.0,8.5,5.5,5.4,3.75
2022-09-01,12.0,75.0,13.75,7.5,9.25,6.25,5.9,4.25
2022-10-01,10.5,75.0,13.75,7.5,9.25,6.25,5.9,4.75
2022-11-01,9.0,75.0,13.75,7.5,10.0,7.0,5.9,5.25
2022-12-01,9.0,75.0,13.75,7.5,10.5,7.0,6.25,5.5
2023-01-01,9.0,75.0,13.75,7.5,10.5,7.25,6.25,5.75
2023-02-01,8.5,75.0,13.75,7.5,11.0,7.25,6.5,5.75
2023-03-01,8.5,78.0,13.75,7.5,11.25,7.75,6.5,5.75
2023-04-01,8.5,91.0,13.75,7.5,11.25,7.75,6.5,5.75
2023-05-01,8.5,97.0,13.75,7.5,11.25,8.25,6.5,5.75
2023-06-01,15.0,97.0,13.75,7.5,11.25,8.25,6.5,5.75
2023-07-01,17.5,97.0,13.75,8.5,11.25,8.25,6.5,5.75
2023-08-01,25.0,118.0,13.25,12.0,11.25,8.25,6.5,5.75
2023-09-01,30.0,118.0,12.75,13.0,11.25,8.25,6.5,5.75
2023-10-01,35.0,133.0,12.75,15.0,11.25,8.25,6.5,6.0
2023-11-01,40.0,133.0,12.25,15.0,11.25,8.25,6.5,6.0
2023-12-01,42.5,100.0,11.75,16.0,11.25,8.25,6.5,6.0
2024-01-01,45.0,100.0,11.75,16.0,11.25,8.25,6.5,6.0
2024-02-01,45.0,100.0,11.25,16.0,11.25,8.25,6.5,6.0
2024-03-01,50.0,80.0,10.75,16.0,11.0,8.25,6.5,6.0
2024-04-01,50.0,60.0,10.75,16.0,11.0,8.25,6.5,6.25
2024-05-01,50.0,40.0,10.5,16.0,11.0,8.25,6.5,6.25
2024-06-01,50.0,40.0,10.5,16.0,11.0,8.25,6.5,6.25
2024-07-01,50.0,40.0,10.5,18.0,11.0,8.25,6.5,6.25
2024-08-01,50.0,40.0,10.5,18.0,10.75,8.25,6.5,6.25
2024-09-01,50.0,40.0,10.75,19.0,10.5,8.0,6.5,6.0
2024-10-01,50.0,40.0,10.75,21.0,10.5,8.0,6.5,6.0
2024-11-01,50.0,35.0,11.25,21.0,10.25,7.75,6.5,6.0
2024-12-01,47.5,32.0,12.25,21.0,10.0,7.75,6.5,6.0
2025-01-01,45.0,29.0,13.25,21.0,10.0,7.5,6.5,5.75
2025-02-01,45.0,29.0,13.25,21.0,9.5,7.5,6.25,5.75
2025-03-01,42.5,29.0,14.25,21.0,9.0,7.5,6.25,5.75
2025-04-01,46.0,29.0,14.25,21.0,9.0,7.5,6.0,5.75
2025-05-01,46.0,29.0,14.75,21.0,8.5,7.25,6.0,5.5
2025-06-01,46.0,29.0,15.0,20.0,8.0,7.25,5.5,5.5
2025-07-01,43.0,,15.0,18.0,8.0,7.25,5.5,5.25
2025-08-01,43.0,,15.0,18.0,7.75,7.0,5.5,5.0
2025-09-01,40.5,,15.0,17.0,7.5,7.0,5.5,4.75
2025-10-01,39.5,,15.0,16.5,7.5,7.0,5.5,4.75
2025-11-01,39.5,,15.0,16.5,7.25,6.75,5.5,4.75
2025-12-01,38.0,,15.0,16.0,7.0,6.75,5.25,4.75
2026-01-01,37.0,,15.0,16.0,7.0,6.75,5.25,4.75
2026-02-01,37.0,,15.0,15.5,7.0,6.75,5.25,4.75
2026-03-01,37.0,,14.75,15.0,6.75,6.75,5.25,4.75
2026-04-01,37.0,,14.5,14.5,6.75,6.75,5.25,4.75
2026-05-01,37.0,,14.5,14.5,6.5,7.0,5.25,
2026-06-01,37.0,,14.25,14.25,6.5,7.0,,
