dt,AB.N06
2010-01-01,86202900.0
2010-01-08,84818366.0
2010-01-15,86544013.0
2010-01-22,84622922.0
2010-01-29,85782549.0
2010-02-05,85746693.0
2010-02-12,83142581.0
2010-02-19,83055705.0
2010-02-26,84834376.0
2010-03-05,85375113.0
2010-03-12,85169925.0
2010-03-19,85714873.0
2010-03-26,86374797.0
2010-04-02,85808207.0
2010-04-09,84440597.0
2010-04-16,85632136.0
2010-04-23,88650377.0
2010-04-30,88314209.0
2010-05-07,89869395.0
2010-05-14,89141809.0
2010-05-21,92045835.0
2010-05-28,91333677.0
2010-06-04,91402992.0
2010-06-11,91988586.0
2010-06-18,89294999.0
2010-06-25,90302512.0
2010-07-02,92142597.0
2010-07-09,91712613.0
2010-07-16,91478398.0
2010-07-23,91191125.0
2010-07-30,91289280.0
2010-08-06,92847559.0
2010-08-13,93351359.0
2010-08-20,92076043.0
2010-08-27,94506945.0
2010-09-03,94578358.0
2010-09-10,94736383.0
2010-09-17,89601848.0
2010-09-24,90409830.0
2010-10-01,89684534.0
2010-10-08,89085746.0
2010-10-15,86309284.0
2010-10-22,88190832.0
2010-10-29,87921780.0
2010-11-05,86731275.0
2010-11-12,88583582.0
2010-11-19,89144059.0
2010-11-26,90976227.0
2010-12-03,91688888.0
2010-12-10,93261703.0
2010-12-17,94285231.0
2010-12-24,96958667.0
2010-12-31,97994349.0
2011-01-07,98062798.0
2011-01-14,101013658.0
2011-01-21,100298926.0
2011-01-28,102216905.0
2011-02-04,103433975.0
2011-02-11,103855164.0
2011-02-18,102307933.0
2011-02-25,105365463.0
2011-03-04,106255975.0
2011-03-11,104655907.0
2011-03-18,108177685.0
2011-03-25,106511940.0
2011-04-01,106294940.0
2011-04-08,104601218.0
2011-04-15,105537362.0
2011-04-22,105818001.0
2011-04-29,106756047.0
2011-05-06,108883940.0
2011-05-13,110115621.0
2011-05-20,109524545.0
2011-05-27,110003304.0
2011-06-03,110475326.0
2011-06-10,110450206.0
2011-06-17,111249062.0
2011-06-24,112479929.0
2011-07-01,114176464.0
2011-07-08,114386892.0
2011-07-15,114491763.0
2011-07-22,116495780.0
2011-07-29,117273714.0
2011-08-05,118873820.0
2011-08-12,121210900.0
2011-08-19,120618587.0
2011-08-26,119481777.0
2011-09-02,118590079.0
2011-09-09,117708987.0
2011-09-16,116700909.0
2011-09-23,117125834.0
2011-09-30,118873665.0
2011-10-07,114049749.0
2011-10-14,114158221.0
2011-10-21,109856206.0
2011-10-28,105283303.0
2011-11-04,105141274.0
2011-11-11,105142104.0
2011-11-18,104997096.0
2011-11-25,106556352.0
2011-12-02,104239318.0
2011-12-09,105605678.0
2011-12-16,106234229.0
2011-12-23,105024910.0
2011-12-30,99006322.0
2012-01-06,94898317.0
2012-01-13,92893459.0
2012-01-20,87838363.0
2012-01-27,87366429.0
2012-02-03,86965840.0
2012-02-10,86939817.0
2012-02-17,87707132.0
2012-02-24,87039097.0
2012-03-02,87253830.0
2012-03-09,87970534.0
2012-03-16,90375106.0
2012-03-23,91010875.0
2012-03-30,89398831.0
2012-04-06,89513008.0
2012-04-13,89892616.0
2012-04-20,88877048.0
2012-04-27,88462585.0
2012-05-04,87552776.0
2012-05-11,88361359.0
2012-05-18,88535968.0
2012-05-25,89149703.0
2012-06-01,88241797.0
2012-06-08,87508001.0
2012-06-15,87333343.0
2012-06-22,87839456.0
2012-06-29,90711459.0
2012-07-06,88255020.0
2012-07-13,88774742.0
2012-07-20,87438257.0
2012-07-27,88640458.0
2012-08-03,88271226.0
2012-08-10,87582326.0
2012-08-17,87508938.0
2012-08-24,88080822.0
2012-08-31,89460056.0
2012-09-07,89963669.0
2012-09-14,89808200.0
2012-09-21,89101136.0
2012-09-28,92113829.0
2012-10-05,92943238.0
2012-10-12,93263499.0
2012-10-19,92852741.0
2012-10-26,92243193.0
2012-11-02,93071389.0
2012-11-09,92355223.0
2012-11-16,92478980.0
2012-11-23,92806646.0
2012-11-30,92675549.0
2012-12-07,92793319.0
2012-12-14,94851792.0
2012-12-21,95615484.0
2012-12-28,95957575.0
2013-01-04,95160671.0
2013-01-11,94103570.0
2013-01-18,93020076.0
2013-01-25,93735468.8
2013-02-01,94364837.0
2013-02-08,95014054.0
2013-02-15,94355450.0
2013-02-22,95458274.0
2013-03-01,95323854.0
2013-03-08,95639643.0
2013-03-15,96129107.0
2013-03-22,96247213.0
2013-03-29,96530759.0
2013-04-05,95983981.0
2013-04-12,95332931.0
2013-04-19,98272767.0
2013-04-26,98745880.0
2013-05-03,97923968.0
2013-05-10,97750551.0
2013-05-17,98406658.0
2013-05-24,99892596.0
2013-05-31,100394687.0
2013-06-07,102131109.0
2013-06-14,101291085.0
2013-06-21,102934293.0
2013-06-28,101649152.0
2013-07-05,102034793.0
2013-07-12,95098276.0
2013-07-19,92879563.0
2013-07-26,96710304.0
2013-08-02,98297362.0
2013-08-09,97849348.0
2013-08-16,97919041.0
2013-08-23,99262991.0
2013-08-30,102254405.0
2013-09-06,102139266.0
2013-09-13,98989045.0
2013-09-20,94877549.0
2013-09-27,99593393.0
2013-10-04,97800551.0
2013-10-11,99153834.0
2013-10-18,99149226.0
2013-10-25,99156331.0
2013-11-01,99470756.0
2013-11-08,101155903.0
2013-11-15,104402381.0
2013-11-22,102925437.0
2013-11-29,103107157.0
2013-12-06,104041013.0
2013-12-13,103738988.0
2013-12-20,103753651.0
2013-12-27,101351286.0
2014-01-03,101526559.0
2014-01-10,101297915.0
2014-01-17,96937277.0
2014-01-24,90429031.0
2014-01-31,96019176.0
2014-02-07,89502001.0
2014-02-14,87999750.0
2014-02-21,90952454.0
2014-02-28,91576057.0
2014-03-07,91470383.0
2014-03-14,92343076.0
2014-03-21,91243407.0
2014-03-28,88553284.0
2014-04-04,84956978.0
2014-04-11,86153103.0
2014-04-18,86242047.0
2014-04-25,84980431.0
2014-05-02,83733625.0
2014-05-09,82977118.0
2014-05-16,82825968.0
2014-05-23,84129681.0
2014-05-30,85021258.0
2014-06-06,86265319.0
2014-06-13,85975375.0
2014-06-20,87441112.0
2014-06-27,90869810.0
2014-07-04,91756869.0
2014-07-11,91907639.0
2014-07-18,91531144.0
2014-07-25,90286964.0
2014-08-01,91676485.0
2014-08-08,92705554.0
2014-08-15,92766049.0
2014-08-22,93396263.0
2014-08-29,93256062.0
2014-09-05,93154083.0
2014-09-12,95031561.0
2014-09-19,95519634.0
2014-09-26,97744419.0
2014-10-03,99238180.0
2014-10-10,98847522.0
2014-10-17,98904705.0
2014-10-24,97217964.0
2014-10-31,97216050.0
2014-11-07,97503389.0
2014-11-14,97392071.0
2014-11-21,96638495.0
2014-11-28,97916085.0
2014-12-05,98228727.0
2014-12-12,99208160.0
2014-12-19,99136097.0
2014-12-26,98185822.0
2015-01-02,100816515.0
2015-01-09,99052086.0
2015-01-16,100541019.0
2015-01-23,102152835.0
2015-01-30,105179702.0
2015-02-06,106450292.0
2015-02-13,108074308.0
2015-02-20,103673979.0
2015-02-27,104353431.0
2015-03-06,108050407.0
2015-03-13,107417590.0
2015-03-20,97127531.0
2015-03-27,96171709.0
2015-04-03,94810703.0
2015-04-10,95380076.0
2015-04-17,100943689.0
2015-04-24,98472920.0
2015-05-01,97949220.0
2015-05-08,98777663.0
2015-05-15,95772511.0
2015-05-22,92072083.0
2015-05-29,95058245.0
2015-06-05,96022363.0
2015-06-12,97547295.0
2015-06-19,95317720.0
2015-06-26,92666086.0
2015-07-03,95789795.0
2015-07-10,94941962.0
2015-07-17,92686919.0
2015-07-24,93762048.0
2015-07-31,94881164.0
2015-08-07,94583130.0
2015-08-14,94349115.0
2015-08-21,99070062.0
2015-08-28,95978591.0
2015-09-04,97830336.0
2015-09-11,100479302.0
2015-09-18,97448486.0
2015-09-25,96305552.0
2015-10-02,95623946.0
2015-10-09,92964919.0
2015-10-16,90988280.0
2015-10-23,89139024.0
2015-10-30,92719811.0
2015-11-06,91630020.0
2015-11-13,91024665.0
2015-11-20,88359997.0
2015-11-27,90787639.0
2015-12-04,88302392.0
2015-12-11,88768556.0
2015-12-18,87014288.0
2015-12-25,85766353.0
2016-01-01,83660996.0
2016-01-08,86487247.0
2016-01-15,85374440.0
2016-01-22,85143302.0
2016-01-29,84175955.0
2016-02-05,81874832.0
2016-02-12,82267676.0
2016-02-19,80843218.0
2016-02-26,79236830.0
2016-03-04,78259074.0
2016-03-11,81381405.0
2016-03-18,77713899.0
2016-03-25,77357358.0
2016-04-01,77230315.0
2016-04-08,77632769.0
2016-04-15,77914579.0
2016-04-22,76038706.0
2016-04-29,77558845.0
2016-05-06,86882761.0
2016-05-13,89397249.0
2016-05-20,89316488.0
2016-05-27,88793493.0
2016-06-03,90470584.0
2016-06-10,92785870.0
2016-06-17,92939322.0
2016-06-24,91382864.0
2016-07-01,97210195.0
2016-07-08,97075237.0
2016-07-15,97844813.0
2016-07-22,103553890.0
2016-07-29,102397334.0
2016-08-05,102720579.0
2016-08-12,101222514.0
2016-08-19,100078170.0
2016-08-26,100761462.0
2016-09-02,101694513.0
2016-09-09,102576852.0
2016-09-16,102688655.0
2016-09-23,102281758.0
2016-09-30,98262043.0
2016-10-07,100204132.0
2016-10-14,101572381.0
2016-10-21,104512875.0
2016-10-28,108999916.0
2016-11-04,109717338.0
2016-11-11,113953141.0
2016-11-18,116960395.0
2016-11-25,121368731.0
2016-12-02,122609948.0
2016-12-09,120185301.0
2016-12-16,126913841.0
2016-12-23,124635363.0
2016-12-30,125027135.0
2017-01-06,131998853.0
2017-01-13,141794365.0
2017-01-20,135538175.0
2017-01-27,140789454.0
2017-02-03,135116674.0
2017-02-10,133889765.0
2017-02-17,120914219.0
2017-02-24,121999585.0
2017-03-03,120424317.0
2017-03-10,127449459.0
2017-03-17,121278183.0
2017-03-24,113288403.0
2017-03-31,110558714.0
2017-04-07,111970399.0
2017-04-14,109107533.0
2017-04-21,101080984.0
2017-04-28,99451379.0
2017-05-05,103271769.0
2017-05-12,105237297.0
2017-05-19,102615718.0
2017-05-26,101821213.0
2017-06-02,102966444.0
2017-06-09,102589701.0
2017-06-16,108581699.0
2017-06-23,105198044.0
2017-06-30,105153351.0
2017-07-07,109343178.0
2017-07-14,99526485.0
2017-07-21,98782920.0
2017-07-28,101229339.0
2017-08-04,102598524.0
2017-08-11,102050281.0
2017-08-18,100793845.0
2017-08-25,107600078.0
2017-09-01,108239094.0
2017-09-08,107842785.0
2017-09-15,109452915.0
2017-09-22,110032431.0
2017-09-29,117372485.0
2017-10-06,120985116.0
2017-10-13,124620774.0
2017-10-20,116658675.0
2017-10-27,128388652.0
2017-11-03,134032782.0
2017-11-10,139527180.0
2017-11-17,132492266.0
2017-11-24,140419792.0
2017-12-01,125572824.0
2017-12-08,131905179.0
2017-12-15,135550814.0
2017-12-22,125315940.0
2017-12-29,117736032.0
2018-01-05,126892848.0
2018-01-12,122240932.0
2018-01-19,128202722.0
2018-01-26,128474706.0
2018-02-02,127183442.0
2018-02-09,125811964.0
2018-02-16,122564923.0
2018-02-23,119989992.0
2018-03-02,122287494.0
2018-03-09,122706474.0
2018-03-16,120834012.0
2018-03-23,121052038.0
2018-03-30,117029837.0
2018-04-06,107587785.0
2018-04-13,125223733.0
2018-04-20,120030515.0
2018-04-27,129520889.0
2018-05-04,124390777.0
2018-05-11,138385251.0
2018-05-18,136021124.0
2018-05-25,140112630.0
2018-06-01,130835255.0
2018-06-08,135798410.0
2018-06-15,125965288.0
2018-06-22,143521610.0
2018-06-29,126229660.0
2018-07-06,129341036.0
2018-07-13,134244378.0
2018-07-20,136315629.0
2018-07-27,135192989.0
2018-08-03,150421254.0
2018-08-10,163472376.0
2018-08-17,166755326.0
2018-08-24,171187899.0
2018-08-31,171184739.0
2018-09-07,186210357.0
2018-09-14,179963877.0
2018-09-21,168635748.0
2018-09-28,160592061.0
2018-10-05,163956412.0
2018-10-12,152842077.0
2018-10-19,136780380.0
2018-10-26,152751344.0
2018-11-02,152304223.0
2018-11-09,148159350.0
2018-11-16,152542426.0
2018-11-23,147903426.0
2018-11-30,149087032.0
2018-12-07,156425449.0
2018-12-14,158467368.0
2018-12-21,153248823.0
2018-12-28,159352019.0
2019-01-04,159773254.0
2019-01-11,151572683.0
2019-01-18,155784563.0
2019-01-25,152778885.0
2019-02-01,165318381.0
2019-02-08,169107272.0
2019-02-15,171046331.0
2019-02-22,181193415.0
2019-03-01,187234531.0
2019-03-08,175078578.0
2019-03-15,155372160.0
2019-03-22,142157946.0
2019-03-29,164687798.0
2019-04-05,157289099.0
2019-04-12,162427491.0
2019-04-19,156259600.0
2019-04-26,152375576.0
2019-05-03,153949646.0
2019-05-10,165383319.0
2019-05-17,149279558.0
2019-05-24,162425243.0
2019-05-31,165375903.0
2019-06-07,166164417.0
2019-06-14,168486148.0
2019-06-21,162382353.0
2019-06-28,167205423.0
2019-07-05,168729186.0
2019-07-12,182635726.0
2019-07-19,180137253.0
2019-07-26,184020639.0
2019-08-02,179441827.0
2019-08-09,193375411.0
2019-08-16,192503382.0
2019-08-23,202526297.0
2019-08-30,203144412.0
2019-09-06,202324028.0
2019-09-13,198926577.0
2019-09-20,206582734.0
2019-09-27,202454873.0
2019-10-04,211152547.0
2019-10-11,215876924.0
2019-10-18,205193778.0
2019-10-25,202448439.0
2019-11-01,207181935.0
2019-11-08,199182383.0
2019-11-15,211299911.0
2019-11-22,213633094.0
2019-11-29,217735378.0
2019-12-06,219906580.0
2019-12-13,221457426.0
2019-12-20,235304216.0
2019-12-27,243910389.0
2020-01-03,243769705.0
2020-01-10,221065422.0
2020-01-17,222195242.0
2020-01-24,223455823.0
2020-01-31,220030068.0
2020-02-07,214704094.0
2020-02-14,227422371.0
2020-02-21,210128816.0
2020-02-28,234059592.0
2020-03-06,225948571.0
2020-03-13,213707325.0
2020-03-20,200267213.0
2020-03-27,210154127.0
2020-04-03,180948194.0
2020-04-10,177213118.0
2020-04-17,179122151.0
2020-04-24,175874625.0
2020-05-01,195129833.0
2020-05-08,187905960.0
2020-05-15,180003357.0
2020-05-22,217052258.0
2020-05-29,224648607.0
2020-06-05,212859656.0
2020-06-12,214601429.0
2020-06-19,215353247.0
2020-06-26,199031673.0
2020-07-03,206444377.0
2020-07-10,220430466.0
2020-07-17,212464004.0
2020-07-24,196442312.0
2020-07-31,183713535.0
2020-08-07,198029924.0
2020-08-14,210144783.0
2020-08-21,205859591.0
2020-08-28,169845091.0
2020-09-04,137418888.0
2020-09-11,149322844.0
2020-09-18,141476830.0
2020-09-25,129893102.0
2020-10-02,129289827.0
2020-10-09,134890834.0
2020-10-16,145746993.0
2020-10-23,165540699.0
2020-10-30,153746726.0
2020-11-06,165183704.0
2020-11-13,127963195.0
2020-11-20,141498506.0
2020-11-27,108407673.0
2020-12-04,122300007.0
2020-12-11,122472516.0
2020-12-18,132580567.0
2020-12-25,118321410.0
2021-01-01,100483725.0
2021-01-08,99096618.0
2021-01-15,84350736.0
2021-01-22,82147865.0
2021-01-29,101490254.0
2021-02-05,100001439.0
2021-02-12,94192051.0
2021-02-19,84462023.0
2021-02-26,100163593.0
2021-03-05,86249417.0
2021-03-12,81562105.0
2021-03-19,101979306.0
2021-03-26,101545716.0
2021-04-02,87247124.0
2021-04-09,80933092.0
2021-04-16,85287989.0
2021-04-23,92817291.0
2021-04-30,97807340.0
2021-05-07,100367792.0
2021-05-14,105396456.0
2021-05-21,113529475.0
2021-05-28,104880622.0
2021-06-04,126679277.0
2021-06-11,127312643.0
2021-06-18,159175280.0
2021-06-25,181101279.0
2021-07-02,177270810.0
2021-07-09,201983147.0
2021-07-16,207889771.0
2021-07-23,202511158.0
2021-07-30,209197431.0
2021-08-06,214728082.0
2021-08-13,206721144.0
2021-08-20,219401386.0
2021-08-27,221063642.0
2021-09-03,230185417.0
2021-09-10,244346296.0
2021-09-17,239596353.0
2021-09-24,263467121.0
2021-10-01,259991455.0
2021-10-08,262343160.0
2021-10-15,293621396.0
2021-10-22,301043507.0
2021-10-29,309505093.0
2021-11-05,308620441.0
2021-11-12,283701877.0
2021-11-19,269339958.0
2021-11-26,295997130.0
2021-12-03,301224948.0
2021-12-10,291007933.0
2021-12-17,185009181.0
2021-12-24,98788523.0
2021-12-31,108219096.0
2022-01-07,108359039.0
2022-01-14,102191665.0
2022-01-21,124609539.0
2022-01-28,143166186.0
2022-02-04,221360237.0
2022-02-11,214034928.0
2022-02-18,269382905.0
2022-02-25,258872645.0
2022-03-04,256100561.0
2022-03-11,233846914.0
2022-03-18,252309328.0
2022-03-25,236507703.0
2022-04-01,240064785.0
2022-04-08,269590517.0
2022-04-15,279134724.0
2022-04-22,251640377.0
2022-04-29,251397070.0
2022-05-06,222390501.0
2022-05-13,176993543.0
2022-05-20,152223298.0
2022-05-27,199511076.0
2022-06-03,172884800.0
2022-06-10,140203341.0
2022-06-17,127600671.0
2022-06-24,130637471.0
2022-07-01,125184709.0
2022-07-08,104817759.0
2022-07-15,110969784.0
2022-07-22,118105414.0
2022-07-29,163261090.0
2022-08-05,211824218.0
2022-08-12,281261933.0
2022-08-19,249441908.0
2022-08-26,228982769.0
2022-09-02,256039621.0
2022-09-09,256621401.0
2022-09-16,220556539.0
2022-09-23,177302733.0
2022-09-30,179900087.0
2022-10-07,230886163.0
2022-10-14,261478205.0
2022-10-21,214663172.0
2022-10-28,249925107.0
2022-11-04,270255331.0
2022-11-11,338707322.0
2022-11-18,348590049.0
2022-11-25,362915053.0
2022-12-02,430272695.0
2022-12-09,498205852.0
2022-12-16,523936576.0
2022-12-23,497410081.0
2022-12-30,514984319.0
2023-01-06,455489463.0
2023-01-13,466889616.0
2023-01-20,501578843.0
2023-01-27,484844233.0
2023-02-03,509093998.0
2023-02-10,459697691.0
2023-02-17,402962120.0
2023-02-24,380789546.0
2023-03-03,390262226.0
2023-03-10,353057192.0
2023-03-17,379267225.0
2023-03-24,360025144.0
2023-03-31,353625802.0
2023-04-07,264885281.0
2023-04-14,232594186.0
2023-04-21,160741918.0
2023-04-28,123478169.0
2023-05-05,131981696.0
2023-05-12,45455385.0
2023-05-19,-2989226.0
2023-05-26,-87663328.0
2023-06-02,-118235902.0
2023-06-09,-73944684.0
2023-06-16,11184097.0
2023-06-23,217102320.0
2023-06-30,253709124.0
2023-07-07,342902108.0
2023-07-14,345998933.0
2023-07-21,367874052.0
2023-07-28,293379923.0
2023-08-04,423621687.0
2023-08-11,425314553.0
2023-08-18,425614421.0
2023-08-25,388434280.0
2023-09-01,430765800.0
2023-09-08,436324451.0
2023-09-15,473247879.0
2023-09-22,648978676.0
2023-09-29,564926772.0
2023-10-06,570814239.0
2023-10-13,611121563.0
2023-10-20,630683902.0
2023-10-27,706651630.0
2023-11-03,700321800.0
2023-11-10,724641437.0
2023-11-17,830531495.0
2023-11-24,1030453722.0
2023-12-01,1002287610.0
2023-12-08,1101620947.0
2023-12-15,1077452179.0
2023-12-22,1166102262.0
2023-12-29,1027379437.0
2024-01-05,959541520.0
2024-01-12,883683834.0
2024-01-19,711548217.0
2024-01-26,927028480.0
2024-02-02,849794407.0
2024-02-09,879465279.0
2024-02-16,873607161.0
2024-02-23,694859720.0
2024-03-01,638871418.0
2024-03-08,662375442.0
2024-03-15,629138982.0
2024-03-22,491307141.0
2024-03-29,498568314.0
2024-04-05,628798138.0
2024-04-12,669739028.0
2024-04-19,488580699.0
2024-04-26,454945726.0
2024-05-03,681262677.0
2024-05-10,993371991.0
2024-05-17,1088195880.0
2024-05-24,1296889859.0
2024-05-31,1466034312.0
2024-06-07,1529231845.0
2024-06-14,1514728273.0
2024-06-21,1460793975.0
2024-06-28,1293851269.0
2024-07-05,1415662227.0
2024-07-12,1566843197.0
2024-07-19,1592127926.0
2024-07-26,1569748164.0
2024-08-02,1701908369.0
2024-08-09,1568765982.0
2024-08-16,1604360553.0
2024-08-23,1478854872.0
2024-08-30,1387014867.0
2024-09-06,1347561723.0
2024-09-13,1653491686.0
2024-09-20,1759153857.0
2024-09-27,1845288654.0
2024-10-04,1913333528.0
2024-10-11,1991523378.0
2024-10-18,2069385832.0
2024-10-25,2081850827.0
2024-11-01,2090360541.0
2024-11-08,2075677742.0
2024-11-15,2025725633.0
2024-11-22,2097350659.0
2024-11-29,2218602999.0
2024-12-06,2256445132.0
2024-12-13,2280086866.0
2024-12-20,2163797500.0
2024-12-27,2239483153.0
2025-01-03,2385594537.0
2025-01-10,2470941839.0
2025-01-17,2529953758.0
2025-01-24,2623171185.0
2025-01-31,2562390170.0
2025-02-07,2591908986.0
2025-02-14,2817155225.0
2025-02-21,2609049521.0
2025-02-28,2486991356.0
2025-03-07,2701371244.0
2025-03-14,2700242796.0
2025-03-21,2354360032.0
2025-03-28,2127337056.0
2025-04-04,1844013965.0
2025-04-11,1471966479.0
2025-04-18,1470330405.0
2025-04-25,1338474750.0
2025-05-02,1258321780.0
2025-05-09,1449060778.0
2025-05-16,1544856245.0
2025-05-23,1861070339.0
2025-05-30,1926358554.0
2025-06-06,2038139582.0
2025-06-13,2149028494.0
2025-06-20,1899988683.0
2025-06-27,1840730572.0
2025-07-04,2280155863.0
2025-07-11,2390288158.0
2025-07-18,2524616427.0
2025-07-25,2603310961.0
2025-08-01,2560356551.0
2025-08-08,2742097391.0
2025-08-15,2850125678.0
2025-08-22,2931836278.0
2025-08-29,3016834634.0
2025-09-05,2925621764.0
2025-09-12,2868332399.0
2025-09-19,2903202255.0
2025-09-26,3010334264.0
2025-10-03,3124944722.0
2025-10-10,3298723804.0
2025-10-17,3325792509.0
2025-10-24,2839699364.0
2025-10-31,2903680157.0
2025-11-07,3079285484.0
2025-11-14,3043395381.0
2025-11-21,2933639767.0
2025-11-28,3055023239.0
2025-12-05,3287412591.0
2025-12-12,3385956914.0
2025-12-19,3430939179.0
2025-12-26,3411442167.0
2026-01-02,3294203068.0
2026-01-09,3563716686.0
2026-01-16,3924054390.0
2026-01-23,4208626460.0
2026-01-30,4046632412.0
2026-02-06,3965869980.0
2026-02-13,4177026930.0
2026-02-20,3896402629.0
2026-02-27,4020112886.0
2026-03-06,3459525961.0
2026-03-13,3038345415.0
2026-03-20,2533482727.0
2026-03-27,1553491342.0
2026-04-03,2027832666.0
2026-04-10,2474380730.0
2026-04-17,2608241313.0
2026-04-24,2430218561.0
2026-05-01,2413781313.0
2026-05-08,2484427537.0
2026-05-15,2363620984.0
2026-05-22,2140997600.0
2026-05-29,2090224631.0
2026-06-05,2149443395.0
2026-06-12,2076313835.0
2026-06-19,2405391827.0
2026-06-26,2107506637.0
2026-07-03,2565422304.0
2026-07-10,2633083195.0
2026-07-17,2403359711.0
2026-07-24,2409957051.0
2026-07-31,2563594813.0
2026-08-07,2992063776.0
2026-08-14,3201634391.0
