dt,Tarih,TP_FG_T63,TP_FG_U63,UNIXTIME
1963-01-01,1963-1,99.5,,"{""numberLong"":""-220928400""}"
1963-02-01,1963-2,100.9,,"{""numberLong"":""-218250000""}"
1963-03-01,1963-3,101.8,,"{""numberLong"":""-215830800""}"
1963-04-01,1963-4,101.7,,"{""numberLong"":""-213152400""}"
1963-05-01,1963-5,100.4,,"{""numberLong"":""-210560400""}"
1963-06-01,1963-6,99.9,,"{""numberLong"":""-207882000""}"
1963-07-01,1963-7,97.9,,"{""numberLong"":""-205290000""}"
1963-08-01,1963-8,98.5,,"{""numberLong"":""-202611600""}"
1963-09-01,1963-9,98.5,,"{""numberLong"":""-199933200""}"
1963-10-01,1963-10,98.8,,"{""numberLong"":""-197341200""}"
1963-11-01,1963-11,99.8,,"{""numberLong"":""-194662800""}"
1963-12-01,1963-12,100.7,,"{""numberLong"":""-192070800""}"
1964-01-01,1964-1,101.5,101.5,"{""numberLong"":""-189392400""}"
1964-02-01,1964-2,101.7,101.9,"{""numberLong"":""-186714000""}"
1964-03-01,1964-3,100.5,101.5,"{""numberLong"":""-184208400""}"
1964-04-01,1964-4,99.7,102.1,"{""numberLong"":""-181530000""}"
1964-05-01,1964-5,99.0,101.9,"{""numberLong"":""-178938000""}"
1964-06-01,1964-6,98.4,101.4,"{""numberLong"":""-176259600""}"
1964-07-01,1964-7,98.3,101.1,"{""numberLong"":""-173667600""}"
1964-08-01,1964-8,97.3,101.0,"{""numberLong"":""-170989200""}"
1964-09-01,1964-9,97.3,103.2,"{""numberLong"":""-168310800""}"
1964-10-01,1964-10,97.6,102.9,"{""numberLong"":""-165718800""}"
1964-11-01,1964-11,97.4,103.6,"{""numberLong"":""-163040400""}"
1964-12-01,1964-12,98.9,104.2,"{""numberLong"":""-160448400""}"
1965-01-01,1965-1,100.7,105.0,"{""numberLong"":""-157770000""}"
1965-02-01,1965-2,100.8,105.6,"{""numberLong"":""-155091600""}"
1965-03-01,1965-3,100.5,105.6,"{""numberLong"":""-152672400""}"
1965-04-01,1965-4,101.2,107.0,"{""numberLong"":""-149994000""}"
1965-05-01,1965-5,103.1,107.0,"{""numberLong"":""-147402000""}"
1965-06-01,1965-6,102.9,109.0,"{""numberLong"":""-144723600""}"
1965-07-01,1965-7,103.3,111.1,"{""numberLong"":""-142131600""}"
1965-08-01,1965-8,104.7,109.6,"{""numberLong"":""-139453200""}"
1965-09-01,1965-9,105.1,109.0,"{""numberLong"":""-136774800""}"
1965-10-01,1965-10,105.6,109.5,"{""numberLong"":""-134182800""}"
1965-11-01,1965-11,107.9,110.6,"{""numberLong"":""-131504400""}"
1965-12-01,1965-12,109.1,111.6,"{""numberLong"":""-128912400""}"
1966-01-01,1966-1,110.1,113.2,"{""numberLong"":""-126234000""}"
1966-02-01,1966-2,111.0,113.5,"{""numberLong"":""-123555600""}"
1966-03-01,1966-3,110.4,113.7,"{""numberLong"":""-121136400""}"
1966-04-01,1966-4,111.6,113.6,"{""numberLong"":""-118458000""}"
1966-05-01,1966-5,111.7,113.2,"{""numberLong"":""-115866000""}"
1966-06-01,1966-6,109.8,112.6,"{""numberLong"":""-113187600""}"
1966-07-01,1966-7,109.9,111.7,"{""numberLong"":""-110595600""}"
1966-08-01,1966-8,111.0,111.8,"{""numberLong"":""-107917200""}"
1966-09-01,1966-9,111.9,112.4,"{""numberLong"":""-105238800""}"
1966-10-01,1966-10,113.1,112.7,"{""numberLong"":""-102646800""}"
1966-11-01,1966-11,113.4,113.8,"{""numberLong"":""-99968400""}"
1966-12-01,1966-12,114.0,115.2,"{""numberLong"":""-97376400""}"
1967-01-01,1967-1,116.3,117.5,"{""numberLong"":""-94698000""}"
1967-02-01,1967-2,117.8,119.5,"{""numberLong"":""-92019600""}"
1967-03-01,1967-3,118.0,120.9,"{""numberLong"":""-89600400""}"
1967-04-01,1967-4,119.3,120.9,"{""numberLong"":""-86922000""}"
1967-05-01,1967-5,119.2,121.3,"{""numberLong"":""-84330000""}"
1967-06-01,1967-6,118.4,120.1,"{""numberLong"":""-81651600""}"
1967-07-01,1967-7,116.3,118.9,"{""numberLong"":""-79059600""}"
1967-08-01,1967-8,116.6,117.9,"{""numberLong"":""-76381200""}"
1967-09-01,1967-9,117.2,118.7,"{""numberLong"":""-73702800""}"
1967-10-01,1967-10,119.1,120.2,"{""numberLong"":""-71110800""}"
1967-11-01,1967-11,118.9,121.6,"{""numberLong"":""-68432400""}"
1967-12-01,1967-12,119.0,122.1,"{""numberLong"":""-65840400""}"
1968-01-01,1968-1,119.7,122.8,"{""numberLong"":""-63162000""}"
1968-02-01,1968-2,119.4,123.2,"{""numberLong"":""-60483600""}"
1968-03-01,1968-3,119.3,122.9,"{""numberLong"":""-57978000""}"
1968-04-01,1968-4,120.2,123.9,"{""numberLong"":""-55299600""}"
1968-05-01,1968-5,119.7,123.4,"{""numberLong"":""-52707600""}"
1968-06-01,1968-6,121.3,125.5,"{""numberLong"":""-50029200""}"
1968-07-01,1968-7,121.5,125.2,"{""numberLong"":""-47437200""}"
1968-08-01,1968-8,122.1,125.1,"{""numberLong"":""-44758800""}"
1968-09-01,1968-9,122.6,125.7,"{""numberLong"":""-42080400""}"
1968-10-01,1968-10,123.5,126.5,"{""numberLong"":""-39488400""}"
1968-11-01,1968-11,125.2,127.6,"{""numberLong"":""-36810000""}"
1968-12-01,1968-12,125.6,127.8,"{""numberLong"":""-34218000""}"
1969-01-01,1969-1,126.9,127.9,"{""numberLong"":""-31539600""}"
1969-02-01,1969-2,128.0,128.3,"{""numberLong"":""-28861200""}"
1969-03-01,1969-3,129.9,129.1,"{""numberLong"":""-26442000""}"
1969-04-01,1969-4,131.5,130.6,"{""numberLong"":""-23763600""}"
1969-05-01,1969-5,133.0,131.0,"{""numberLong"":""-21171600""}"
1969-06-01,1969-6,132.4,131.4,"{""numberLong"":""-18493200""}"
1969-07-01,1969-7,132.0,131.5,"{""numberLong"":""-15901200""}"
1969-08-01,1969-8,132.5,130.8,"{""numberLong"":""-13222800""}"
1969-09-01,1969-9,131.7,131.2,"{""numberLong"":""-10544400""}"
1969-10-01,1969-10,133.0,132.4,"{""numberLong"":""-7952400""}"
1969-11-01,1969-11,135.5,134.6,"{""numberLong"":""-5274000""}"
1969-12-01,1969-12,136.3,135.9,"{""numberLong"":""-2682000""}"
1970-01-01,1970-1,136.7,136.2,"{""numberLong"":""-3600""}"
1970-02-01,1970-2,138.8,137.0,"{""numberLong"":""2674800""}"
1970-03-01,1970-3,139.2,137.3,"{""numberLong"":""5094000""}"
1970-04-01,1970-4,139.7,140.0,"{""numberLong"":""7772400""}"
1970-05-01,1970-5,139.2,140.9,"{""numberLong"":""10364400""}"
1970-06-01,1970-6,139.7,142.0,"{""numberLong"":""13042800""}"
1970-07-01,1970-7,138.2,141.8,"{""numberLong"":""15634800""}"
1970-08-01,1970-8,140.9,142.8,"{""numberLong"":""18313200""}"
1970-09-01,1970-9,146.2,147.6,"{""numberLong"":""20991600""}"
1970-10-01,1970-10,148.2,148.8,"{""numberLong"":""23583600""}"
1970-11-01,1970-11,149.3,150.7,"{""numberLong"":""26262000""}"
1970-12-01,1970-12,150.9,153.1,"{""numberLong"":""28854000""}"
1971-01-01,1971-1,152.8,155.2,"{""numberLong"":""31532400""}"
1971-02-01,1971-2,156.3,157.3,"{""numberLong"":""34210800""}"
1971-03-01,1971-3,156.7,159.9,"{""numberLong"":""36630000""}"
1971-04-01,1971-4,159.2,162.1,"{""numberLong"":""39308400""}"
1971-05-01,1971-5,160.2,162.7,"{""numberLong"":""41900400""}"
1971-06-01,1971-6,160.7,164.0,"{""numberLong"":""44578800""}"
1971-07-01,1971-7,167.5,169.1,"{""numberLong"":""47170800""}"
1971-08-01,1971-8,171.6,171.0,"{""numberLong"":""49849200""}"
1971-09-01,1971-9,174.3,173.4,"{""numberLong"":""52527600""}"
1971-10-01,1971-10,176.9,177.2,"{""numberLong"":""55119600""}"
1971-11-01,1971-11,179.9,179.7,"{""numberLong"":""57798000""}"
1971-12-01,1971-12,180.9,180.4,"{""numberLong"":""60390000""}"
1972-01-01,1972-1,184.3,181.4,"{""numberLong"":""63068400""}"
1972-02-01,1972-2,185.9,183.6,"{""numberLong"":""65746800""}"
1972-03-01,1972-3,187.6,183.6,"{""numberLong"":""68252400""}"
1972-04-01,1972-4,189.9,185.6,"{""numberLong"":""70930800""}"
1972-05-01,1972-5,190.7,186.4,"{""numberLong"":""73522800""}"
1972-06-01,1972-6,191.5,189.7,"{""numberLong"":""76201200""}"
1972-07-01,1972-7,195.4,190.3,"{""numberLong"":""78793200""}"
1972-08-01,1972-8,197.1,192.2,"{""numberLong"":""81471600""}"
1972-09-01,1972-9,195.9,194.1,"{""numberLong"":""84150000""}"
1972-10-01,1972-10,198.5,196.5,"{""numberLong"":""86742000""}"
1972-11-01,1972-11,199.0,198.0,"{""numberLong"":""89420400""}"
1972-12-01,1972-12,200.9,198.6,"{""numberLong"":""92012400""}"
1973-01-01,1973-1,205.0,200.8,"{""numberLong"":""94690800""}"
1973-02-01,1973-2,206.8,202.0,"{""numberLong"":""97369200""}"
1973-03-01,1973-3,209.9,203.9,"{""numberLong"":""99788400""}"
1973-04-01,1973-4,214.3,205.0,"{""numberLong"":""102466800""}"
1973-05-01,1973-5,218.9,209.6,"{""numberLong"":""105058800""}"
1973-06-01,1973-6,219.0,213.8,"{""numberLong"":""107737200""}"
1973-07-01,1973-7,223.3,217.0,"{""numberLong"":""110329200""}"
1973-08-01,1973-8,229.9,218.7,"{""numberLong"":""113007600""}"
1973-09-01,1973-9,238.1,224.7,"{""numberLong"":""115686000""}"
1973-10-01,1973-10,242.1,228.5,"{""numberLong"":""118278000""}"
1973-11-01,1973-11,245.4,232.3,"{""numberLong"":""120956400""}"
1973-12-01,1973-12,248.3,233.5,"{""numberLong"":""123548400""}"
1974-01-01,1974-1,261.7,236.0,"{""numberLong"":""126226800""}"
1974-02-01,1974-2,268.3,240.0,"{""numberLong"":""128905200""}"
1974-03-01,1974-3,281.9,251.0,"{""numberLong"":""131324400""}"
1974-04-01,1974-4,287.4,261.4,"{""numberLong"":""134002800""}"
1974-05-01,1974-5,294.0,263.4,"{""numberLong"":""136594800""}"
1974-06-01,1974-6,293.1,265.7,"{""numberLong"":""139273200""}"
1974-07-01,1974-7,294.9,271.7,"{""numberLong"":""141865200""}"
1974-08-01,1974-8,296.0,272.0,"{""numberLong"":""144543600""}"
1974-09-01,1974-9,300.2,278.2,"{""numberLong"":""147222000""}"
1974-10-01,1974-10,300.7,284.5,"{""numberLong"":""149814000""}"
1974-11-01,1974-11,306.3,290.4,"{""numberLong"":""152492400""}"
1974-12-01,1974-12,310.1,293.9,"{""numberLong"":""155084400""}"
1975-01-01,1975-1,320.6,297.7,"{""numberLong"":""157762800""}"
1975-02-01,1975-2,330.8,308.8,"{""numberLong"":""160441200""}"
1975-03-01,1975-3,334.9,314.5,"{""numberLong"":""162860400""}"
1975-04-01,1975-4,339.0,324.5,"{""numberLong"":""165538800""}"
1975-05-01,1975-5,341.6,324.2,"{""numberLong"":""168127200""}"
1975-06-01,1975-6,334.4,326.0,"{""numberLong"":""170805600""}"
1975-07-01,1975-7,328.0,325.2,"{""numberLong"":""173397600""}"
1975-08-01,1975-8,332.2,329.2,"{""numberLong"":""176076000""}"
1975-09-01,1975-9,331.6,331.9,"{""numberLong"":""178754400""}"
1975-10-01,1975-10,334.3,340.2,"{""numberLong"":""181346400""}"
1975-11-01,1975-11,338.9,345.7,"{""numberLong"":""184024800""}"
1975-12-01,1975-12,344.0,347.7,"{""numberLong"":""186620400""}"
1976-01-01,1976-1,353.9,354.8,"{""numberLong"":""189298800""}"
1976-02-01,1976-2,361.0,361.2,"{""numberLong"":""191977200""}"
1976-03-01,1976-3,364.9,365.3,"{""numberLong"":""194482800""}"
1976-04-01,1976-4,375.3,371.4,"{""numberLong"":""197161200""}"
1976-05-01,1976-5,381.5,375.3,"{""numberLong"":""199749600""}"
1976-06-01,1976-6,386.7,378.9,"{""numberLong"":""202428000""}"
1976-07-01,1976-7,394.0,374.7,"{""numberLong"":""205020000""}"
1976-08-01,1976-8,399.3,378.8,"{""numberLong"":""207698400""}"
1976-09-01,1976-9,408.2,389.0,"{""numberLong"":""210376800""}"
1976-10-01,1976-10,414.7,397.0,"{""numberLong"":""212968800""}"
1976-11-01,1976-11,420.5,411.2,"{""numberLong"":""215650800""}"
1976-12-01,1976-12,430.6,421.1,"{""numberLong"":""218242800""}"
1977-01-01,1977-1,436.7,435.3,"{""numberLong"":""220921200""}"
1977-02-01,1977-2,450.8,438.3,"{""numberLong"":""223599600""}"
1977-03-01,1977-3,459.1,442.6,"{""numberLong"":""226018800""}"
1977-04-01,1977-4,465.7,460.7,"{""numberLong"":""228697200""}"
1977-05-01,1977-5,472.3,470.8,"{""numberLong"":""231285600""}"
1977-06-01,1977-6,480.6,479.4,"{""numberLong"":""233964000""}"
1977-07-01,1977-7,487.1,479.3,"{""numberLong"":""236556000""}"
1977-08-01,1977-8,496.0,488.0,"{""numberLong"":""239234400""}"
1977-09-01,1977-9,524.5,525.2,"{""numberLong"":""241912800""}"
1977-10-01,1977-10,556.0,559.2,"{""numberLong"":""244508400""}"
1977-11-01,1977-11,581.8,596.4,"{""numberLong"":""247186800""}"
1977-12-01,1977-12,593.9,608.1,"{""numberLong"":""249778800""}"
1978-01-01,1978-1,618.0,622.0,"{""numberLong"":""252457200""}"
1978-02-01,1978-2,636.8,653.6,"{""numberLong"":""255135600""}"
1978-03-01,1978-3,672.2,679.8,"{""numberLong"":""257554800""}"
1978-04-01,1978-4,695.1,746.0,"{""numberLong"":""260233200""}"
1978-05-01,1978-5,721.6,804.6,"{""numberLong"":""262821600""}"
1978-06-01,1978-6,761.1,866.4,"{""numberLong"":""265500000""}"
1978-07-01,1978-7,775.0,887.7,"{""numberLong"":""268092000""}"
1978-08-01,1978-8,788.4,881.7,"{""numberLong"":""270770400""}"
1978-09-01,1978-9,832.7,941.6,"{""numberLong"":""273448800""}"
1978-10-01,1978-10,874.8,977.6,"{""numberLong"":""276044400""}"
1978-11-01,1978-11,904.2,1010.5,"{""numberLong"":""278722800""}"
1978-12-01,1978-12,945.3,1057.2,"{""numberLong"":""281314800""}"
1979-01-01,1979-1,981.3,1094.8,"{""numberLong"":""283993200""}"
1979-02-01,1979-2,1007.5,1116.8,"{""numberLong"":""286671600""}"
1979-03-01,1979-3,1086.7,1199.4,"{""numberLong"":""289090800""}"
1979-04-01,1979-4,1197.0,1268.9,"{""numberLong"":""291769200""}"
1979-05-01,1979-5,1260.0,1353.7,"{""numberLong"":""294357600""}"
1979-06-01,1979-6,1303.0,1456.0,"{""numberLong"":""297036000""}"
1979-07-01,1979-7,1387.0,1521.2,"{""numberLong"":""299628000""}"
1979-08-01,1979-8,1451.0,1636.2,"{""numberLong"":""302306400""}"
1979-09-01,1979-9,1498.5,1694.1,"{""numberLong"":""304984800""}"
1979-10-01,1979-10,1582.0,1788.8,"{""numberLong"":""307580400""}"
1979-11-01,1979-11,1622.0,1812.7,"{""numberLong"":""310258800""}"
1979-12-01,1979-12,1721.0,1885.2,"{""numberLong"":""312850800""}"
1980-01-01,1980-1,1842.0,2037.3,"{""numberLong"":""315529200""}"
1980-02-01,1980-2,2210.2,2276.5,"{""numberLong"":""318207600""}"
1980-03-01,1980-3,2340.7,2394.2,"{""numberLong"":""320713200""}"
1980-04-01,1980-4,2395.2,2468.5,"{""numberLong"":""323388000""}"
1980-05-01,1980-5,2481.0,2520.2,"{""numberLong"":""325980000""}"
1980-06-01,1980-6,2503.6,2596.7,"{""numberLong"":""328658400""}"
1980-07-01,1980-7,2551.8,2629.5,"{""numberLong"":""331250400""}"
1980-08-01,1980-8,2578.0,2660.0,"{""numberLong"":""333928800""}"
1980-09-01,1980-9,2701.0,2757.8,"{""numberLong"":""336607200""}"
1980-10-01,1980-10,2912.5,2914.4,"{""numberLong"":""339202800""}"
1980-11-01,1980-11,3038.0,2997.5,"{""numberLong"":""341881200""}"
1980-12-01,1980-12,3103.1,3045.8,"{""numberLong"":""344473200""}"
1981-01-01,1981-1,3164.5,3146.1,"{""numberLong"":""347151600""}"
1981-02-01,1981-2,3203.6,3178.9,"{""numberLong"":""349830000""}"
1981-03-01,1981-3,3162.0,3202.5,"{""numberLong"":""352249200""}"
1981-04-01,1981-4,3166.1,3238.4,"{""numberLong"":""354924000""}"
1981-05-01,1981-5,3246.4,3341.6,"{""numberLong"":""357516000""}"
1981-06-01,1981-6,3369.8,3490.0,"{""numberLong"":""360194400""}"
1981-07-01,1981-7,3450.4,3549.6,"{""numberLong"":""362786400""}"
1981-08-01,1981-8,3531.0,3612.4,"{""numberLong"":""365464800""}"
1981-09-01,1981-9,3655.8,3806.4,"{""numberLong"":""368143200""}"
1981-10-01,1981-10,3748.0,3914.0,"{""numberLong"":""370738800""}"
1981-11-01,1981-11,3785.0,3985.7,"{""numberLong"":""373417200""}"
1981-12-01,1981-12,3837.2,4064.8,"{""numberLong"":""376009200""}"
1982-01-01,1982-1,3950.8,4216.8,"{""numberLong"":""378687600""}"
1982-02-01,1982-2,4139.5,4412.0,"{""numberLong"":""381366000""}"
1982-03-01,1982-3,4212.8,4523.0,"{""numberLong"":""383785200""}"
1982-04-01,1982-4,4309.0,4652.2,"{""numberLong"":""386460000""}"
1982-05-01,1982-5,4362.3,4674.3,"{""numberLong"":""389052000""}"
1982-06-01,1982-6,4348.1,4756.9,"{""numberLong"":""391730400""}"
1982-07-01,1982-7,4410.5,4789.8,"{""numberLong"":""394322400""}"
1982-08-01,1982-8,4449.0,4721.0,"{""numberLong"":""397000800""}"
1982-09-01,1982-9,4524.0,4876.3,"{""numberLong"":""399679200""}"
1982-10-01,1982-10,4552.0,5043.6,"{""numberLong"":""402274800""}"
1982-11-01,1982-11,4641.8,5219.9,"{""numberLong"":""404953200""}"
1982-12-01,1982-12,4804.5,5321.6,"{""numberLong"":""407545200""}"
1983-01-01,1983-1,4956.0,5560.9,"{""numberLong"":""410223600""}"
1983-02-01,1983-2,5074.5,5596.1,"{""numberLong"":""412902000""}"
1983-03-01,1983-3,5184.4,5677.4,"{""numberLong"":""415321200""}"
1983-04-01,1983-4,5275.5,5746.7,"{""numberLong"":""417996000""}"
1983-05-01,1983-5,5357.0,5899.1,"{""numberLong"":""420588000""}"
1983-06-01,1983-6,5521.1,6024.8,"{""numberLong"":""423266400""}"
1983-07-01,1983-7,5617.1,6059.2,"{""numberLong"":""425858400""}"
1983-08-01,1983-8,5708.0,6112.2,"{""numberLong"":""428536800""}"
1983-09-01,1983-9,5893.0,6344.1,"{""numberLong"":""431215200""}"
1983-10-01,1983-10,6038.0,6562.9,"{""numberLong"":""433810800""}"
1983-11-01,1983-11,6233.6,6730.8,"{""numberLong"":""436489200""}"
1983-12-01,1983-12,6503.8,6979.9,"{""numberLong"":""439081200""}"
1984-01-01,1984-1,6886.2,7181.4,"{""numberLong"":""441759600""}"
1984-02-01,1984-2,7153.0,7376.9,"{""numberLong"":""444438000""}"
1984-03-01,1984-3,7304.6,7553.3,"{""numberLong"":""446943600""}"
1984-04-01,1984-4,7617.4,8175.5,"{""numberLong"":""449618400""}"
1984-05-01,1984-5,7962.4,8594.3,"{""numberLong"":""452210400""}"
1984-06-01,1984-6,8233.6,9004.4,"{""numberLong"":""454888800""}"
1984-07-01,1984-7,8263.1,9249.0,"{""numberLong"":""457480800""}"
1984-08-01,1984-8,8516.8,9325.3,"{""numberLong"":""460159200""}"
1984-09-01,1984-9,8777.5,9448.0,"{""numberLong"":""462837600""}"
1984-10-01,1984-10,9063.0,9640.2,"{""numberLong"":""465433200""}"
1984-11-01,1984-11,9270.4,9799.1,"{""numberLong"":""468111600""}"
1984-12-01,1984-12,9530.4,9945.2,"{""numberLong"":""470703600""}"
1985-01-01,1985-1,10239.3,10759.8,"{""numberLong"":""473382000""}"
1985-02-01,1985-2,10509.1,11200.2,"{""numberLong"":""476060400""}"
1985-03-01,1985-3,10756.8,11487.6,"{""numberLong"":""478479600""}"
1985-04-01,1985-4,10891.0,11777.9,"{""numberLong"":""481154400""}"
1985-05-01,1985-5,11388.0,12045.8,"{""numberLong"":""483746400""}"
1985-06-01,1985-6,11587.6,12278.1,"{""numberLong"":""486424800""}"
1985-07-01,1985-7,11692.9,12474.7,"{""numberLong"":""489016800""}"
1985-08-01,1985-8,11857.6,12767.8,"{""numberLong"":""491695200""}"
1985-09-01,1985-9,12107.3,13083.5,"{""numberLong"":""494373600""}"
1985-10-01,1985-10,12567.1,14046.1,"{""numberLong"":""496969200""}"
1985-11-01,1985-11,12971.4,14471.9,"{""numberLong"":""499647600""}"
1985-12-01,1985-12,13136.5,14422.2,"{""numberLong"":""502239600""}"
1986-01-01,1986-1,13551.0,14902.1,"{""numberLong"":""504918000""}"
1986-02-01,1986-2,13784.9,15214.0,"{""numberLong"":""507596400""}"
1986-03-01,1986-3,13928.7,15457.9,"{""numberLong"":""510015600""}"
1986-04-01,1986-4,14071.9,16087.7,"{""numberLong"":""512690400""}"
1986-05-01,1986-5,14425.6,16568.2,"{""numberLong"":""515282400""}"
1986-06-01,1986-6,14552.4,17014.2,"{""numberLong"":""517960800""}"
1986-07-01,1986-7,14786.1,17406.6,"{""numberLong"":""520552800""}"
1986-08-01,1986-8,14848.5,17284.2,"{""numberLong"":""523231200""}"
1986-09-01,1986-9,15111.8,17677.3,"{""numberLong"":""525909600""}"
1986-10-01,1986-10,15790.4,18420.8,"{""numberLong"":""528505200""}"
1986-11-01,1986-11,16449.3,19071.3,"{""numberLong"":""531183600""}"
1986-12-01,1986-12,17109.6,19434.6,"{""numberLong"":""533775600""}"
1987-01-01,1987-1,17833.9,20130.6,"{""numberLong"":""536454000""}"
1987-02-01,1987-2,18216.5,20428.1,"{""numberLong"":""539132400""}"
1987-03-01,1987-3,18617.1,21540.7,"{""numberLong"":""541551600""}"
1987-04-01,1987-4,19113.3,23013.6,"{""numberLong"":""544226400""}"
1987-05-01,1987-5,19804.7,23725.6,"{""numberLong"":""546818400""}"
1987-06-01,1987-6,20246.6,24359.7,"{""numberLong"":""549496800""}"
1987-07-01,1987-7,20847.9,24929.4,"{""numberLong"":""552088800""}"
1987-08-01,1987-8,21121.9,25400.4,"{""numberLong"":""554767200""}"
1987-09-01,1987-9,21747.4,25986.1,"{""numberLong"":""557445600""}"
1987-10-01,1987-10,22189.5,27507.6,"{""numberLong"":""560041200""}"
1987-11-01,1987-11,23260.8,28363.6,"{""numberLong"":""562719600""}"
1987-12-01,1987-12,25385.6,31035.1,"{""numberLong"":""565311600""}"
1988-01-01,1988-1,26737.7,32973.6,"{""numberLong"":""567990000""}"
1988-02-01,1988-2,28026.8,34838.8,"{""numberLong"":""570668400""}"
1988-03-01,1988-3,29423.7,37168.8,"{""numberLong"":""573174000""}"
1988-04-01,1988-4,30930.7,40797.0,"{""numberLong"":""575848800""}"
1988-05-01,1988-5,32131.0,42700.9,"{""numberLong"":""578440800""}"
1988-06-01,1988-6,32678.2,43481.6,"{""numberLong"":""581119200""}"
1988-07-01,1988-7,33100.7,44448.6,"{""numberLong"":""583711200""}"
1988-08-01,1988-8,34103.2,45237.2,"{""numberLong"":""586389600""}"
1988-09-01,1988-9,35037.7,46767.9,"{""numberLong"":""589068000""}"
1988-10-01,1988-10,37052.5,49501.3,"{""numberLong"":""591663600""}"
1988-11-01,1988-11,38584.1,52322.8,"{""numberLong"":""594342000""}"
1988-12-01,1988-12,40428.4,54552.2,"{""numberLong"":""596934000""}"
1989-01-01,1989-1,42119.3,56853.3,"{""numberLong"":""599612400""}"
1989-02-01,1989-2,43301.6,59694.0,"{""numberLong"":""602290800""}"
1989-03-01,1989-3,45056.4,62293.1,"{""numberLong"":""604710000""}"
1989-04-01,1989-4,48114.7,66229.2,"{""numberLong"":""607384800""}"
1989-05-01,1989-5,50587.1,69255.2,"{""numberLong"":""609976800""}"
1989-06-01,1989-6,52855.1,71326.4,"{""numberLong"":""612655200""}"
1989-07-01,1989-7,55068.5,75413.2,"{""numberLong"":""615247200""}"
1989-08-01,1989-8,57396.2,79647.9,"{""numberLong"":""617925600""}"
1989-09-01,1989-9,60524.9,83979.2,"{""numberLong"":""620604000""}"
1989-10-01,1989-10,63925.8,88144.5,"{""numberLong"":""623199600""}"
1989-11-01,1989-11,66583.3,90810.3,"{""numberLong"":""625878000""}"
1989-12-01,1989-12,68296.1,93698.6,"{""numberLong"":""628470000""}"
