dt,YEARWEEK,AB_TOPLAM,AB_C1,AB_C2,UNIXTIME
1987-12-04,1987-49,,,,"{""numberLong"":""565570800""}"
1987-12-11,1987-50,,,,"{""numberLong"":""566175600""}"
1987-12-18,1987-51,,,,"{""numberLong"":""566780400""}"
1987-12-25,1987-52,2740.0,1234.0,1506.0,"{""numberLong"":""567385200""}"
1988-01-01,1988-1,,,,"{""numberLong"":""567990000""}"
1988-01-08,1988-2,2621.9,1232.0,1389.9,"{""numberLong"":""568594800""}"
1988-01-15,1988-3,2844.9,1231.2,1613.7,"{""numberLong"":""569199600""}"
1988-01-22,1988-4,2958.5,1230.1,1728.4,"{""numberLong"":""569804400""}"
1988-01-29,1988-5,2901.8,1228.5,1673.3,"{""numberLong"":""570409200""}"
1988-02-05,1988-6,2811.0,1227.3,1583.7,"{""numberLong"":""571014000""}"
1988-02-12,1988-7,2872.9,1217.5,1655.4,"{""numberLong"":""571618800""}"
1988-02-19,1988-8,2831.0,1216.5,1614.5,"{""numberLong"":""572223600""}"
1988-02-26,1988-9,2884.3,1215.8,1668.5,"{""numberLong"":""572828400""}"
1988-03-04,1988-10,2816.4,1227.7,1588.7,"{""numberLong"":""573433200""}"
1988-03-11,1988-11,2991.8,1226.4,1765.4,"{""numberLong"":""574038000""}"
1988-03-18,1988-12,3263.6,1535.7,1727.9,"{""numberLong"":""574642800""}"
1988-03-25,1988-13,3178.3,1535.0,1643.3,"{""numberLong"":""575247600""}"
1988-04-01,1988-14,3128.1,1534.7,1593.4,"{""numberLong"":""575848800""}"
1988-04-08,1988-15,3082.1,1533.9,1548.2,"{""numberLong"":""576453600""}"
1988-04-15,1988-16,3119.8,1533.5,1586.3,"{""numberLong"":""577058400""}"
1988-04-22,1988-17,3201.2,1532.7,1668.5,"{""numberLong"":""577663200""}"
1988-04-29,1988-18,3197.9,1532.1,1665.8,"{""numberLong"":""578268000""}"
1988-05-06,1988-19,3116.4,1532.0,1584.4,"{""numberLong"":""578872800""}"
1988-05-13,1988-20,3419.9,1531.9,1888.0,"{""numberLong"":""579477600""}"
1988-05-20,1988-21,3389.9,1534.3,1855.6,"{""numberLong"":""580082400""}"
1988-05-27,1988-22,3348.1,1531.6,1816.5,"{""numberLong"":""580687200""}"
1988-06-03,1988-23,3048.9,1531.6,1517.3,"{""numberLong"":""581292000""}"
1988-06-10,1988-24,3240.0,1531.4,1708.6,"{""numberLong"":""581896800""}"
1988-06-17,1988-25,3260.5,1531.3,1729.2,"{""numberLong"":""582501600""}"
1988-06-24,1988-26,3336.1,1531.1,1805.0,"{""numberLong"":""583106400""}"
1988-07-01,1988-27,3454.7,1530.8,1923.9,"{""numberLong"":""583711200""}"
1988-07-08,1988-28,3342.7,1530.5,1812.2,"{""numberLong"":""584316000""}"
1988-07-15,1988-29,3103.1,1530.4,1572.7,"{""numberLong"":""584920800""}"
1988-07-22,1988-30,3159.5,1530.0,1629.5,"{""numberLong"":""585525600""}"
1988-07-29,1988-31,3089.7,1529.9,1559.8,"{""numberLong"":""586130400""}"
1988-08-05,1988-32,3136.7,1529.4,1607.3,"{""numberLong"":""586735200""}"
1988-08-12,1988-33,3162.5,1536.5,1626.0,"{""numberLong"":""587340000""}"
1988-08-19,1988-34,3128.4,1535.9,1592.5,"{""numberLong"":""587944800""}"
1988-08-26,1988-35,3089.7,1535.7,1554.0,"{""numberLong"":""588549600""}"
1988-09-02,1988-36,2994.2,1535.6,1458.6,"{""numberLong"":""589154400""}"
1988-09-09,1988-37,3199.4,1535.1,1664.3,"{""numberLong"":""589759200""}"
1988-09-16,1988-38,3103.4,1534.8,1568.6,"{""numberLong"":""590364000""}"
1988-09-23,1988-39,3195.2,1534.4,1660.8,"{""numberLong"":""590968800""}"
1988-09-30,1988-40,3517.2,1534.0,1983.2,"{""numberLong"":""591577200""}"
1988-10-07,1988-41,3609.8,1533.7,2076.1,"{""numberLong"":""592182000""}"
1988-10-14,1988-42,3642.3,1533.7,2108.6,"{""numberLong"":""592786800""}"
1988-10-21,1988-43,3652.0,1533.4,2118.6,"{""numberLong"":""593391600""}"
1988-10-28,1988-44,3668.0,1533.2,2134.8,"{""numberLong"":""593996400""}"
1988-11-04,1988-45,3747.8,1532.2,2215.6,"{""numberLong"":""594601200""}"
1988-11-11,1988-46,4025.9,1532.1,2493.8,"{""numberLong"":""595206000""}"
1988-11-18,1988-47,4017.3,1533.0,2484.3,"{""numberLong"":""595810800""}"
1988-11-25,1988-48,4032.1,1532.9,2499.2,"{""numberLong"":""596415600""}"
1988-12-02,1988-49,3993.5,1532.7,2460.8,"{""numberLong"":""597020400""}"
1988-12-09,1988-50,3984.6,1532.4,2452.2,"{""numberLong"":""597625200""}"
1988-12-16,1988-51,3899.7,1532.1,2367.6,"{""numberLong"":""598230000""}"
1988-12-23,1988-52,4011.5,1532.0,2479.5,"{""numberLong"":""598834800""}"
1988-12-30,1988-53,3846.9,1531.9,2315.0,"{""numberLong"":""599439600""}"
1989-01-06,1989-1,4012.1,1531.9,2480.2,"{""numberLong"":""600044400""}"
1989-01-13,1989-2,3933.9,1531.7,2402.2,"{""numberLong"":""600649200""}"
1989-01-20,1989-3,3867.3,1531.1,2336.2,"{""numberLong"":""601254000""}"
1989-01-27,1989-4,3853.6,1531.1,2322.5,"{""numberLong"":""601858800""}"
1989-02-03,1989-5,3872.6,1530.7,2341.9,"{""numberLong"":""602463600""}"
1989-02-10,1989-6,4008.2,1530.5,2477.7,"{""numberLong"":""603068400""}"
1989-02-17,1989-7,4049.8,1521.8,2528.0,"{""numberLong"":""603673200""}"
1989-02-24,1989-8,4008.8,1521.0,2487.8,"{""numberLong"":""604278000""}"
1989-03-03,1989-9,3787.7,1519.4,2268.3,"{""numberLong"":""604882800""}"
1989-03-10,1989-10,3835.0,1366.2,2468.8,"{""numberLong"":""605487600""}"
1989-03-17,1989-11,3652.7,1366.3,2286.4,"{""numberLong"":""606092400""}"
1989-03-24,1989-12,3438.7,1367.7,2071.0,"{""numberLong"":""606697200""}"
1989-03-31,1989-13,3403.4,1383.3,2020.1,"{""numberLong"":""607298400""}"
1989-04-07,1989-14,3534.4,1384.0,2150.4,"{""numberLong"":""607903200""}"
1989-04-14,1989-15,3642.9,1378.0,2264.9,"{""numberLong"":""608508000""}"
1989-04-21,1989-16,3601.5,1375.5,2226.0,"{""numberLong"":""609112800""}"
1989-04-28,1989-17,3715.8,1384.8,2331.0,"{""numberLong"":""609717600""}"
1989-05-05,1989-18,3941.9,1372.8,2569.1,"{""numberLong"":""610322400""}"
1989-05-12,1989-19,3833.0,1379.8,2453.2,"{""numberLong"":""610927200""}"
1989-05-19,1989-20,,,,"{""numberLong"":""611532000""}"
1989-05-26,1989-21,3552.0,1355.9,2196.1,"{""numberLong"":""612136800""}"
1989-06-02,1989-22,3594.3,1355.9,2238.4,"{""numberLong"":""612741600""}"
1989-06-09,1989-23,3895.3,1355.8,2539.5,"{""numberLong"":""613346400""}"
1989-06-16,1989-24,4047.1,1354.9,2692.2,"{""numberLong"":""613951200""}"
1989-06-23,1989-25,4363.0,1420.5,2942.5,"{""numberLong"":""614556000""}"
1989-06-30,1989-26,4014.3,1353.8,2660.5,"{""numberLong"":""615160800""}"
1989-07-07,1989-27,4117.9,1353.7,2764.2,"{""numberLong"":""615765600""}"
1989-07-14,1989-28,4141.7,1353.8,2787.9,"{""numberLong"":""616370400""}"
1989-07-21,1989-29,4059.5,1353.8,2705.7,"{""numberLong"":""616975200""}"
1989-07-28,1989-30,4289.4,1353.8,2935.6,"{""numberLong"":""617580000""}"
1989-08-04,1989-31,4440.4,1353.8,3086.6,"{""numberLong"":""618184800""}"
1989-08-11,1989-32,4559.4,1353.8,3205.6,"{""numberLong"":""618789600""}"
1989-08-18,1989-33,4444.6,1354.2,3090.4,"{""numberLong"":""619394400""}"
1989-08-25,1989-34,4459.8,1354.3,3105.5,"{""numberLong"":""619999200""}"
1989-09-01,1989-35,4432.7,1355.4,3077.3,"{""numberLong"":""620604000""}"
1989-09-08,1989-36,4691.5,1355.8,3335.7,"{""numberLong"":""621208800""}"
1989-09-15,1989-37,4808.9,1356.4,3452.5,"{""numberLong"":""621813600""}"
1989-09-22,1989-38,5022.5,1356.8,3665.7,"{""numberLong"":""622418400""}"
1989-09-29,1989-39,5021.2,1356.4,3664.8,"{""numberLong"":""623026800""}"
1989-10-06,1989-40,5337.9,1356.4,3981.5,"{""numberLong"":""623631600""}"
1989-10-13,1989-41,5390.4,1356.4,4034.0,"{""numberLong"":""624236400""}"
1989-10-20,1989-42,5402.3,1356.4,4045.9,"{""numberLong"":""624841200""}"
1989-10-27,1989-43,5653.3,1353.8,4299.5,"{""numberLong"":""625446000""}"
1989-11-03,1989-44,5513.4,1353.8,4159.6,"{""numberLong"":""626050800""}"
1989-11-10,1989-45,5699.1,1353.8,4345.3,"{""numberLong"":""626655600""}"
1989-11-17,1989-46,5675.9,1353.8,4322.1,"{""numberLong"":""627260400""}"
1989-11-24,1989-47,5962.4,1364.1,4598.3,"{""numberLong"":""627865200""}"
1989-12-01,1989-48,5780.5,1353.8,4426.7,"{""numberLong"":""628470000""}"
1989-12-08,1989-49,5950.3,1353.8,4596.5,"{""numberLong"":""629074800""}"
1989-12-15,1989-50,6003.2,1353.8,4649.4,"{""numberLong"":""629679600""}"
1989-12-22,1989-51,6067.9,1353.8,4714.1,"{""numberLong"":""630284400""}"
1989-12-29,1989-52,6105.4,1353.8,4751.6,"{""numberLong"":""630889200""}"
1990-01-05,1990-1,5890.3,1353.8,4536.5,"{""numberLong"":""631494000""}"
1990-01-12,1990-2,6199.4,1365.7,4833.7,"{""numberLong"":""632098800""}"
1990-01-19,1990-3,6338.3,1365.6,4972.7,"{""numberLong"":""632703600""}"
1990-01-26,1990-4,6431.4,1366.2,5065.2,"{""numberLong"":""633308400""}"
1990-02-02,1990-5,6284.6,1365.6,4919.0,"{""numberLong"":""633913200""}"
1990-02-09,1990-6,6540.0,1365.6,5174.4,"{""numberLong"":""634518000""}"
1990-02-16,1990-7,6531.7,1365.6,5166.1,"{""numberLong"":""635122800""}"
1990-02-23,1990-8,6694.2,1365.6,5328.6,"{""numberLong"":""635727600""}"
1990-03-02,1990-9,6659.3,1368.0,5291.3,"{""numberLong"":""636332400""}"
1990-03-09,1990-10,6667.9,1377.5,5290.4,"{""numberLong"":""636937200""}"
1990-03-16,1990-11,6754.9,1396.5,5358.4,"{""numberLong"":""637542000""}"
1990-03-23,1990-12,6534.5,1396.5,5138.0,"{""numberLong"":""638146800""}"
1990-03-30,1990-13,6415.8,1420.0,4995.8,"{""numberLong"":""638748000""}"
1990-04-06,1990-14,6178.4,1417.1,4761.3,"{""numberLong"":""639352800""}"
1990-04-13,1990-15,6338.4,1420.1,4918.3,"{""numberLong"":""639957600""}"
1990-04-20,1990-16,6570.0,1420.0,5150.0,"{""numberLong"":""640562400""}"
1990-04-27,1990-17,6557.48,1419.9,5137.58,"{""numberLong"":""641167200""}"
1990-05-04,1990-18,6458.8,1420.1,5038.7,"{""numberLong"":""641772000""}"
1990-05-11,1990-19,6685.9,1428.8,5257.1,"{""numberLong"":""642376800""}"
1990-05-18,1990-20,6686.6,1431.7,5254.9,"{""numberLong"":""642981600""}"
1990-05-25,1990-21,6643.0,1434.6,5208.4,"{""numberLong"":""643586400""}"
1990-06-01,1990-22,6703.0,1446.5,5256.5,"{""numberLong"":""644191200""}"
1990-06-08,1990-23,6726.9,1446.6,5280.3,"{""numberLong"":""644796000""}"
1990-06-15,1990-24,6924.8,1458.3,5466.5,"{""numberLong"":""645400800""}"
1990-06-22,1990-25,7095.0,1478.9,5616.1,"{""numberLong"":""646005600""}"
1990-06-29,1990-26,7163.5,1478.9,5684.6,"{""numberLong"":""646610400""}"
1990-07-06,1990-27,,,,"{""numberLong"":""647215200""}"
1990-07-13,1990-28,7316.7,1490.6,5826.1,"{""numberLong"":""647820000""}"
1990-07-20,1990-29,7366.7,1502.3,5864.4,"{""numberLong"":""648424800""}"
1990-07-27,1990-30,7458.7,1457.9,6000.8,"{""numberLong"":""649029600""}"
1990-08-03,1990-31,7496.1,1469.7,6026.4,"{""numberLong"":""649634400""}"
1990-08-10,1990-32,7720.4,1469.7,6250.7,"{""numberLong"":""650239200""}"
1990-08-17,1990-33,7991.4,1458.0,6533.4,"{""numberLong"":""650844000""}"
1990-08-24,1990-34,8157.3,1458.0,6699.3,"{""numberLong"":""651448800""}"
1990-08-31,1990-35,7967.3,1458.2,6509.1,"{""numberLong"":""652053600""}"
1990-09-07,1990-36,7945.5,1458.2,6487.3,"{""numberLong"":""652658400""}"
1990-09-14,1990-37,8001.8,1470.0,6531.8,"{""numberLong"":""653263200""}"
1990-09-21,1990-38,7878.5,1458.1,6420.4,"{""numberLong"":""653868000""}"
1990-09-28,1990-39,7821.9,1469.8,6352.1,"{""numberLong"":""654472800""}"
1990-10-05,1990-40,7855.6,1457.9,6397.7,"{""numberLong"":""655081200""}"
1990-10-12,1990-41,7967.4,1470.0,6497.4,"{""numberLong"":""655686000""}"
1990-10-19,1990-42,8080.5,1481.8,6598.7,"{""numberLong"":""656290800""}"
1990-10-26,1990-43,7966.8,1481.9,6484.9,"{""numberLong"":""656895600""}"
1990-11-02,1990-44,7729.5,1469.8,6259.7,"{""numberLong"":""657500400""}"
1990-11-09,1990-45,7665.4,1469.8,6195.6,"{""numberLong"":""658105200""}"
1990-11-16,1990-46,7909.2,1457.3,6451.9,"{""numberLong"":""658710000""}"
1990-11-23,1990-47,7968.6,1469.0,6499.6,"{""numberLong"":""659314800""}"
1990-11-30,1990-48,7817.0,1468.7,6348.3,"{""numberLong"":""659919600""}"
1990-12-07,1990-49,7830.6,1468.7,6361.9,"{""numberLong"":""660524400""}"
1990-12-14,1990-50,7878.0,1474.6,6403.4,"{""numberLong"":""661129200""}"
1990-12-21,1990-51,7792.3,1468.6,6323.7,"{""numberLong"":""661734000""}"
1990-12-28,1990-52,7537.9,1468.2,6069.7,"{""numberLong"":""662338800""}"
1991-01-04,1991-1,7226.7,1468.2,5758.5,"{""numberLong"":""662943600""}"
1991-01-11,1991-2,7063.0,1480.2,5582.8,"{""numberLong"":""663548400""}"
1991-01-18,1991-3,6779.2,1467.5,5311.7,"{""numberLong"":""664153200""}"
1991-01-25,1991-4,6679.7,1467.4,5212.3,"{""numberLong"":""664758000""}"
1991-02-01,1991-5,6117.5,1467.4,4650.1,"{""numberLong"":""665362800""}"
1991-02-08,1991-6,5795.7,1467.6,4328.1,"{""numberLong"":""665967600""}"
1991-02-15,1991-7,5748.4,1467.7,4280.7,"{""numberLong"":""666572400""}"
1991-02-22,1991-8,5799.7,1467.7,4332.0,"{""numberLong"":""667177200""}"
1991-03-01,1991-9,5659.0,1467.4,4191.6,"{""numberLong"":""667782000""}"
1991-03-08,1991-10,5778.7,1467.4,4311.3,"{""numberLong"":""668386800""}"
1991-03-15,1991-11,5553.1,1467.4,4085.7,"{""numberLong"":""668991600""}"
1991-03-22,1991-12,5475.1,1467.4,4007.7,"{""numberLong"":""669596400""}"
1991-03-29,1991-13,5196.3,1479.3,3717.0,"{""numberLong"":""670201200""}"
1991-04-05,1991-14,5232.9,1467.4,3765.5,"{""numberLong"":""670802400""}"
1991-04-12,1991-15,5695.7,1467.6,4228.1,"{""numberLong"":""671407200""}"
1991-04-19,1991-16,5753.2,1467.6,4285.6,"{""numberLong"":""672012000""}"
1991-04-26,1991-17,5649.9,1467.6,4182.3,"{""numberLong"":""672616800""}"
1991-05-03,1991-18,5588.1,1461.7,4126.4,"{""numberLong"":""673221600""}"
1991-05-10,1991-19,5682.3,1456.0,4226.3,"{""numberLong"":""673826400""}"
1991-05-17,1991-20,5676.3,1456.0,4220.3,"{""numberLong"":""674431200""}"
1991-05-24,1991-21,5845.8,1456.1,4389.7,"{""numberLong"":""675036000""}"
1991-05-31,1991-22,6021.3,1468.0,4553.3,"{""numberLong"":""675640800""}"
1991-06-07,1991-23,6318.0,1456.1,4861.9,"{""numberLong"":""676245600""}"
1991-06-14,1991-24,6375.2,1456.1,4919.1,"{""numberLong"":""676850400""}"
1991-06-21,1991-25,6547.6,1444.3,5103.3,"{""numberLong"":""677455200""}"
1991-06-28,1991-26,6519.8,1468.0,5051.8,"{""numberLong"":""678060000""}"
1991-07-05,1991-27,6223.8,1468.1,4755.7,"{""numberLong"":""678664800""}"
1991-07-12,1991-28,6290.9,1456.3,4834.6,"{""numberLong"":""679269600""}"
1991-07-19,1991-29,6261.0,1468.8,4792.2,"{""numberLong"":""679874400""}"
1991-07-26,1991-30,6419.2,1480.7,4938.5,"{""numberLong"":""680479200""}"
1991-08-02,1991-31,6432.1,1480.7,4951.4,"{""numberLong"":""681084000""}"
1991-08-09,1991-32,6710.0,1492.6,5217.4,"{""numberLong"":""681688800""}"
1991-08-16,1991-33,6487.2,1492.5,4994.7,"{""numberLong"":""682293600""}"
1991-08-23,1991-34,6424.5,1504.4,4920.1,"{""numberLong"":""682898400""}"
1991-08-30,1991-35,6414.98,1504.32,4910.66,"{""numberLong"":""683503200""}"
1991-09-06,1991-36,6535.0,1504.4,5030.6,"{""numberLong"":""684108000""}"
1991-09-13,1991-37,6619.3,1516.3,5103.0,"{""numberLong"":""684712800""}"
1991-09-20,1991-38,6466.9,1516.3,4950.6,"{""numberLong"":""685317600""}"
1991-09-27,1991-39,6461.0,1504.5,4956.5,"{""numberLong"":""685922400""}"
1991-10-04,1991-40,6545.1,1499.0,5046.1,"{""numberLong"":""686530800""}"
1991-10-11,1991-41,6312.9,1493.1,4819.8,"{""numberLong"":""687135600""}"
1991-10-18,1991-42,6108.0,1499.1,4608.9,"{""numberLong"":""687740400""}"
1991-10-25,1991-43,6003.2,1493.1,4510.1,"{""numberLong"":""688345200""}"
1991-11-01,1991-44,6176.2,1499.1,4677.1,"{""numberLong"":""688950000""}"
1991-11-08,1991-45,6350.9,1499.0,4851.9,"{""numberLong"":""689554800""}"
1991-11-15,1991-46,6372.8,1499.2,4873.6,"{""numberLong"":""690159600""}"
1991-11-22,1991-47,6399.8,1481.4,4918.4,"{""numberLong"":""690764400""}"
1991-11-29,1991-48,6376.5,1475.5,4901.0,"{""numberLong"":""691369200""}"
1991-12-06,1991-49,6480.8,1481.4,4999.4,"{""numberLong"":""691970400""}"
1991-12-13,1991-50,6570.0,1484.4,5085.6,"{""numberLong"":""692578800""}"
1991-12-20,1991-51,6534.8,1493.3,5041.5,"{""numberLong"":""693183600""}"
1991-12-27,1991-52,6599.5,1493.3,5106.2,"{""numberLong"":""693788400""}"
1992-01-03,1992-1,6306.2,1493.3,4812.9,"{""numberLong"":""694393200""}"
1992-01-10,1992-2,6243.3,1505.2,4738.1,"{""numberLong"":""694998000""}"
1992-01-17,1992-3,5915.6,1499.2,4416.4,"{""numberLong"":""695602800""}"
1992-01-24,1992-4,6249.0,1505.2,4743.8,"{""numberLong"":""696207600""}"
1992-01-31,1992-5,6213.5,1508.2,4705.3,"{""numberLong"":""696812400""}"
1992-02-07,1992-6,6339.8,1493.4,4846.4,"{""numberLong"":""697417200""}"
1992-02-14,1992-7,6249.9,1493.4,4756.5,"{""numberLong"":""698022000""}"
1992-02-21,1992-8,5994.8,1508.2,4486.6,"{""numberLong"":""698626800""}"
1992-02-28,1992-9,5763.8,1514.5,4249.3,"{""numberLong"":""699231600""}"
1992-03-06,1992-10,5598.9,1511.7,4087.2,"{""numberLong"":""699836400""}"
1992-03-13,1992-11,5387.7,1508.8,3878.9,"{""numberLong"":""700441200""}"
1992-03-20,1992-12,5294.0,1532.6,3761.4,"{""numberLong"":""701046000""}"
1992-03-27,1992-13,5164.7,1532.6,3632.1,"{""numberLong"":""701650800""}"
1992-04-03,1992-14,5300.7,1532.6,3768.1,"{""numberLong"":""702252000""}"
1992-04-10,1992-15,5044.0,1532.6,3511.4,"{""numberLong"":""702856800""}"
1992-04-17,1992-16,4971.7,1532.6,3439.1,"{""numberLong"":""703461600""}"
1992-04-24,1992-17,4838.4,1532.6,3305.8,"{""numberLong"":""704066400""}"
1992-05-01,1992-18,4887.4,1532.6,3354.8,"{""numberLong"":""704671200""}"
1992-05-08,1992-19,4956.7,1532.6,3424.1,"{""numberLong"":""705276000""}"
1992-05-15,1992-20,4790.0,1532.6,3257.4,"{""numberLong"":""705880800""}"
1992-05-22,1992-21,4731.8,1532.6,3199.2,"{""numberLong"":""706485600""}"
1992-05-29,1992-22,5123.8,1532.6,3591.2,"{""numberLong"":""707090400""}"
1992-06-05,1992-23,5187.4,1532.6,3654.8,"{""numberLong"":""707695200""}"
1992-06-12,1992-24,5187.4,1532.6,3654.8,"{""numberLong"":""708300000""}"
1992-06-19,1992-25,5359.3,1532.6,3826.7,"{""numberLong"":""708904800""}"
1992-06-26,1992-26,5906.7,1532.6,4374.1,"{""numberLong"":""709509600""}"
1992-07-03,1992-27,5970.3,1532.5,4437.8,"{""numberLong"":""710114400""}"
1992-07-10,1992-28,6090.3,1520.6,4569.7,"{""numberLong"":""710719200""}"
1992-07-17,1992-29,6221.6,1505.7,4715.9,"{""numberLong"":""711324000""}"
1992-07-24,1992-30,6233.7,1493.8,4739.9,"{""numberLong"":""711928800""}"
1992-07-31,1992-31,6584.9,1493.8,5091.1,"{""numberLong"":""712533600""}"
1992-08-07,1992-32,6832.1,1493.9,5338.2,"{""numberLong"":""713138400""}"
1992-08-14,1992-33,6943.6,1493.9,5449.7,"{""numberLong"":""713743200""}"
1992-08-21,1992-34,6945.9,1499.9,5446.0,"{""numberLong"":""714348000""}"
1992-08-28,1992-35,7258.3,1499.9,5758.4,"{""numberLong"":""714952800""}"
1992-09-04,1992-36,7432.6,1496.8,5935.8,"{""numberLong"":""715557600""}"
1992-09-11,1992-37,7273.1,1496.8,5776.3,"{""numberLong"":""716162400""}"
1992-09-18,1992-38,6840.1,1487.9,5352.2,"{""numberLong"":""716767200""}"
1992-09-25,1992-39,7221.9,1490.9,5731.0,"{""numberLong"":""717372000""}"
1992-10-02,1992-40,7208.9,1493.8,5715.1,"{""numberLong"":""717980400""}"
1992-10-09,1992-41,7177.6,1490.9,5686.7,"{""numberLong"":""718585200""}"
1992-10-16,1992-42,7186.0,1493.9,5692.1,"{""numberLong"":""719190000""}"
1992-10-23,1992-43,7111.2,1493.9,5617.3,"{""numberLong"":""719794800""}"
1992-10-30,1992-44,7174.0,1493.8,5680.2,"{""numberLong"":""720399600""}"
1992-11-06,1992-45,7059.2,1493.8,5565.4,"{""numberLong"":""721004400""}"
1992-11-13,1992-46,7106.7,1499.8,5606.9,"{""numberLong"":""721609200""}"
1992-11-20,1992-47,7053.2,1496.8,5556.4,"{""numberLong"":""722214000""}"
1992-11-27,1992-48,7128.1,1496.8,5631.3,"{""numberLong"":""722818800""}"
1992-12-04,1992-49,7195.9,1496.8,5699.1,"{""numberLong"":""723423600""}"
1992-12-11,1992-50,7343.4,1496.8,5846.6,"{""numberLong"":""724028400""}"
1992-12-18,1992-51,8074.3,1496.7,6577.6,"{""numberLong"":""724633200""}"
1992-12-25,1992-52,7879.7,1493.7,6386.0,"{""numberLong"":""725238000""}"
1993-01-01,1993-1,7600.3,1493.7,6106.6,"{""numberLong"":""725842800""}"
1993-01-08,1993-2,7511.4,1493.8,6017.6,"{""numberLong"":""726447600""}"
1993-01-15,1993-3,7833.0,1493.8,6339.2,"{""numberLong"":""727052400""}"
1993-01-22,1993-4,7855.3,1493.8,6361.5,"{""numberLong"":""727657200""}"
1993-01-29,1993-5,7874.3,1493.9,6380.4,"{""numberLong"":""728262000""}"
1993-02-05,1993-6,7654.4,1493.8,6160.6,"{""numberLong"":""728866800""}"
1993-02-12,1993-7,7681.3,1493.8,6187.5,"{""numberLong"":""729471600""}"
1993-02-19,1993-8,7849.9,1494.1,6355.8,"{""numberLong"":""730076400""}"
1993-02-26,1993-9,8629.9,1494.1,7135.8,"{""numberLong"":""730681200""}"
1993-03-05,1993-10,9058.1,1494.2,7563.9,"{""numberLong"":""731286000""}"
1993-03-12,1993-11,8860.5,1491.2,7369.3,"{""numberLong"":""731890800""}"
1993-03-19,1993-12,8652.7,1491.2,7161.5,"{""numberLong"":""732495600""}"
1993-03-26,1993-13,8642.78,1491.23,7151.55,"{""numberLong"":""733100400""}"
1993-04-02,1993-14,8574.3,1494.2,7080.1,"{""numberLong"":""733701600""}"
1993-04-09,1993-15,8481.2,1497.2,6984.0,"{""numberLong"":""734306400""}"
1993-04-16,1993-16,8321.9,1488.3,6833.6,"{""numberLong"":""734911200""}"
1993-04-23,1993-17,8161.2,1491.3,6669.9,"{""numberLong"":""735516000""}"
1993-04-30,1993-18,8263.4,1491.3,6772.1,"{""numberLong"":""736120800""}"
1993-05-07,1993-19,8558.0,1491.3,7066.7,"{""numberLong"":""736725600""}"
1993-05-14,1993-20,8440.0,1491.3,6948.7,"{""numberLong"":""737330400""}"
1993-05-21,1993-21,8403.5,1479.4,6924.1,"{""numberLong"":""737935200""}"
1993-05-28,1993-22,8462.3,1479.4,6982.9,"{""numberLong"":""738540000""}"
1993-06-04,1993-23,,,,"{""numberLong"":""739144800""}"
1993-06-11,1993-24,8685.4,1479.4,7206.0,"{""numberLong"":""739749600""}"
1993-06-18,1993-25,8476.0,1479.4,6996.6,"{""numberLong"":""740354400""}"
1993-06-25,1993-26,8416.0,1479.4,6936.6,"{""numberLong"":""740959200""}"
1993-07-02,1993-27,8283.9,1479.4,6804.5,"{""numberLong"":""741564000""}"
1993-07-09,1993-28,8544.7,1479.4,7065.3,"{""numberLong"":""742168800""}"
1993-07-16,1993-29,8275.9,1479.5,6796.4,"{""numberLong"":""742773600""}"
1993-07-23,1993-30,8372.9,1479.5,6893.4,"{""numberLong"":""743378400""}"
1993-07-30,1993-31,8530.6,1479.5,7051.1,"{""numberLong"":""743983200""}"
1993-08-06,1993-32,8224.5,1479.5,6745.0,"{""numberLong"":""744588000""}"
1993-08-13,1993-33,8375.2,1479.4,6895.8,"{""numberLong"":""745192800""}"
1993-08-20,1993-34,8506.4,1479.5,7026.9,"{""numberLong"":""745797600""}"
1993-08-27,1993-35,8532.3,1479.5,7052.8,"{""numberLong"":""746402400""}"
1993-09-03,1993-36,8475.0,1479.4,6995.6,"{""numberLong"":""747007200""}"
1993-09-10,1993-37,8516.3,1491.4,7024.9,"{""numberLong"":""747612000""}"
1993-09-17,1993-38,8565.3,1491.4,7073.9,"{""numberLong"":""748216800""}"
1993-09-24,1993-39,8404.4,1491.3,6913.1,"{""numberLong"":""748821600""}"
1993-10-01,1993-40,8354.2,1491.3,6862.9,"{""numberLong"":""749430000""}"
1993-10-08,1993-41,8328.1,1491.3,6836.8,"{""numberLong"":""750034800""}"
1993-10-15,1993-42,8364.1,1488.4,6875.7,"{""numberLong"":""750639600""}"
1993-10-22,1993-43,8183.0,1485.4,6697.6,"{""numberLong"":""751244400""}"
1993-10-29,1993-44,8341.4,1488.2,6853.2,"{""numberLong"":""751849200""}"
1993-11-05,1993-45,8367.1,1491.2,6875.9,"{""numberLong"":""752454000""}"
1993-11-12,1993-46,8285.1,1485.2,6799.9,"{""numberLong"":""753058800""}"
1993-11-19,1993-47,8033.6,1488.1,6545.5,"{""numberLong"":""753663600""}"
1993-11-26,1993-48,8059.6,1488.1,6571.5,"{""numberLong"":""754268400""}"
1993-12-03,1993-49,8646.3,1488.1,7158.2,"{""numberLong"":""754873200""}"
1993-12-10,1993-50,8365.2,1488.1,6877.1,"{""numberLong"":""755478000""}"
1993-12-17,1993-51,8049.5,1488.1,6561.4,"{""numberLong"":""756082800""}"
1993-12-24,1993-52,7921.9,1488.1,6433.8,"{""numberLong"":""756687600""}"
1993-12-31,1993-53,7765.3,1488.1,6277.2,"{""numberLong"":""757292400""}"
1994-01-07,1994-1,7374.1,1488.1,5886.0,"{""numberLong"":""757897200""}"
1994-01-14,1994-2,7312.9,1488.1,5824.8,"{""numberLong"":""758502000""}"
1994-01-21,1994-3,7375.3,1488.1,5887.2,"{""numberLong"":""759106800""}"
1994-01-28,1994-4,6879.9,1488.1,5391.8,"{""numberLong"":""759711600""}"
1994-02-04,1994-5,6786.5,1488.1,5298.4,"{""numberLong"":""760316400""}"
1994-02-11,1994-6,6232.8,1488.1,4744.7,"{""numberLong"":""760921200""}"
1994-02-18,1994-7,6160.8,1488.1,4672.7,"{""numberLong"":""761526000""}"
1994-02-25,1994-8,5906.1,1488.1,4418.0,"{""numberLong"":""762130800""}"
1994-03-04,1994-9,6391.6,1488.1,4903.5,"{""numberLong"":""762735600""}"
1994-03-11,1994-10,6364.4,1488.1,4876.3,"{""numberLong"":""763340400""}"
1994-03-18,1994-11,5576.2,1488.1,4088.1,"{""numberLong"":""763945200""}"
1994-03-25,1994-12,4773.0,1488.1,3284.9,"{""numberLong"":""764550000""}"
1994-04-01,1994-13,4759.5,1488.1,3271.4,"{""numberLong"":""765151200""}"
1994-04-08,1994-14,4526.9,1488.1,3038.8,"{""numberLong"":""765756000""}"
1994-04-15,1994-15,4608.9,1488.1,3120.8,"{""numberLong"":""766360800""}"
1994-04-22,1994-16,4772.2,1488.1,3284.1,"{""numberLong"":""766965600""}"
1994-04-29,1994-17,4808.8,1488.1,3320.7,"{""numberLong"":""767570400""}"
1994-05-06,1994-18,4631.3,1488.1,3143.2,"{""numberLong"":""768175200""}"
1994-05-13,1994-19,4760.8,1488.1,3272.7,"{""numberLong"":""768780000""}"
1994-05-20,1994-20,4728.8,1488.1,3240.7,"{""numberLong"":""769384800""}"
1994-05-27,1994-21,4935.6,1488.1,3447.5,"{""numberLong"":""769989600""}"
1994-06-03,1994-22,5081.59,1476.3,3605.29,"{""numberLong"":""770594400""}"
1994-06-10,1994-23,5271.1,1476.3,3794.8,"{""numberLong"":""771199200""}"
1994-06-17,1994-24,5415.9,1476.3,3939.6,"{""numberLong"":""771804000""}"
1994-06-24,1994-25,5663.8,1476.3,4187.5,"{""numberLong"":""772408800""}"
1994-07-01,1994-26,5733.6,1476.3,4257.3,"{""numberLong"":""773013600""}"
1994-07-08,1994-27,6045.7,1476.3,4569.4,"{""numberLong"":""773618400""}"
1994-07-15,1994-28,6565.3,1476.3,5089.0,"{""numberLong"":""774223200""}"
1994-07-22,1994-29,6788.0,1478.9,5309.1,"{""numberLong"":""774828000""}"
1994-07-29,1994-30,6974.9,1478.9,5496.0,"{""numberLong"":""775432800""}"
1994-08-05,1994-31,7169.8,1478.9,5690.9,"{""numberLong"":""776037600""}"
1994-08-12,1994-32,7504.3,1481.0,6023.3,"{""numberLong"":""776642400""}"
1994-08-19,1994-33,7855.96,1480.98,6374.98,"{""numberLong"":""777247200""}"
1994-08-26,1994-34,7957.1,1461.8,6495.3,"{""numberLong"":""777852000""}"
1994-09-02,1994-35,7613.5,1449.0,6164.5,"{""numberLong"":""778456800""}"
1994-09-09,1994-36,7675.9,1438.9,6237.0,"{""numberLong"":""779061600""}"
1994-09-16,1994-37,7699.5,1438.9,6260.6,"{""numberLong"":""779666400""}"
1994-09-23,1994-38,7874.2,1438.9,6435.3,"{""numberLong"":""780271200""}"
1994-09-30,1994-39,8180.1,1438.9,6741.2,"{""numberLong"":""780879600""}"
1994-10-07,1994-40,8339.6,1438.9,6900.7,"{""numberLong"":""781484400""}"
1994-10-14,1994-41,8360.6,1438.9,6921.7,"{""numberLong"":""782089200""}"
1994-10-21,1994-42,8283.1,1433.8,6849.3,"{""numberLong"":""782694000""}"
1994-10-28,1994-43,8142.9,1419.5,6723.4,"{""numberLong"":""783298800""}"
1994-11-04,1994-44,8105.4,1410.0,6695.4,"{""numberLong"":""783903600""}"
1994-11-11,1994-45,8037.0,1410.0,6627.0,"{""numberLong"":""784508400""}"
1994-11-18,1994-46,8059.8,1410.0,6649.8,"{""numberLong"":""785113200""}"
1994-11-25,1994-47,8479.5,1410.0,7069.5,"{""numberLong"":""785718000""}"
1994-12-02,1994-48,8693.9,1410.0,7283.9,"{""numberLong"":""786322800""}"
1994-12-09,1994-49,8969.9,1410.0,7559.9,"{""numberLong"":""786927600""}"
1994-12-16,1994-50,8903.3,1410.0,7493.3,"{""numberLong"":""787532400""}"
1994-12-23,1994-51,8520.2,1410.0,7110.2,"{""numberLong"":""788137200""}"
1994-12-30,1994-52,8475.4,1410.0,7065.4,"{""numberLong"":""788742000""}"
1995-01-06,1995-1,8315.9,1410.0,6905.9,"{""numberLong"":""789346800""}"
1995-01-13,1995-2,9064.5,1410.0,7654.5,"{""numberLong"":""789951600""}"
1995-01-20,1995-3,10414.1,1410.0,9004.1,"{""numberLong"":""790556400""}"
1995-01-27,1995-4,10541.1,1402.9,9138.2,"{""numberLong"":""791161200""}"
1995-02-03,1995-5,10756.3,1400.3,9356.0,"{""numberLong"":""791766000""}"
1995-02-10,1995-6,10937.6,1400.3,9537.3,"{""numberLong"":""792370800""}"
1995-02-17,1995-7,11619.7,1400.3,10219.4,"{""numberLong"":""792975600""}"
1995-02-24,1995-8,11854.9,1400.3,10454.6,"{""numberLong"":""793580400""}"
1995-03-03,1995-9,12377.3,1400.3,10977.0,"{""numberLong"":""794185200""}"
1995-03-10,1995-10,12647.8,1400.3,11247.5,"{""numberLong"":""794790000""}"
1995-03-17,1995-11,12324.0,1400.3,10923.7,"{""numberLong"":""795394800""}"
1995-03-24,1995-12,12357.4,1400.3,10957.1,"{""numberLong"":""795999600""}"
1995-03-31,1995-13,12692.7,1400.3,11292.4,"{""numberLong"":""796600800""}"
1995-04-07,1995-14,13133.2,1400.1,11733.1,"{""numberLong"":""797205600""}"
1995-04-14,1995-15,12836.5,1392.2,11444.3,"{""numberLong"":""797810400""}"
1995-04-21,1995-16,12683.8,1386.4,11297.4,"{""numberLong"":""798415200""}"
1995-04-28,1995-17,13697.2,1382.8,12314.4,"{""numberLong"":""799020000""}"
1995-05-05,1995-18,14195.8,1382.9,12812.9,"{""numberLong"":""799624800""}"
1995-05-12,1995-19,13942.15,1382.88,12559.27,"{""numberLong"":""800229600""}"
1995-05-19,1995-20,13435.2,1382.9,12052.3,"{""numberLong"":""800834400""}"
1995-05-26,1995-21,13323.3,1382.9,11940.4,"{""numberLong"":""801439200""}"
1995-06-02,1995-22,13642.1,1383.0,12259.1,"{""numberLong"":""802044000""}"
1995-06-09,1995-23,14178.6,1383.0,12795.6,"{""numberLong"":""802648800""}"
1995-06-16,1995-24,14393.0,1383.0,13010.0,"{""numberLong"":""803253600""}"
1995-06-23,1995-25,14799.5,1383.0,13416.5,"{""numberLong"":""803858400""}"
1995-06-30,1995-26,14732.5,1383.0,13349.5,"{""numberLong"":""804463200""}"
1995-07-07,1995-27,14889.4,1383.0,13506.4,"{""numberLong"":""805068000""}"
1995-07-14,1995-28,14538.8,1383.0,13155.8,"{""numberLong"":""805672800""}"
1995-07-21,1995-29,14971.0,1383.1,13587.9,"{""numberLong"":""806277600""}"
1995-07-28,1995-30,15933.5,1383.1,14550.4,"{""numberLong"":""806882400""}"
1995-08-04,1995-31,16232.2,1383.1,14849.1,"{""numberLong"":""807487200""}"
1995-08-11,1995-32,16177.4,1383.1,14794.3,"{""numberLong"":""808092000""}"
1995-08-18,1995-33,15669.9,1383.5,14286.4,"{""numberLong"":""808696800""}"
1995-08-25,1995-34,16258.5,1383.5,14875.0,"{""numberLong"":""809301600""}"
1995-09-01,1995-35,16744.2,1383.5,15360.7,"{""numberLong"":""809906400""}"
1995-09-08,1995-36,16779.1,1383.4,15395.7,"{""numberLong"":""810511200""}"
1995-09-15,1995-37,16552.5,1383.3,15169.2,"{""numberLong"":""811116000""}"
1995-09-22,1995-38,16943.9,1383.3,15560.6,"{""numberLong"":""811720800""}"
1995-09-29,1995-39,17557.7,1383.4,16174.3,"{""numberLong"":""812329200""}"
1995-10-06,1995-40,17955.0,1383.4,16571.6,"{""numberLong"":""812934000""}"
1995-10-13,1995-41,17563.7,1383.0,16180.7,"{""numberLong"":""813538800""}"
1995-10-20,1995-42,17896.0,1383.0,16513.0,"{""numberLong"":""814143600""}"
1995-10-27,1995-43,18202.5,1383.1,16819.4,"{""numberLong"":""814748400""}"
1995-11-03,1995-44,17994.2,1383.1,16611.1,"{""numberLong"":""815353200""}"
1995-11-10,1995-45,18012.8,1383.1,16629.7,"{""numberLong"":""815958000""}"
1995-11-17,1995-46,17727.2,1383.1,16344.1,"{""numberLong"":""816562800""}"
1995-11-24,1995-47,16639.2,1383.1,15256.1,"{""numberLong"":""817167600""}"
1995-12-01,1995-48,16063.3,1383.1,14680.2,"{""numberLong"":""817768800""}"
1995-12-08,1995-49,15531.5,1383.1,14148.4,"{""numberLong"":""818377200""}"
1995-12-15,1995-50,15240.4,1383.1,13857.3,"{""numberLong"":""818982000""}"
1995-12-22,1995-51,14559.1,1383.1,13176.0,"{""numberLong"":""819586800""}"
1995-12-29,1995-52,13766.8,1383.1,12383.7,"{""numberLong"":""820191600""}"
1996-01-05,1996-1,13426.0,1383.2,12042.8,"{""numberLong"":""820796400""}"
1996-01-12,1996-2,14728.8,1383.2,13345.6,"{""numberLong"":""821401200""}"
1996-01-19,1996-3,14421.4,1383.2,13038.2,"{""numberLong"":""822006000""}"
1996-01-26,1996-4,14992.6,1383.2,13609.4,"{""numberLong"":""822610800""}"
1996-02-02,1996-5,14349.7,1383.2,12966.5,"{""numberLong"":""823215600""}"
1996-02-09,1996-6,14931.7,1383.4,13548.3,"{""numberLong"":""823820400""}"
1996-02-16,1996-7,15840.7,1383.3,14457.4,"{""numberLong"":""824425200""}"
1996-02-23,1996-8,15790.3,1383.3,14407.0,"{""numberLong"":""825030000""}"
1996-03-01,1996-9,15795.5,1383.2,14412.3,"{""numberLong"":""825634800""}"
1996-03-08,1996-10,15678.8,1383.2,14295.6,"{""numberLong"":""826239600""}"
1996-03-15,1996-11,15487.9,1383.2,14104.7,"{""numberLong"":""826844400""}"
1996-03-22,1996-12,15252.5,1383.2,13869.3,"{""numberLong"":""827449200""}"
1996-03-29,1996-13,15298.5,1383.2,13915.3,"{""numberLong"":""828054000""}"
1996-04-05,1996-14,15545.3,1383.2,14162.1,"{""numberLong"":""828655200""}"
1996-04-12,1996-15,15514.4,1383.2,14131.2,"{""numberLong"":""829260000""}"
1996-04-19,1996-16,15870.0,1383.2,14486.8,"{""numberLong"":""829864800""}"
1996-04-26,1996-17,16805.8,1383.2,15422.6,"{""numberLong"":""830469600""}"
1996-05-03,1996-18,16681.3,1383.2,15298.1,"{""numberLong"":""831074400""}"
1996-05-10,1996-19,16425.7,1383.2,15042.5,"{""numberLong"":""831679200""}"
1996-05-17,1996-20,16303.5,1383.2,14920.3,"{""numberLong"":""832284000""}"
1996-05-24,1996-21,16419.4,1383.2,15036.2,"{""numberLong"":""832888800""}"
1996-05-31,1996-22,16571.0,1383.2,15187.8,"{""numberLong"":""833493600""}"
1996-06-07,1996-23,16717.5,1383.2,15334.3,"{""numberLong"":""834098400""}"
1996-06-14,1996-24,17290.9,1383.2,15907.7,"{""numberLong"":""834703200""}"
1996-06-21,1996-25,17094.0,1383.2,15710.8,"{""numberLong"":""835308000""}"
1996-06-28,1996-26,17252.7,1383.2,15869.5,"{""numberLong"":""835912800""}"
1996-07-05,1996-27,16864.5,1383.2,15481.3,"{""numberLong"":""836517600""}"
1996-07-12,1996-28,16826.7,1383.2,15443.5,"{""numberLong"":""837122400""}"
1996-07-19,1996-29,16467.2,1383.2,15084.0,"{""numberLong"":""837727200""}"
1996-07-26,1996-30,16682.5,1383.2,15299.3,"{""numberLong"":""838332000""}"
1996-08-02,1996-31,17054.2,1383.2,15671.0,"{""numberLong"":""838936800""}"
1996-08-09,1996-32,17321.7,1383.2,15938.5,"{""numberLong"":""839541600""}"
1996-08-16,1996-33,17152.5,1382.9,15769.6,"{""numberLong"":""840146400""}"
1996-08-23,1996-34,17079.0,1382.9,15696.1,"{""numberLong"":""840751200""}"
1996-08-30,1996-35,17598.2,1382.9,16215.3,"{""numberLong"":""841356000""}"
1996-09-06,1996-36,18163.8,1382.9,16780.9,"{""numberLong"":""841960800""}"
1996-09-13,1996-37,17632.4,1382.9,16249.5,"{""numberLong"":""842565600""}"
1996-09-20,1996-38,17326.3,1382.9,15943.4,"{""numberLong"":""843170400""}"
1996-09-27,1996-39,18645.9,1382.9,17263.0,"{""numberLong"":""843775200""}"
1996-10-04,1996-40,18715.1,1382.9,17332.2,"{""numberLong"":""844380000""}"
1996-10-11,1996-41,18917.2,1382.9,17534.3,"{""numberLong"":""844984800""}"
1996-10-18,1996-42,18753.1,1382.9,17370.2,"{""numberLong"":""845589600""}"
1996-10-25,1996-43,18624.9,1382.9,17242.0,"{""numberLong"":""846194400""}"
1996-11-01,1996-44,18656.9,1382.9,17274.0,"{""numberLong"":""846802800""}"
1996-11-08,1996-45,18607.9,1382.9,17225.0,"{""numberLong"":""847407600""}"
1996-11-15,1996-46,18582.1,1382.8,17199.3,"{""numberLong"":""848012400""}"
1996-11-22,1996-47,18655.5,1383.0,17272.5,"{""numberLong"":""848617200""}"
1996-11-29,1996-48,18930.1,1383.0,17547.1,"{""numberLong"":""849222000""}"
1996-12-06,1996-49,19321.6,1383.0,17938.6,"{""numberLong"":""849826800""}"
1996-12-13,1996-50,19448.9,1383.2,18065.7,"{""numberLong"":""850431600""}"
1996-12-20,1996-51,18635.8,1383.2,17252.6,"{""numberLong"":""851036400""}"
1996-12-27,1996-52,17874.1,1383.2,16490.9,"{""numberLong"":""851641200""}"
1997-01-03,1997-1,17769.3,1383.2,16386.1,"{""numberLong"":""852242400""}"
