dt,KM_F01,KM_F19,KM_F35,KM_F16,UNIXTIME
1986-01-01,4002.3,1182.5,8911.5,726.6,"{""numberLong"":""504918000""}"
1986-02-01,4133.4,1321.2,9161.7,748.0,"{""numberLong"":""507596400""}"
1986-03-01,4528.1,1438.3,10303.1,774.3,"{""numberLong"":""510015600""}"
1986-04-01,4613.1,1603.2,10472.4,791.0,"{""numberLong"":""512690400""}"
1986-05-01,4736.4,1663.3,10774.1,794.5,"{""numberLong"":""515282400""}"
1986-06-01,4830.8,1901.8,11391.7,798.3,"{""numberLong"":""517960800""}"
1986-07-01,4886.4,1999.9,11472.0,763.3,"{""numberLong"":""520552800""}"
1986-08-01,4986.5,2053.6,11571.1,750.6,"{""numberLong"":""523231200""}"
1986-09-01,5082.4,2230.0,12089.4,748.8,"{""numberLong"":""525909600""}"
1986-10-01,5161.2,2295.5,12386.7,764.0,"{""numberLong"":""528505200""}"
1986-11-01,5280.0,2474.9,12765.7,766.0,"{""numberLong"":""531183600""}"
1986-12-01,5725.7,2719.7,15594.5,787.3,"{""numberLong"":""533775600""}"
1987-01-01,5537.5,2864.4,14180.2,774.9,"{""numberLong"":""536454000""}"
1987-02-01,5599.6,2857.8,14293.3,762.3,"{""numberLong"":""539132400""}"
1987-03-01,5706.9,2972.3,14854.8,759.3,"{""numberLong"":""541551600""}"
1987-04-01,5770.6,3074.1,15377.6,752.0,"{""numberLong"":""544226400""}"
1987-05-01,5875.5,3197.9,15151.9,754.5,"{""numberLong"":""546818400""}"
1987-06-01,5986.7,3379.8,16048.6,731.5,"{""numberLong"":""549496800""}"
1987-07-01,6029.8,3627.0,16406.0,873.2,"{""numberLong"":""552088800""}"
1987-08-01,6169.3,3926.0,17314.5,1004.4,"{""numberLong"":""554767200""}"
1987-09-01,6287.6,4216.1,18343.5,1155.2,"{""numberLong"":""557445600""}"
1987-10-01,6341.1,4474.8,18890.8,1212.5,"{""numberLong"":""560041200""}"
1987-11-01,6386.7,4881.9,19624.8,1247.9,"{""numberLong"":""562719600""}"
1987-12-01,6891.4,5550.4,23897.6,1367.3,"{""numberLong"":""565311600""}"
1988-01-01,6650.6,5815.2,22036.9,1428.0,"{""numberLong"":""567990000""}"
1988-02-01,7087.7,5923.2,22428.5,1352.0,"{""numberLong"":""570668400""}"
1988-03-01,7476.5,6065.2,23105.7,1227.0,"{""numberLong"":""573174000""}"
1988-04-01,7792.9,6213.2,23597.6,1107.8,"{""numberLong"":""575848800""}"
1988-05-01,8176.5,6353.4,24125.7,1073.1,"{""numberLong"":""578440800""}"
1988-06-01,8419.9,6348.3,24390.3,1044.5,"{""numberLong"":""581119200""}"
1988-07-01,8768.1,6643.9,25556.7,1001.3,"{""numberLong"":""583711200""}"
1988-08-01,9325.6,7404.8,27053.4,976.2,"{""numberLong"":""586389600""}"
1988-09-01,9706.7,8012.2,28502.5,968.7,"{""numberLong"":""589068000""}"
1988-10-01,10468.4,8434.1,30475.5,1042.0,"{""numberLong"":""591663600""}"
1988-11-01,11460.9,9102.9,32933.5,1155.4,"{""numberLong"":""594342000""}"
1988-12-01,12609.2,9411.7,38012.5,1251.0,"{""numberLong"":""596934000""}"
1989-01-01,13182.1,9437.2,36692.9,1387.5,"{""numberLong"":""599612400""}"
1989-02-01,14123.3,9795.8,38895.0,1509.2,"{""numberLong"":""602290800""}"
1989-03-01,14698.1,10185.4,39807.7,1604.7,"{""numberLong"":""604710000""}"
1989-04-01,15313.5,10451.7,41247.4,1681.2,"{""numberLong"":""607384800""}"
1989-05-01,15987.7,10218.2,41842.5,1718.2,"{""numberLong"":""609976800""}"
1989-06-01,16327.5,10606.9,43494.7,1697.6,"{""numberLong"":""612655200""}"
1989-07-01,16909.2,11059.3,44861.8,1651.6,"{""numberLong"":""615247200""}"
1989-08-01,18026.5,11387.2,46220.7,1606.0,"{""numberLong"":""617925600""}"
1989-09-01,19085.2,11914.1,48569.7,1597.2,"{""numberLong"":""620604000""}"
1989-10-01,20823.9,12651.9,53097.8,1687.6,"{""numberLong"":""623199600""}"
1989-11-01,21812.2,13052.8,54993.4,1834.4,"{""numberLong"":""625878000""}"
1989-12-01,22812.9,13928.3,61648.1,1978.7,"{""numberLong"":""628470000""}"
1990-01-01,23481.2,14234.5,61833.2,2108.4,"{""numberLong"":""631148400""}"
1990-02-01,24102.2,14605.1,62501.4,2118.7,"{""numberLong"":""633826800""}"
1990-03-01,24822.0,15179.6,64225.6,2120.0,"{""numberLong"":""636246000""}"
1990-04-01,25446.5,15552.1,67314.7,2141.0,"{""numberLong"":""638920800""}"
1990-05-01,26174.5,16065.3,68280.5,2179.0,"{""numberLong"":""641512800""}"
1990-06-01,26784.3,16266.6,69512.4,2195.4,"{""numberLong"":""644191200""}"
1990-07-01,27618.5,17399.8,73544.5,2218.6,"{""numberLong"":""646783200""}"
1990-08-01,28202.6,17919.4,74882.8,2277.6,"{""numberLong"":""649461600""}"
1990-09-01,28932.1,18483.0,77921.9,2316.9,"{""numberLong"":""652140000""}"
1990-10-01,30108.4,19751.1,81643.2,2303.8,"{""numberLong"":""654735600""}"
1990-11-01,31094.8,20641.2,86370.0,2354.1,"{""numberLong"":""657414000""}"
1990-12-01,32518.7,21744.1,93930.7,2382.1,"{""numberLong"":""660006000""}"
1991-01-01,30667.8,20782.8,84673.7,2385.7,"{""numberLong"":""662684400""}"
1991-02-01,32939.6,24200.3,89787.8,2392.6,"{""numberLong"":""665362800""}"
1991-03-01,35328.8,25619.9,93611.4,2391.5,"{""numberLong"":""667782000""}"
1991-04-01,36666.5,27838.1,99867.4,2373.9,"{""numberLong"":""670456800""}"
1991-05-01,38997.4,29325.2,102601.0,2475.7,"{""numberLong"":""673048800""}"
1991-06-01,40863.2,30730.5,107518.1,2589.6,"{""numberLong"":""675727200""}"
1991-07-01,43015.9,33631.1,114114.5,2746.7,"{""numberLong"":""678319200""}"
1991-08-01,46087.1,37320.9,121814.1,3003.5,"{""numberLong"":""680997600""}"
1991-09-01,48441.9,40868.6,131002.6,3084.8,"{""numberLong"":""683676000""}"
1991-10-01,51119.0,44641.0,141124.2,3163.1,"{""numberLong"":""686271600""}"
1991-11-01,53702.0,47971.0,147460.1,3224.2,"{""numberLong"":""688950000""}"
1991-12-01,57304.6,51979.7,164668.6,3396.5,"{""numberLong"":""691542000""}"
1992-01-01,59508.5,55588.3,165057.5,3578.0,"{""numberLong"":""694220400""}"
1992-02-01,62717.7,61654.8,176463.0,3617.7,"{""numberLong"":""696898800""}"
1992-03-01,64935.2,65815.0,187202.4,3674.8,"{""numberLong"":""699404400""}"
1992-04-01,67124.8,70985.8,198169.9,3790.2,"{""numberLong"":""702079200""}"
1992-05-01,68907.9,77694.9,211179.6,3907.2,"{""numberLong"":""704671200""}"
1992-06-01,71249.9,82691.4,217677.6,3858.1,"{""numberLong"":""707349600""}"
1992-07-01,74040.5,89436.1,233812.9,3921.5,"{""numberLong"":""709941600""}"
1992-08-01,77131.3,95142.9,243148.1,3950.8,"{""numberLong"":""712620000""}"
1992-09-01,79542.6,101393.8,256053.6,3978.2,"{""numberLong"":""715298400""}"
1992-10-01,81843.8,103384.2,268497.1,3849.7,"{""numberLong"":""717894000""}"
1992-11-01,86071.1,103605.4,268247.1,3761.1,"{""numberLong"":""720572400""}"
1992-12-01,90750.0,106024.9,296150.9,3708.9,"{""numberLong"":""723164400""}"
1993-01-01,94474.3,109438.1,305963.9,3713.8,"{""numberLong"":""725842800""}"
1993-02-01,100943.6,112871.4,324407.2,3845.1,"{""numberLong"":""728521200""}"
1993-03-01,103457.8,117689.2,321044.9,3743.1,"{""numberLong"":""730940400""}"
1993-04-01,104289.5,121683.9,357819.7,3653.5,"{""numberLong"":""733615200""}"
1993-05-01,104871.5,125562.0,362056.0,3287.0,"{""numberLong"":""736207200""}"
1993-06-01,106340.6,132198.5,362736.0,3102.8,"{""numberLong"":""738885600""}"
1993-07-01,109105.4,138700.9,385492.9,3060.1,"{""numberLong"":""741477600""}"
1993-08-01,112153.3,149984.7,381892.7,2983.4,"{""numberLong"":""744156000""}"
1993-09-01,112533.8,160693.8,405430.6,2902.3,"{""numberLong"":""746834400""}"
1993-10-01,115742.6,172793.8,455971.5,2971.0,"{""numberLong"":""749430000""}"
1993-11-01,117741.1,185125.3,437582.7,2978.0,"{""numberLong"":""752108400""}"
1993-12-01,123096.2,197364.7,522499.8,3063.7,"{""numberLong"":""754700400""}"
1994-01-01,123294.5,237647.6,527710.2,3162.1,"{""numberLong"":""757378800""}"
1994-02-01,134794.6,263476.3,538874.1,3330.3,"{""numberLong"":""760057200""}"
1994-03-01,133928.3,303666.5,575753.6,3306.1,"{""numberLong"":""762476400""}"
1994-04-01,162445.4,380866.2,689785.7,3391.2,"{""numberLong"":""765151200""}"
1994-05-01,217642.3,362491.9,728799.1,3469.9,"{""numberLong"":""767743200""}"
1994-06-01,268247.8,378983.4,827018.4,3920.9,"{""numberLong"":""770421600""}"
1994-07-01,314372.2,392979.6,911287.1,5421.8,"{""numberLong"":""773013600""}"
1994-08-01,300089.9,434098.4,948718.0,4810.5,"{""numberLong"":""775692000""}"
1994-09-01,303327.0,484204.6,1017454.6,5070.4,"{""numberLong"":""778370400""}"
1994-10-01,291690.6,540822.5,1070460.4,4339.2,"{""numberLong"":""780966000""}"
1994-11-01,313694.3,552283.0,1100798.9,4843.0,"{""numberLong"":""783644400""}"
1994-12-01,326227.0,598477.8,1203149.3,4633.4,"{""numberLong"":""786236400""}"
1995-01-01,337177.3,641030.1,1259732.6,4907.0,"{""numberLong"":""788914800""}"
1995-02-01,383039.7,659268.1,1343551.8,5554.4,"{""numberLong"":""791593200""}"
1995-03-01,428705.7,701145.5,1437600.6,6264.4,"{""numberLong"":""794012400""}"
1995-04-01,481154.9,716450.9,1520608.7,6863.5,"{""numberLong"":""796687200""}"
1995-05-01,517314.4,715532.8,1571764.5,7075.3,"{""numberLong"":""799279200""}"
1995-06-01,559435.0,731257.4,1656130.0,7497.8,"{""numberLong"":""801957600""}"
1995-07-01,600816.3,767154.4,1773626.8,7336.6,"{""numberLong"":""804549600""}"
1995-08-01,630370.5,807138.1,1865721.3,7912.7,"{""numberLong"":""807228000""}"
1995-09-01,630759.6,852779.2,1937100.1,7915.1,"{""numberLong"":""809906400""}"
1995-10-01,618782.0,919227.3,2042728.4,7823.1,"{""numberLong"":""812502000""}"
1995-11-01,670612.2,1030580.8,2199853.3,7919.7,"{""numberLong"":""815180400""}"
1995-12-01,684284.7,1253289.7,2543786.7,6918.9,"{""numberLong"":""817772400""}"
1996-01-01,746465.7,1220250.0,2569940.5,7279.2,"{""numberLong"":""820450800""}"
1996-02-01,817395.4,1281628.3,2738479.8,7326.6,"{""numberLong"":""823129200""}"
1996-03-01,839809.1,1424621.6,2934553.6,7610.8,"{""numberLong"":""825634800""}"
1996-04-01,929883.8,1486791.5,3129282.3,7996.5,"{""numberLong"":""828309600""}"
1996-05-01,1005683.7,1578947.7,3339122.9,8402.2,"{""numberLong"":""830901600""}"
1996-06-01,1083747.2,1678195.9,3600968.9,8297.9,"{""numberLong"":""833580000""}"
1996-07-01,1138995.1,1791945.2,3751347.2,8481.8,"{""numberLong"":""836172000""}"
1996-08-01,1249339.6,1879289.0,4048511.7,9442.7,"{""numberLong"":""838850400""}"
1996-09-01,1355658.7,1994265.3,4390969.0,10274.4,"{""numberLong"":""841528800""}"
1996-10-01,1465508.7,2139078.8,4720071.1,10091.1,"{""numberLong"":""844120800""}"
1996-11-01,1523434.5,2342946.6,5097803.3,10316.6,"{""numberLong"":""846802800""}"
1996-12-01,1731882.7,2627628.8,5876127.4,11208.2,"{""numberLong"":""849394800""}"
