dt,FG_C01,UNIXTIME
1968-01-01,98.0,"{""numberLong"":""-63162000""}"
1968-02-01,97.8,"{""numberLong"":""-60483600""}"
1968-03-01,97.7,"{""numberLong"":""-57978000""}"
1968-04-01,98.5,"{""numberLong"":""-55299600""}"
1968-05-01,98.1,"{""numberLong"":""-52707600""}"
1968-06-01,99.4,"{""numberLong"":""-50029200""}"
1968-07-01,99.5,"{""numberLong"":""-47437200""}"
1968-08-01,100.0,"{""numberLong"":""-44758800""}"
1968-09-01,100.5,"{""numberLong"":""-42080400""}"
1968-10-01,101.1,"{""numberLong"":""-39488400""}"
1968-11-01,102.6,"{""numberLong"":""-36810000""}"
1968-12-01,102.9,"{""numberLong"":""-34218000""}"
1969-01-01,103.9,"{""numberLong"":""-31539600""}"
1969-02-01,104.9,"{""numberLong"":""-28861200""}"
1969-03-01,106.4,"{""numberLong"":""-26442000""}"
1969-04-01,107.8,"{""numberLong"":""-23763600""}"
1969-05-01,108.9,"{""numberLong"":""-21171600""}"
1969-06-01,108.5,"{""numberLong"":""-18493200""}"
1969-07-01,108.1,"{""numberLong"":""-15901200""}"
1969-08-01,108.6,"{""numberLong"":""-13222800""}"
1969-09-01,107.9,"{""numberLong"":""-10544400""}"
1969-10-01,109.0,"{""numberLong"":""-7952400""}"
1969-11-01,111.0,"{""numberLong"":""-5274000""}"
1969-12-01,111.7,"{""numberLong"":""-2682000""}"
1970-01-01,112.0,"{""numberLong"":""-3600""}"
1970-02-01,113.7,"{""numberLong"":""2674800""}"
1970-03-01,114.0,"{""numberLong"":""5094000""}"
1970-04-01,114.4,"{""numberLong"":""7772400""}"
1970-05-01,114.0,"{""numberLong"":""10364400""}"
1970-06-01,114.4,"{""numberLong"":""13042800""}"
1970-07-01,113.2,"{""numberLong"":""15634800""}"
1970-08-01,115.4,"{""numberLong"":""18313200""}"
1970-09-01,119.8,"{""numberLong"":""20991600""}"
1970-10-01,121.4,"{""numberLong"":""23583600""}"
1970-11-01,122.3,"{""numberLong"":""26262000""}"
1970-12-01,123.6,"{""numberLong"":""28854000""}"
1971-01-01,125.2,"{""numberLong"":""31532400""}"
1971-02-01,128.0,"{""numberLong"":""34210800""}"
1971-03-01,128.4,"{""numberLong"":""36630000""}"
1971-04-01,130.4,"{""numberLong"":""39308400""}"
1971-05-01,131.2,"{""numberLong"":""41900400""}"
1971-06-01,131.7,"{""numberLong"":""44578800""}"
1971-07-01,137.2,"{""numberLong"":""47170800""}"
1971-08-01,140.6,"{""numberLong"":""49849200""}"
1971-09-01,142.8,"{""numberLong"":""52527600""}"
1971-10-01,144.9,"{""numberLong"":""55119600""}"
1971-11-01,147.4,"{""numberLong"":""57798000""}"
1971-12-01,148.2,"{""numberLong"":""60390000""}"
1972-01-01,151.0,"{""numberLong"":""63068400""}"
1972-02-01,152.3,"{""numberLong"":""65746800""}"
1972-03-01,153.7,"{""numberLong"":""68252400""}"
1972-04-01,155.6,"{""numberLong"":""70930800""}"
1972-05-01,156.2,"{""numberLong"":""73522800""}"
1972-06-01,156.9,"{""numberLong"":""76201200""}"
1972-07-01,160.1,"{""numberLong"":""78793200""}"
1972-08-01,161.5,"{""numberLong"":""81471600""}"
1972-09-01,160.5,"{""numberLong"":""84150000""}"
1972-10-01,162.6,"{""numberLong"":""86742000""}"
1972-11-01,163.0,"{""numberLong"":""89420400""}"
1972-12-01,164.6,"{""numberLong"":""92012400""}"
1973-01-01,167.9,"{""numberLong"":""94690800""}"
1973-02-01,169.4,"{""numberLong"":""97369200""}"
1973-03-01,172.0,"{""numberLong"":""99788400""}"
1973-04-01,175.6,"{""numberLong"":""102466800""}"
1973-05-01,179.3,"{""numberLong"":""105058800""}"
1973-06-01,179.4,"{""numberLong"":""107737200""}"
1973-07-01,182.9,"{""numberLong"":""110329200""}"
1973-08-01,188.3,"{""numberLong"":""113007600""}"
1973-09-01,195.1,"{""numberLong"":""115686000""}"
1973-10-01,198.3,"{""numberLong"":""118278000""}"
1973-11-01,201.0,"{""numberLong"":""120956400""}"
1973-12-01,203.4,"{""numberLong"":""123548400""}"
1974-01-01,214.4,"{""numberLong"":""126226800""}"
1974-02-01,219.8,"{""numberLong"":""128905200""}"
1974-03-01,230.9,"{""numberLong"":""131324400""}"
1974-04-01,235.5,"{""numberLong"":""134002800""}"
1974-05-01,240.9,"{""numberLong"":""136594800""}"
1974-06-01,240.1,"{""numberLong"":""139273200""}"
1974-07-01,241.6,"{""numberLong"":""141865200""}"
1974-08-01,242.5,"{""numberLong"":""144543600""}"
1974-09-01,245.9,"{""numberLong"":""147222000""}"
1974-10-01,246.3,"{""numberLong"":""149814000""}"
1974-11-01,250.9,"{""numberLong"":""152492400""}"
1974-12-01,254.1,"{""numberLong"":""155084400""}"
1975-01-01,262.7,"{""numberLong"":""157762800""}"
1975-02-01,271.0,"{""numberLong"":""160441200""}"
1975-03-01,274.4,"{""numberLong"":""162860400""}"
1975-04-01,277.7,"{""numberLong"":""165538800""}"
1975-05-01,279.9,"{""numberLong"":""168127200""}"
1975-06-01,274.0,"{""numberLong"":""170805600""}"
1975-07-01,268.7,"{""numberLong"":""173397600""}"
1975-08-01,272.2,"{""numberLong"":""176076000""}"
1975-09-01,271.7,"{""numberLong"":""178754400""}"
1975-10-01,273.9,"{""numberLong"":""181346400""}"
1975-11-01,277.6,"{""numberLong"":""184024800""}"
1975-12-01,281.8,"{""numberLong"":""186620400""}"
1976-01-01,289.9,"{""numberLong"":""189298800""}"
1976-02-01,295.8,"{""numberLong"":""191977200""}"
1976-03-01,298.9,"{""numberLong"":""194482800""}"
1976-04-01,307.5,"{""numberLong"":""197161200""}"
1976-05-01,312.5,"{""numberLong"":""199749600""}"
1976-06-01,316.8,"{""numberLong"":""202428000""}"
1976-07-01,322.8,"{""numberLong"":""205020000""}"
1976-08-01,327.1,"{""numberLong"":""207698400""}"
1976-09-01,334.4,"{""numberLong"":""210376800""}"
1976-10-01,339.7,"{""numberLong"":""212968800""}"
1976-11-01,344.5,"{""numberLong"":""215650800""}"
1976-12-01,352.8,"{""numberLong"":""218242800""}"
1977-01-01,357.8,"{""numberLong"":""220921200""}"
1977-02-01,369.3,"{""numberLong"":""223599600""}"
1977-03-01,376.1,"{""numberLong"":""226018800""}"
1977-04-01,381.5,"{""numberLong"":""228697200""}"
1977-05-01,386.9,"{""numberLong"":""231285600""}"
1977-06-01,393.7,"{""numberLong"":""233964000""}"
1977-07-01,399.1,"{""numberLong"":""236556000""}"
1977-08-01,406.3,"{""numberLong"":""239234400""}"
1977-09-01,429.7,"{""numberLong"":""241912800""}"
1977-10-01,455.5,"{""numberLong"":""244508400""}"
1977-11-01,476.6,"{""numberLong"":""247186800""}"
1977-12-01,486.6,"{""numberLong"":""249778800""}"
1978-01-01,506.3,"{""numberLong"":""252457200""}"
1978-02-01,521.7,"{""numberLong"":""255135600""}"
1978-03-01,550.7,"{""numberLong"":""257554800""}"
1978-04-01,569.4,"{""numberLong"":""260233200""}"
1978-05-01,591.2,"{""numberLong"":""262821600""}"
1978-06-01,623.7,"{""numberLong"":""265500000""}"
1978-07-01,635.0,"{""numberLong"":""268092000""}"
1978-08-01,645.8,"{""numberLong"":""270770400""}"
1978-09-01,682.0,"{""numberLong"":""273448800""}"
1978-10-01,716.8,"{""numberLong"":""276044400""}"
1978-11-01,741.2,"{""numberLong"":""278722800""}"
1978-12-01,774.6,"{""numberLong"":""281314800""}"
1979-01-01,804.3,"{""numberLong"":""283993200""}"
1979-02-01,826.0,"{""numberLong"":""286671600""}"
1979-03-01,891.3,"{""numberLong"":""289090800""}"
1979-04-01,981.3,"{""numberLong"":""291769200""}"
1979-05-01,1033.3,"{""numberLong"":""294357600""}"
1979-06-01,1068.4,"{""numberLong"":""297036000""}"
1979-07-01,1136.3,"{""numberLong"":""299628000""}"
1979-08-01,1189.1,"{""numberLong"":""302306400""}"
1979-09-01,1228.3,"{""numberLong"":""304984800""}"
1979-10-01,1297.1,"{""numberLong"":""307580400""}"
1979-11-01,1329.5,"{""numberLong"":""310258800""}"
1979-12-01,1410.6,"{""numberLong"":""312850800""}"
1980-01-01,1509.3,"{""numberLong"":""315529200""}"
1980-02-01,1811.2,"{""numberLong"":""318207600""}"
1980-03-01,1918.1,"{""numberLong"":""320713200""}"
1980-04-01,1962.8,"{""numberLong"":""323388000""}"
1980-05-01,2033.5,"{""numberLong"":""325980000""}"
1980-06-01,2051.8,"{""numberLong"":""328658400""}"
1980-07-01,2090.8,"{""numberLong"":""331250400""}"
1980-08-01,2112.3,"{""numberLong"":""333928800""}"
1980-09-01,2213.7,"{""numberLong"":""336607200""}"
1980-10-01,2386.4,"{""numberLong"":""339202800""}"
1980-11-01,2489.0,"{""numberLong"":""341881200""}"
1980-12-01,2541.3,"{""numberLong"":""344473200""}"
1981-01-01,2592.1,"{""numberLong"":""347151600""}"
1981-02-01,2623.2,"{""numberLong"":""349830000""}"
1981-03-01,2589.0,"{""numberLong"":""352249200""}"
1981-04-01,2592.4,"{""numberLong"":""354924000""}"
1981-05-01,2657.2,"{""numberLong"":""357516000""}"
1981-06-01,2758.2,"{""numberLong"":""360194400""}"
1981-07-01,2824.4,"{""numberLong"":""362786400""}"
1981-08-01,2890.2,"{""numberLong"":""365464800""}"
1981-09-01,2991.4,"{""numberLong"":""368143200""}"
1981-10-01,3066.2,"{""numberLong"":""370738800""}"
1981-11-01,3096.9,"{""numberLong"":""373417200""}"
1981-12-01,3140.3,"{""numberLong"":""376009200""}"
1982-01-01,3234.5,"{""numberLong"":""378687600""}"
1982-02-01,3389.8,"{""numberLong"":""381366000""}"
1982-03-01,3450.8,"{""numberLong"":""383785200""}"
1982-04-01,3530.2,"{""numberLong"":""386460000""}"
1982-05-01,3572.6,"{""numberLong"":""389052000""}"
1982-06-01,3560.8,"{""numberLong"":""391730400""}"
1982-07-01,3610.7,"{""numberLong"":""394322400""}"
1982-08-01,3643.2,"{""numberLong"":""397000800""}"
1982-09-01,3705.1,"{""numberLong"":""399679200""}"
1982-10-01,3728.0,"{""numberLong"":""402274800""}"
1982-11-01,3801.5,"{""numberLong"":""404953200""}"
1982-12-01,3934.6,"{""numberLong"":""407545200""}"
1983-01-01,4058.7,"{""numberLong"":""410223600""}"
1983-02-01,4155.7,"{""numberLong"":""412902000""}"
1983-03-01,4245.7,"{""numberLong"":""415321200""}"
1983-04-01,4320.3,"{""numberLong"":""417996000""}"
1983-05-01,4387.0,"{""numberLong"":""420588000""}"
1983-06-01,4521.4,"{""numberLong"":""423266400""}"
1983-07-01,4600.0,"{""numberLong"":""425858400""}"
1983-08-01,4674.4,"{""numberLong"":""428536800""}"
1983-09-01,4825.9,"{""numberLong"":""431215200""}"
1983-10-01,4944.6,"{""numberLong"":""433810800""}"
1983-11-01,5104.8,"{""numberLong"":""436489200""}"
1983-12-01,5326.1,"{""numberLong"":""439081200""}"
1984-01-01,5639.3,"{""numberLong"":""441759600""}"
1984-02-01,5857.8,"{""numberLong"":""444438000""}"
1984-03-01,5981.9,"{""numberLong"":""446943600""}"
1984-04-01,6238.1,"{""numberLong"":""449618400""}"
1984-05-01,6520.6,"{""numberLong"":""452210400""}"
1984-06-01,6742.7,"{""numberLong"":""454888800""}"
1984-07-01,6766.9,"{""numberLong"":""457480800""}"
1984-08-01,6974.7,"{""numberLong"":""460159200""}"
1984-09-01,7188.2,"{""numberLong"":""462837600""}"
1984-10-01,7422.0,"{""numberLong"":""465433200""}"
1984-11-01,7591.8,"{""numberLong"":""468111600""}"
1984-12-01,7804.7,"{""numberLong"":""470703600""}"
1985-01-01,8385.2,"{""numberLong"":""473382000""}"
1985-02-01,8606.1,"{""numberLong"":""476060400""}"
1985-03-01,8808.9,"{""numberLong"":""478479600""}"
1985-04-01,8918.8,"{""numberLong"":""481154400""}"
1985-05-01,9325.8,"{""numberLong"":""483746400""}"
1985-06-01,9489.3,"{""numberLong"":""486424800""}"
1985-07-01,9575.5,"{""numberLong"":""489016800""}"
1985-08-01,9710.4,"{""numberLong"":""491695200""}"
1985-09-01,9914.9,"{""numberLong"":""494373600""}"
1985-10-01,10291.4,"{""numberLong"":""496969200""}"
1985-11-01,10622.5,"{""numberLong"":""499647600""}"
1985-12-01,10757.7,"{""numberLong"":""502239600""}"
1986-01-01,11097.1,"{""numberLong"":""504918000""}"
1986-02-01,11285.8,"{""numberLong"":""507596400""}"
1986-03-01,11403.4,"{""numberLong"":""510015600""}"
1986-04-01,11520.7,"{""numberLong"":""512690400""}"
1986-05-01,11810.3,"{""numberLong"":""515282400""}"
1986-06-01,11914.1,"{""numberLong"":""517960800""}"
1986-07-01,12105.4,"{""numberLong"":""520552800""}"
1986-08-01,12156.5,"{""numberLong"":""523231200""}"
1986-09-01,12372.0,"{""numberLong"":""525909600""}"
1986-10-01,12927.6,"{""numberLong"":""528505200""}"
1986-11-01,13467.0,"{""numberLong"":""531183600""}"
1986-12-01,14007.6,"{""numberLong"":""533775600""}"
1987-01-01,14600.5,"{""numberLong"":""536454000""}"
1987-02-01,14913.7,"{""numberLong"":""539132400""}"
1987-03-01,15241.7,"{""numberLong"":""541551600""}"
1987-04-01,15647.9,"{""numberLong"":""544226400""}"
1987-05-01,16213.9,"{""numberLong"":""546818400""}"
1987-06-01,16575.7,"{""numberLong"":""549496800""}"
1987-07-01,17067.9,"{""numberLong"":""552088800""}"
1987-08-01,17292.2,"{""numberLong"":""554767200""}"
1987-09-01,17804.3,"{""numberLong"":""557445600""}"
1987-10-01,18166.2,"{""numberLong"":""560041200""}"
1987-11-01,19043.3,"{""numberLong"":""562719600""}"
1987-12-01,20782.8,"{""numberLong"":""565311600""}"
1988-01-01,21889.7,"{""numberLong"":""567990000""}"
1988-02-01,22945.1,"{""numberLong"":""570668400""}"
1988-03-01,24088.7,"{""numberLong"":""573174000""}"
1988-04-01,25322.4,"{""numberLong"":""575848800""}"
1988-05-01,26305.0,"{""numberLong"":""578440800""}"
1988-06-01,26753.0,"{""numberLong"":""581119200""}"
1988-07-01,27098.8,"{""numberLong"":""583711200""}"
1988-08-01,27919.5,"{""numberLong"":""586389600""}"
1988-09-01,28684.5,"{""numberLong"":""589068000""}"
1988-10-01,30333.9,"{""numberLong"":""591663600""}"
1988-11-01,31587.8,"{""numberLong"":""594342000""}"
1988-12-01,33097.6,"{""numberLong"":""596934000""}"
1989-01-01,34481.9,"{""numberLong"":""599612400""}"
1989-02-01,35449.8,"{""numberLong"":""602290800""}"
1989-03-01,36886.4,"{""numberLong"":""604710000""}"
1989-04-01,39390.1,"{""numberLong"":""607384800""}"
1989-05-01,41414.2,"{""numberLong"":""609976800""}"
1989-06-01,43270.9,"{""numberLong"":""612655200""}"
1989-07-01,45082.9,"{""numberLong"":""615247200""}"
1989-08-01,46988.5,"{""numberLong"":""617925600""}"
1989-09-01,44549.9,"{""numberLong"":""620604000""}"
1989-10-01,52334.1,"{""numberLong"":""623199600""}"
1989-11-01,54509.7,"{""numberLong"":""625878000""}"
1989-12-01,55911.9,"{""numberLong"":""628470000""}"
1990-01-01,56718.9,"{""numberLong"":""631148400""}"
1990-02-01,58323.2,"{""numberLong"":""633826800""}"
1990-03-01,60085.5,"{""numberLong"":""636246000""}"
1990-04-01,61963.7,"{""numberLong"":""638920800""}"
1990-05-01,64286.6,"{""numberLong"":""641512800""}"
1990-06-01,65467.4,"{""numberLong"":""644191200""}"
1990-07-01,65871.6,"{""numberLong"":""646783200""}"
1990-08-01,67482.8,"{""numberLong"":""649461600""}"
1990-09-01,70717.9,"{""numberLong"":""652140000""}"
1990-10-01,76590.9,"{""numberLong"":""654735600""}"
1990-11-01,77365.1,"{""numberLong"":""657414000""}"
1990-12-01,77793.3,"{""numberLong"":""660006000""}"
1991-01-01,81298.1,"{""numberLong"":""662684400""}"
1991-02-01,85198.2,"{""numberLong"":""665362800""}"
1991-03-01,88890.1,"{""numberLong"":""667782000""}"
1991-04-01,92844.4,"{""numberLong"":""670456800""}"
1991-05-01,96198.3,"{""numberLong"":""673048800""}"
1991-06-01,99043.8,"{""numberLong"":""675727200""}"
1991-07-01,104093.7,"{""numberLong"":""678319200""}"
1991-08-01,107532.4,"{""numberLong"":""680997600""}"
1991-09-01,110392.8,"{""numberLong"":""683676000""}"
1991-10-01,115789.2,"{""numberLong"":""686271600""}"
1991-11-01,118866.9,"{""numberLong"":""688950000""}"
1991-12-01,123817.5,"{""numberLong"":""691542000""}"
1992-01-01,131696.7,"{""numberLong"":""694220400""}"
1992-02-01,138813.8,"{""numberLong"":""696898800""}"
1992-03-01,146683.0,"{""numberLong"":""699404400""}"
1992-04-01,152948.1,"{""numberLong"":""702079200""}"
1992-05-01,160680.0,"{""numberLong"":""704671200""}"
1992-06-01,167099.4,"{""numberLong"":""707349600""}"
1992-07-01,172196.8,"{""numberLong"":""709941600""}"
1992-08-01,180431.3,"{""numberLong"":""712620000""}"
1992-09-01,187402.8,"{""numberLong"":""715298400""}"
1992-10-01,197207.8,"{""numberLong"":""717894000""}"
1992-11-01,203319.0,"{""numberLong"":""720572400""}"
1992-12-01,210956.1,"{""numberLong"":""723164400""}"
1993-01-01,216640.7,"{""numberLong"":""725842800""}"
1993-02-01,222380.2,"{""numberLong"":""728521200""}"
1993-03-01,228999.2,"{""numberLong"":""730940400""}"
1993-04-01,236939.7,"{""numberLong"":""733615200""}"
1993-05-01,246609.5,"{""numberLong"":""736207200""}"
1993-06-01,257916.3,"{""numberLong"":""738885600""}"
1993-07-01,266445.7,"{""numberLong"":""741477600""}"
1993-08-01,275959.7,"{""numberLong"":""744156000""}"
1993-09-01,289191.0,"{""numberLong"":""746834400""}"
1993-10-01,299484.1,"{""numberLong"":""749430000""}"
1993-11-01,314863.8,"{""numberLong"":""752108400""}"
1993-12-01,325829.7,"{""numberLong"":""754700400""}"
1994-01-01,343161.5,"{""numberLong"":""757378800""}"
1994-02-01,372932.0,"{""numberLong"":""760057200""}"
1994-03-01,401703.5,"{""numberLong"":""762476400""}"
1994-04-01,515142.8,"{""numberLong"":""765151200""}"
1994-05-01,570016.8,"{""numberLong"":""767743200""}"
1994-06-01,598386.3,"{""numberLong"":""770421600""}"
1994-07-01,605072.8,"{""numberLong"":""773013600""}"
1994-08-01,625719.4,"{""numberLong"":""775692000""}"
1994-09-01,661994.9,"{""numberLong"":""778370400""}"
1994-10-01,703801.4,"{""numberLong"":""780966000""}"
1994-11-01,764142.1,"{""numberLong"":""783644400""}"
1994-12-01,828806.5,"{""numberLong"":""786236400""}"
1995-01-01,889971.7,"{""numberLong"":""788914800""}"
1995-02-01,930306.6,"{""numberLong"":""791593200""}"
1995-03-01,953841.3,"{""numberLong"":""794012400""}"
1995-04-01,996105.0,"{""numberLong"":""796687200""}"
1995-05-01,1023288.6,"{""numberLong"":""799279200""}"
1995-06-01,1064079.7,"{""numberLong"":""801957600""}"
1995-07-01,1113587.0,"{""numberLong"":""804549600""}"
1995-08-01,1156126.0,"{""numberLong"":""807228000""}"
1995-09-01,1194051.8,"{""numberLong"":""809906400""}"
1995-10-01,1248389.6,"{""numberLong"":""812502000""}"
1995-11-01,1278474.7,"{""numberLong"":""815180400""}"
1995-12-01,1330488.6,"{""numberLong"":""817772400""}"
1996-01-01,1423472.7,"{""numberLong"":""820450800""}"
1996-02-01,1480884.4,"{""numberLong"":""823129200""}"
1996-03-01,1589194.9,"{""numberLong"":""825634800""}"
1996-04-01,1680835.3,"{""numberLong"":""828309600""}"
1996-05-01,1754826.4,"{""numberLong"":""830901600""}"
1996-06-01,1851450.7,"{""numberLong"":""833580000""}"
1996-07-01,1910491.7,"{""numberLong"":""836172000""}"
1996-08-01,2006370.6,"{""numberLong"":""838850400""}"
1996-09-01,2112448.6,"{""numberLong"":""841528800""}"
1996-10-01,2204901.3,"{""numberLong"":""844120800""}"
1996-11-01,2276780.4,"{""numberLong"":""846802800""}"
1996-12-01,2361022.6,"{""numberLong"":""849394800""}"
1997-01-01,2496440.0,"{""numberLong"":""852073200""}"
1997-02-01,2623917.3,"{""numberLong"":""854751600""}"
1997-03-01,2723366.8,"{""numberLong"":""857170800""}"
1997-04-01,2877353.0,"{""numberLong"":""859845600""}"
1997-05-01,3061231.3,"{""numberLong"":""862437600""}"
1997-06-01,3176597.1,"{""numberLong"":""865116000""}"
1997-07-01,3372881.9,"{""numberLong"":""867708000""}"
1997-08-01,3555724.8,"{""numberLong"":""870386400""}"
1997-09-01,3801028.6,"{""numberLong"":""873064800""}"
1997-10-01,4088520.1,"{""numberLong"":""875656800""}"
1997-11-01,4267221.1,"{""numberLong"":""878338800""}"
1997-12-01,4441944.6,"{""numberLong"":""880930800""}"
1998-01-01,4714538.0,"{""numberLong"":""883609200""}"
1998-02-01,4903589.9,"{""numberLong"":""886287600""}"
1998-03-01,5133246.8,"{""numberLong"":""888706800""}"
1998-04-01,5289957.0,"{""numberLong"":""891381600""}"
1998-05-01,5498435.6,"{""numberLong"":""893973600""}"
1998-06-01,5694703.8,"{""numberLong"":""896652000""}"
1998-07-01,5827498.1,"{""numberLong"":""899244000""}"
1998-08-01,5983484.1,"{""numberLong"":""901922400""}"
1998-09-01,6156120.9,"{""numberLong"":""904600800""}"
1998-10-01,6287675.8,"{""numberLong"":""907192800""}"
1998-11-01,6390842.9,"{""numberLong"":""909874800""}"
1998-12-01,6572114.8,"{""numberLong"":""912466800""}"
1999-01-01,6768698.1,"{""numberLong"":""915145200""}"
1999-02-01,6836615.3,"{""numberLong"":""917823600""}"
1999-03-01,7083373.5,"{""numberLong"":""920242800""}"
1999-04-01,7369230.5,"{""numberLong"":""922917600""}"
1999-05-01,7780869.7,"{""numberLong"":""925509600""}"
1999-06-01,7954248.2,"{""numberLong"":""928188000""}"
1999-07-01,8269935.9,"{""numberLong"":""930780000""}"
1999-08-01,8474247.4,"{""numberLong"":""933458400""}"
1999-09-01,8810045.3,"{""numberLong"":""936136800""}"
1999-10-01,9118242.6,"{""numberLong"":""938728800""}"
1999-11-01,9609175.8,"{""numberLong"":""941410800""}"
1999-12-01,10238990.5,"{""numberLong"":""944002800""}"
2000-01-01,10847212.3,"{""numberLong"":""946681200""}"
2000-02-01,11295283.6,"{""numberLong"":""949359600""}"
2000-03-01,11546706.9,"{""numberLong"":""951865200""}"
2000-04-01,11902087.6,"{""numberLong"":""954540000""}"
2000-05-01,12254628.2,"{""numberLong"":""957132000""}"
2000-06-01,12537736.6,"{""numberLong"":""959810400""}"
2000-07-01,12730959.6,"{""numberLong"":""962402400""}"
2000-08-01,13097672.9,"{""numberLong"":""965080800""}"
2000-09-01,13379446.3,"{""numberLong"":""967759200""}"
2000-10-01,13667438.9,"{""numberLong"":""970351200""}"
2000-11-01,13957066.3,"{""numberLong"":""973033200""}"
2000-12-01,14220214.3,"{""numberLong"":""975625200""}"
