dt,DK_REER3,DK_REER4,UNIXTIME
1980-01-01,176.4,188.5,"{""numberLong"":""315529200""}"
1980-02-01,130.0,147.4,"{""numberLong"":""318207600""}"
1980-03-01,143.5,156.9,"{""numberLong"":""320713200""}"
1980-04-01,148.0,158.7,"{""numberLong"":""323388000""}"
1980-05-01,154.5,154.4,"{""numberLong"":""325980000""}"
1980-06-01,143.1,149.9,"{""numberLong"":""328658400""}"
1980-07-01,141.9,146.0,"{""numberLong"":""331250400""}"
1980-08-01,140.7,146.0,"{""numberLong"":""333928800""}"
1980-09-01,143.5,149.9,"{""numberLong"":""336607200""}"
1980-10-01,144.7,156.2,"{""numberLong"":""339202800""}"
1980-11-01,142.6,157.5,"{""numberLong"":""341881200""}"
1980-12-01,141.1,160.8,"{""numberLong"":""344473200""}"
1981-01-01,149.8,164.3,"{""numberLong"":""347151600""}"
1981-02-01,149.4,163.7,"{""numberLong"":""349830000""}"
1981-03-01,147.9,161.4,"{""numberLong"":""352249200""}"
1981-04-01,149.5,158.7,"{""numberLong"":""354924000""}"
1981-05-01,152.2,161.6,"{""numberLong"":""357516000""}"
1981-06-01,148.2,167.6,"{""numberLong"":""360194400""}"
1981-07-01,151.5,161.3,"{""numberLong"":""362786400""}"
1981-08-01,144.7,155.9,"{""numberLong"":""365464800""}"
1981-09-01,142.6,154.3,"{""numberLong"":""368143200""}"
1981-10-01,136.9,147.6,"{""numberLong"":""370738800""}"
1981-11-01,131.8,145.1,"{""numberLong"":""373417200""}"
1981-12-01,131.1,145.0,"{""numberLong"":""376009200""}"
1982-01-01,136.9,143.5,"{""numberLong"":""378687600""}"
1982-02-01,136.3,145.1,"{""numberLong"":""381366000""}"
1982-03-01,139.1,149.5,"{""numberLong"":""383785200""}"
1982-04-01,138.5,150.7,"{""numberLong"":""386460000""}"
1982-05-01,132.9,146.6,"{""numberLong"":""389052000""}"
1982-06-01,131.4,145.2,"{""numberLong"":""391730400""}"
1982-07-01,129.4,144.2,"{""numberLong"":""394322400""}"
1982-08-01,126.9,142.5,"{""numberLong"":""397000800""}"
1982-09-01,128.7,142.3,"{""numberLong"":""399679200""}"
1982-10-01,131.4,142.7,"{""numberLong"":""402274800""}"
1982-11-01,132.1,141.6,"{""numberLong"":""404953200""}"
1982-12-01,129.0,134.5,"{""numberLong"":""407545200""}"
1983-01-01,131.0,143.3,"{""numberLong"":""410223600""}"
1983-02-01,132.2,144.7,"{""numberLong"":""412902000""}"
1983-03-01,131.8,144.1,"{""numberLong"":""415321200""}"
1983-04-01,129.0,141.1,"{""numberLong"":""417996000""}"
1983-05-01,127.1,140.7,"{""numberLong"":""420588000""}"
1983-06-01,127.1,140.8,"{""numberLong"":""423266400""}"
1983-07-01,125.8,139.2,"{""numberLong"":""425858400""}"
1983-08-01,125.4,138.4,"{""numberLong"":""428536800""}"
1983-09-01,124.7,136.4,"{""numberLong"":""431215200""}"
1983-10-01,126.7,135.4,"{""numberLong"":""433810800""}"
1983-11-01,127.9,137.2,"{""numberLong"":""436489200""}"
1983-12-01,127.0,136.3,"{""numberLong"":""439081200""}"
1984-01-01,120.3,129.0,"{""numberLong"":""441759600""}"
1984-02-01,116.0,126.6,"{""numberLong"":""444438000""}"
1984-03-01,114.3,125.0,"{""numberLong"":""446943600""}"
1984-04-01,116.8,130.1,"{""numberLong"":""449618400""}"
1984-05-01,117.7,134.0,"{""numberLong"":""452210400""}"
1984-06-01,121.2,135.9,"{""numberLong"":""454888800""}"
1984-07-01,121.6,133.8,"{""numberLong"":""457480800""}"
1984-08-01,122.3,135.8,"{""numberLong"":""460159200""}"
1984-09-01,123.3,137.5,"{""numberLong"":""462837600""}"
1984-10-01,126.0,139.2,"{""numberLong"":""465433200""}"
1984-11-01,127.2,140.3,"{""numberLong"":""468111600""}"
1984-12-01,127.5,140.6,"{""numberLong"":""470703600""}"
1985-01-01,131.2,143.1,"{""numberLong"":""473382000""}"
1985-02-01,133.8,148.1,"{""numberLong"":""476060400""}"
1985-03-01,133.5,148.8,"{""numberLong"":""478479600""}"
1985-04-01,124.9,141.5,"{""numberLong"":""481154400""}"
1985-05-01,122.7,139.1,"{""numberLong"":""483746400""}"
1985-06-01,118.0,133.4,"{""numberLong"":""486424800""}"
1985-07-01,115.2,129.3,"{""numberLong"":""489016800""}"
1985-08-01,114.8,127.8,"{""numberLong"":""491695200""}"
1985-09-01,117.8,129.0,"{""numberLong"":""494373600""}"
1985-10-01,118.6,128.8,"{""numberLong"":""496969200""}"
1985-11-01,119.7,128.1,"{""numberLong"":""499647600""}"
1985-12-01,116.5,125.4,"{""numberLong"":""502239600""}"
1986-01-01,114.8,125.4,"{""numberLong"":""504918000""}"
1986-02-01,112.2,123.6,"{""numberLong"":""507596400""}"
1986-03-01,103.3,114.4,"{""numberLong"":""510015600""}"
1986-04-01,98.9,111.9,"{""numberLong"":""512690400""}"
1986-05-01,97.9,111.0,"{""numberLong"":""515282400""}"
1986-06-01,99.1,111.2,"{""numberLong"":""517960800""}"
1986-07-01,98.8,110.6,"{""numberLong"":""520552800""}"
1986-08-01,96.6,107.6,"{""numberLong"":""523231200""}"
1986-09-01,96.1,107.2,"{""numberLong"":""525909600""}"
1986-10-01,99.7,108.5,"{""numberLong"":""528505200""}"
1986-11-01,97.0,105.0,"{""numberLong"":""531183600""}"
1986-12-01,95.9,103.2,"{""numberLong"":""533775600""}"
1987-01-01,93.7,102.3,"{""numberLong"":""536454000""}"
1987-02-01,93.7,101.9,"{""numberLong"":""539132400""}"
1987-03-01,94.9,103.2,"{""numberLong"":""541551600""}"
1987-04-01,93.1,102.1,"{""numberLong"":""544226400""}"
1987-05-01,94.5,103.3,"{""numberLong"":""546818400""}"
1987-06-01,92.3,101.5,"{""numberLong"":""549496800""}"
1987-07-01,91.8,100.7,"{""numberLong"":""552088800""}"
1987-08-01,90.9,100.8,"{""numberLong"":""554767200""}"
1987-09-01,89.2,98.2,"{""numberLong"":""557445600""}"
1987-10-01,89.9,97.7,"{""numberLong"":""560041200""}"
1987-11-01,89.5,94.1,"{""numberLong"":""562719600""}"
1987-12-01,93.3,97.6,"{""numberLong"":""565311600""}"
1988-01-01,93.8,99.1,"{""numberLong"":""567990000""}"
1988-02-01,92.8,100.5,"{""numberLong"":""570668400""}"
1988-03-01,92.5,101.6,"{""numberLong"":""573174000""}"
1988-04-01,93.4,101.0,"{""numberLong"":""575848800""}"
1988-05-01,93.6,99.1,"{""numberLong"":""578440800""}"
1988-06-01,92.7,98.0,"{""numberLong"":""581119200""}"
1988-07-01,93.1,99.3,"{""numberLong"":""583711200""}"
1988-08-01,91.5,98.7,"{""numberLong"":""586389600""}"
1988-09-01,90.5,96.6,"{""numberLong"":""589068000""}"
1988-10-01,85.9,91.1,"{""numberLong"":""591663600""}"
1988-11-01,87.1,92.4,"{""numberLong"":""594342000""}"
1988-12-01,85.3,92.0,"{""numberLong"":""596934000""}"
1989-01-01,90.4,97.5,"{""numberLong"":""599612400""}"
1989-02-01,92.2,98.5,"{""numberLong"":""602290800""}"
1989-03-01,91.8,98.8,"{""numberLong"":""604710000""}"
1989-04-01,93.6,100.0,"{""numberLong"":""607384800""}"
1989-05-01,98.4,106.8,"{""numberLong"":""609976800""}"
1989-06-01,99.6,109.7,"{""numberLong"":""612655200""}"
1989-07-01,98.3,110.4,"{""numberLong"":""615247200""}"
1989-08-01,99.8,110.9,"{""numberLong"":""617925600""}"
1989-09-01,104.5,113.0,"{""numberLong"":""620604000""}"
1989-10-01,103.1,107.9,"{""numberLong"":""623199600""}"
1989-11-01,107.3,112.4,"{""numberLong"":""625878000""}"
1989-12-01,106.5,114.0,"{""numberLong"":""628470000""}"
1990-01-01,106.9,115.1,"{""numberLong"":""631148400""}"
1990-02-01,107.9,116.7,"{""numberLong"":""633826800""}"
1990-03-01,111.0,119.3,"{""numberLong"":""636246000""}"
1990-04-01,115.0,119.2,"{""numberLong"":""638920800""}"
1990-05-01,114.3,116.7,"{""numberLong"":""641512800""}"
1990-06-01,113.0,115.7,"{""numberLong"":""644191200""}"
1990-07-01,107.5,113.1,"{""numberLong"":""646783200""}"
1990-08-01,105.5,112.7,"{""numberLong"":""649461600""}"
1990-09-01,111.9,116.3,"{""numberLong"":""652140000""}"
1990-10-01,115.1,117.0,"{""numberLong"":""654735600""}"
1990-11-01,117.5,116.9,"{""numberLong"":""657414000""}"
1990-12-01,117.0,117.6,"{""numberLong"":""660006000""}"
1991-01-01,118.2,118.1,"{""numberLong"":""662684400""}"
1991-02-01,116.3,116.6,"{""numberLong"":""665362800""}"
1991-03-01,113.8,115.5,"{""numberLong"":""667782000""}"
1991-04-01,117.6,118.1,"{""numberLong"":""670456800""}"
1991-05-01,116.1,116.5,"{""numberLong"":""673048800""}"
1991-06-01,115.5,114.5,"{""numberLong"":""675727200""}"
1991-07-01,112.6,113.1,"{""numberLong"":""678319200""}"
1991-08-01,111.4,112.9,"{""numberLong"":""680997600""}"
1991-09-01,112.2,112.0,"{""numberLong"":""683676000""}"
1991-10-01,113.5,110.6,"{""numberLong"":""686271600""}"
1991-11-01,113.4,109.3,"{""numberLong"":""688950000""}"
1991-12-01,112.9,109.1,"{""numberLong"":""691542000""}"
1992-01-01,117.1,115.2,"{""numberLong"":""694220400""}"
1992-02-01,117.2,115.6,"{""numberLong"":""696898800""}"
1992-03-01,116.4,114.6,"{""numberLong"":""699404400""}"
1992-04-01,113.5,110.4,"{""numberLong"":""702079200""}"
1992-05-01,107.9,104.7,"{""numberLong"":""704671200""}"
1992-06-01,103.0,99.7,"{""numberLong"":""707349600""}"
1992-07-01,99.3,96.8,"{""numberLong"":""709941600""}"
1992-08-01,99.3,97.7,"{""numberLong"":""712620000""}"
1992-09-01,104.3,101.6,"{""numberLong"":""715298400""}"
1992-10-01,111.1,106.7,"{""numberLong"":""717894000""}"
1992-11-01,114.5,108.8,"{""numberLong"":""720572400""}"
1992-12-01,114.9,110.1,"{""numberLong"":""723164400""}"
1993-01-01,117.4,112.6,"{""numberLong"":""725842800""}"
1993-02-01,118.8,115.8,"{""numberLong"":""728521200""}"
1993-03-01,123.1,120.4,"{""numberLong"":""730940400""}"
1993-04-01,124.5,119.9,"{""numberLong"":""733615200""}"
1993-05-01,124.2,117.6,"{""numberLong"":""736207200""}"
1993-06-01,121.8,116.0,"{""numberLong"":""738885600""}"
1993-07-01,123.2,117.4,"{""numberLong"":""741477600""}"
1993-08-01,121.5,117.3,"{""numberLong"":""744156000""}"
1993-09-01,122.2,116.3,"{""numberLong"":""746834400""}"
1993-10-01,124.9,115.3,"{""numberLong"":""749430000""}"
1993-11-01,127.4,117.7,"{""numberLong"":""752108400""}"
1993-12-01,125.7,112.6,"{""numberLong"":""754700400""}"
1994-01-01,122.9,120.0,"{""numberLong"":""757378800""}"
1994-02-01,110.4,109.8,"{""numberLong"":""760057200""}"
1994-03-01,98.1,99.4,"{""numberLong"":""762476400""}"
1994-04-01,78.0,81.5,"{""numberLong"":""765151200""}"
1994-05-01,80.2,82.7,"{""numberLong"":""767743200""}"
1994-06-01,85.3,89.3,"{""numberLong"":""770421600""}"
1994-07-01,86.4,91.0,"{""numberLong"":""773013600""}"
1994-08-01,85.9,91.4,"{""numberLong"":""775692000""}"
1994-09-01,85.0,88.3,"{""numberLong"":""778370400""}"
1994-10-01,88.9,89.4,"{""numberLong"":""780966000""}"
1994-11-01,93.2,91.3,"{""numberLong"":""783644400""}"
1994-12-01,95.7,95.8,"{""numberLong"":""786236400""}"
1995-01-01,93.6,96.1,"{""numberLong"":""788914800""}"
1995-02-01,94.8,99.2,"{""numberLong"":""791593200""}"
1995-03-01,93.9,99.2,"{""numberLong"":""794012400""}"
1995-04-01,96.1,100.9,"{""numberLong"":""796687200""}"
1995-05-01,97.9,101.2,"{""numberLong"":""799279200""}"
1995-06-01,99.5,101.5,"{""numberLong"":""801957600""}"
1995-07-01,99.2,100.4,"{""numberLong"":""804549600""}"
1995-08-01,100.9,100.2,"{""numberLong"":""807228000""}"
1995-09-01,107.3,103.7,"{""numberLong"":""809906400""}"
1995-10-01,107.0,101.0,"{""numberLong"":""812502000""}"
1995-11-01,106.7,99.7,"{""numberLong"":""815180400""}"
1995-12-01,103.1,97.0,"{""numberLong"":""817772400""}"
1996-01-01,105.4,100.6,"{""numberLong"":""820450800""}"
1996-02-01,104.0,100.9,"{""numberLong"":""823129200""}"
1996-03-01,102.8,101.4,"{""numberLong"":""825634800""}"
1996-04-01,103.6,103.7,"{""numberLong"":""828309600""}"
1996-05-01,103.4,103.2,"{""numberLong"":""830901600""}"
1996-06-01,101.8,102.1,"{""numberLong"":""833580000""}"
1996-07-01,99.3,99.8,"{""numberLong"":""836172000""}"
1996-08-01,100.4,100.0,"{""numberLong"":""838850400""}"
1996-09-01,102.4,101.1,"{""numberLong"":""841528800""}"
1996-10-01,104.1,101.9,"{""numberLong"":""844120800""}"
1996-11-01,103.1,100.9,"{""numberLong"":""846802800""}"
1996-12-01,101.7,100.1,"{""numberLong"":""849394800""}"
1997-01-01,102.6,100.8,"{""numberLong"":""852073200""}"
1997-02-01,105.4,104.5,"{""numberLong"":""854751600""}"
1997-03-01,107.1,107.0,"{""numberLong"":""857170800""}"
1997-04-01,109.1,107.8,"{""numberLong"":""859845600""}"
1997-05-01,108.2,107.4,"{""numberLong"":""862437600""}"
1997-06-01,106.1,106.1,"{""numberLong"":""865116000""}"
1997-07-01,108.0,107.1,"{""numberLong"":""867708000""}"
1997-08-01,110.0,108.2,"{""numberLong"":""870386400""}"
1997-09-01,111.3,108.4,"{""numberLong"":""873064800""}"
1997-10-01,114.0,109.5,"{""numberLong"":""875656800""}"
1997-11-01,114.6,109.1,"{""numberLong"":""878338800""}"
1997-12-01,115.9,110.7,"{""numberLong"":""880930800""}"
1998-01-01,119.3,113.4,"{""numberLong"":""883609200""}"
1998-02-01,117.4,112.0,"{""numberLong"":""886287600""}"
1998-03-01,116.2,111.0,"{""numberLong"":""888706800""}"
1998-04-01,116.1,110.4,"{""numberLong"":""891381600""}"
1998-05-01,115.7,110.0,"{""numberLong"":""893973600""}"
1998-06-01,115.5,108.9,"{""numberLong"":""896652000""}"
1998-07-01,116.3,109.0,"{""numberLong"":""899244000""}"
1998-08-01,118.5,109.6,"{""numberLong"":""901922400""}"
1998-09-01,121.1,110.9,"{""numberLong"":""904600800""}"
1998-10-01,122.5,110.6,"{""numberLong"":""907192800""}"
1998-11-01,122.8,110.3,"{""numberLong"":""909874800""}"
1998-12-01,120.9,107.9,"{""numberLong"":""912466800""}"
1999-01-01,121.5,107.2,"{""numberLong"":""915145200""}"
1999-02-01,121.2,107.5,"{""numberLong"":""917823600""}"
1999-03-01,121.8,108.0,"{""numberLong"":""920242800""}"
1999-04-01,121.8,108.5,"{""numberLong"":""922917600""}"
1999-05-01,121.0,107.9,"{""numberLong"":""925509600""}"
1999-06-01,121.5,106.8,"{""numberLong"":""928188000""}"
1999-07-01,122.4,107.4,"{""numberLong"":""930780000""}"
1999-08-01,122.1,106.0,"{""numberLong"":""933458400""}"
1999-09-01,124.1,107.4,"{""numberLong"":""936136800""}"
1999-10-01,126.1,107.2,"{""numberLong"":""938728800""}"
1999-11-01,126.4,107.2,"{""numberLong"":""941410800""}"
1999-12-01,127.3,108.8,"{""numberLong"":""944002800""}"
2000-01-01,128.6,110.4,"{""numberLong"":""946681200""}"
2000-02-01,131.5,113.3,"{""numberLong"":""949359600""}"
2000-03-01,132.4,114.3,"{""numberLong"":""951865200""}"
2000-04-01,132.9,114.8,"{""numberLong"":""954540000""}"
2000-05-01,135.7,116.2,"{""numberLong"":""957132000""}"
2000-06-01,132.3,112.5,"{""numberLong"":""959810400""}"
2000-07-01,133.5,111.9,"{""numberLong"":""962402400""}"
2000-08-01,135.9,112.6,"{""numberLong"":""965080800""}"
2000-09-01,139.0,114.1,"{""numberLong"":""967759200""}"
2000-10-01,142.4,116.1,"{""numberLong"":""970351200""}"
2000-11-01,146.5,118.0,"{""numberLong"":""973033200""}"
2000-12-01,147.6,118.3,"{""numberLong"":""975625200""}"
