dt,FG_F01,UNIXTIME
1982-01-01,373.3,"{""numberLong"":""378687600""}"
1982-02-01,381.8,"{""numberLong"":""381366000""}"
1982-03-01,390.5,"{""numberLong"":""383785200""}"
1982-04-01,394.2,"{""numberLong"":""386460000""}"
1982-05-01,395.4,"{""numberLong"":""389052000""}"
1982-06-01,402.1,"{""numberLong"":""391730400""}"
1982-07-01,406.2,"{""numberLong"":""394322400""}"
1982-08-01,411.7,"{""numberLong"":""397000800""}"
1982-09-01,424.5,"{""numberLong"":""399679200""}"
1982-10-01,436.0,"{""numberLong"":""402274800""}"
1982-11-01,446.1,"{""numberLong"":""404953200""}"
1982-12-01,461.7,"{""numberLong"":""407545200""}"
1983-01-01,481.1,"{""numberLong"":""410223600""}"
1983-02-01,492.2,"{""numberLong"":""412902000""}"
1983-03-01,503.2,"{""numberLong"":""415321200""}"
1983-04-01,510.6,"{""numberLong"":""417996000""}"
1983-05-01,514.0,"{""numberLong"":""420588000""}"
1983-06-01,520.8,"{""numberLong"":""423266400""}"
1983-07-01,526.2,"{""numberLong"":""425858400""}"
1983-08-01,538.5,"{""numberLong"":""428536800""}"
1983-09-01,555.9,"{""numberLong"":""431215200""}"
1983-10-01,585.4,"{""numberLong"":""433810800""}"
1983-11-01,607.3,"{""numberLong"":""436489200""}"
1983-12-01,632.8,"{""numberLong"":""439081200""}"
1984-01-01,654.6,"{""numberLong"":""441759600""}"
1984-02-01,664.6,"{""numberLong"":""444438000""}"
1984-03-01,685.2,"{""numberLong"":""446943600""}"
1984-04-01,727.9,"{""numberLong"":""449618400""}"
1984-05-01,763.2,"{""numberLong"":""452210400""}"
1984-06-01,812.7,"{""numberLong"":""454888800""}"
1984-07-01,820.2,"{""numberLong"":""457480800""}"
1984-08-01,840.6,"{""numberLong"":""460159200""}"
1984-09-01,858.0,"{""numberLong"":""462837600""}"
1984-10-01,895.4,"{""numberLong"":""465433200""}"
1984-11-01,929.9,"{""numberLong"":""468111600""}"
1984-12-01,947.2,"{""numberLong"":""470703600""}"
1985-01-01,1000.0,"{""numberLong"":""473382000""}"
1985-02-01,1033.0,"{""numberLong"":""476060400""}"
1985-03-01,1082.4,"{""numberLong"":""478479600""}"
1985-04-01,1091.4,"{""numberLong"":""481154400""}"
1985-05-01,1117.6,"{""numberLong"":""483746400""}"
1985-06-01,1109.1,"{""numberLong"":""486424800""}"
1985-07-01,1124.9,"{""numberLong"":""489016800""}"
1985-08-01,1154.0,"{""numberLong"":""491695200""}"
1985-09-01,1208.8,"{""numberLong"":""494373600""}"
1985-10-01,1284.5,"{""numberLong"":""496969200""}"
1985-11-01,1344.1,"{""numberLong"":""499647600""}"
1985-12-01,1365.8,"{""numberLong"":""502239600""}"
1986-01-01,1409.5,"{""numberLong"":""504918000""}"
1986-02-01,1434.0,"{""numberLong"":""507596400""}"
1986-03-01,1452.7,"{""numberLong"":""510015600""}"
1986-04-01,1458.2,"{""numberLong"":""512690400""}"
1986-05-01,1485.9,"{""numberLong"":""515282400""}"
1986-06-01,1521.4,"{""numberLong"":""517960800""}"
1986-07-01,1549.9,"{""numberLong"":""520552800""}"
1986-08-01,1563.4,"{""numberLong"":""523231200""}"
1986-09-01,1599.4,"{""numberLong"":""525909600""}"
1986-10-01,1716.8,"{""numberLong"":""528505200""}"
1986-11-01,1755.9,"{""numberLong"":""531183600""}"
1986-12-01,1784.7,"{""numberLong"":""533775600""}"
1987-01-01,1837.2,"{""numberLong"":""536454000""}"
1987-02-01,1886.8,"{""numberLong"":""539132400""}"
1987-03-01,1957.3,"{""numberLong"":""541551600""}"
1987-04-01,1998.3,"{""numberLong"":""544226400""}"
1987-05-01,2096.9,"{""numberLong"":""546818400""}"
1987-06-01,2094.7,"{""numberLong"":""549496800""}"
1987-07-01,2134.8,"{""numberLong"":""552088800""}"
1987-08-01,2171.4,"{""numberLong"":""554767200""}"
1987-09-01,2234.9,"{""numberLong"":""557445600""}"
1987-10-01,2342.2,"{""numberLong"":""560041200""}"
1987-11-01,2488.5,"{""numberLong"":""562719600""}"
1987-12-01,2767.2,"{""numberLong"":""565311600""}"
1988-01-01,2932.8,"{""numberLong"":""567990000""}"
1988-02-01,3090.3,"{""numberLong"":""570668400""}"
1988-03-01,3324.1,"{""numberLong"":""573174000""}"
1988-04-01,3486.6,"{""numberLong"":""575848800""}"
1988-05-01,3568.8,"{""numberLong"":""578440800""}"
1988-06-01,3646.0,"{""numberLong"":""581119200""}"
1988-07-01,3746.9,"{""numberLong"":""583711200""}"
1988-08-01,3874.6,"{""numberLong"":""586389600""}"
1988-09-01,4062.1,"{""numberLong"":""589068000""}"
1988-10-01,4365.3,"{""numberLong"":""591663600""}"
1988-11-01,4665.7,"{""numberLong"":""594342000""}"
1988-12-01,4848.3,"{""numberLong"":""596934000""}"
1989-01-01,5112.8,"{""numberLong"":""599612400""}"
1989-02-01,5334.4,"{""numberLong"":""602290800""}"
1989-03-01,5469.2,"{""numberLong"":""604710000""}"
1989-04-01,5666.5,"{""numberLong"":""607384800""}"
1989-05-01,5809.4,"{""numberLong"":""609976800""}"
1989-06-01,6113.7,"{""numberLong"":""612655200""}"
1989-07-01,6460.8,"{""numberLong"":""615247200""}"
1989-08-01,6716.5,"{""numberLong"":""617925600""}"
1989-09-01,7033.0,"{""numberLong"":""620604000""}"
1989-10-01,7566.8,"{""numberLong"":""623199600""}"
1989-11-01,7903.7,"{""numberLong"":""625878000""}"
1989-12-01,8182.5,"{""numberLong"":""628470000""}"
1990-01-01,8492.7,"{""numberLong"":""631148400""}"
1990-02-01,8851.8,"{""numberLong"":""633826800""}"
1990-03-01,9285.3,"{""numberLong"":""636246000""}"
1990-04-01,9656.4,"{""numberLong"":""638920800""}"
1990-05-01,9828.6,"{""numberLong"":""641512800""}"
1990-06-01,10126.1,"{""numberLong"":""644191200""}"
1990-07-01,10315.9,"{""numberLong"":""646783200""}"
1990-08-01,10608.9,"{""numberLong"":""649461600""}"
1990-09-01,11302.0,"{""numberLong"":""652140000""}"
1990-10-01,12118.0,"{""numberLong"":""654735600""}"
1990-11-01,12839.2,"{""numberLong"":""657414000""}"
1990-12-01,13140.9,"{""numberLong"":""660006000""}"
1991-01-01,13697.2,"{""numberLong"":""662684400""}"
1991-02-01,14397.8,"{""numberLong"":""665362800""}"
1991-03-01,14903.4,"{""numberLong"":""667782000""}"
1991-04-01,15439.8,"{""numberLong"":""670456800""}"
1991-05-01,16050.3,"{""numberLong"":""673048800""}"
1991-06-01,16858.4,"{""numberLong"":""675727200""}"
1991-07-01,17326.1,"{""numberLong"":""678319200""}"
1991-08-01,18110.9,"{""numberLong"":""680997600""}"
1991-09-01,18999.8,"{""numberLong"":""683676000""}"
1991-10-01,20244.4,"{""numberLong"":""686271600""}"
1991-11-01,21527.4,"{""numberLong"":""688950000""}"
1991-12-01,22484.4,"{""numberLong"":""691542000""}"
1992-01-01,24484.5,"{""numberLong"":""694220400""}"
1992-02-01,25773.1,"{""numberLong"":""696898800""}"
1992-03-01,26739.9,"{""numberLong"":""699404400""}"
1992-04-01,27087.2,"{""numberLong"":""702079200""}"
1992-05-01,27344.6,"{""numberLong"":""704671200""}"
1992-06-01,28146.4,"{""numberLong"":""707349600""}"
1992-07-01,29088.4,"{""numberLong"":""709941600""}"
1992-08-01,30239.6,"{""numberLong"":""712620000""}"
1992-09-01,32393.4,"{""numberLong"":""715298400""}"
1992-10-01,35056.9,"{""numberLong"":""717894000""}"
1992-11-01,36529.3,"{""numberLong"":""720572400""}"
1992-12-01,37748.4,"{""numberLong"":""723164400""}"
1993-01-01,39859.0,"{""numberLong"":""725842800""}"
1993-02-01,41223.2,"{""numberLong"":""728521200""}"
1993-03-01,42554.2,"{""numberLong"":""730940400""}"
1993-04-01,43585.2,"{""numberLong"":""733615200""}"
1993-05-01,45626.4,"{""numberLong"":""736207200""}"
1993-06-01,47886.3,"{""numberLong"":""738885600""}"
1993-07-01,51242.5,"{""numberLong"":""741477600""}"
1993-08-01,52571.5,"{""numberLong"":""744156000""}"
1993-09-01,54698.3,"{""numberLong"":""746834400""}"
1993-10-01,58242.8,"{""numberLong"":""749430000""}"
1993-11-01,62524.6,"{""numberLong"":""752108400""}"
1993-12-01,64695.4,"{""numberLong"":""754700400""}"
1994-01-01,66960.6,"{""numberLong"":""757378800""}"
1994-02-01,70957.9,"{""numberLong"":""760057200""}"
1994-03-01,74563.3,"{""numberLong"":""762476400""}"
1994-04-01,94060.4,"{""numberLong"":""765151200""}"
1994-05-01,102017.4,"{""numberLong"":""767743200""}"
1994-06-01,105781.4,"{""numberLong"":""770421600""}"
1994-07-01,109424.6,"{""numberLong"":""773013600""}"
1994-08-01,111796.4,"{""numberLong"":""775692000""}"
1994-09-01,118202.8,"{""numberLong"":""778370400""}"
1994-10-01,129547.5,"{""numberLong"":""780966000""}"
1994-11-01,139730.9,"{""numberLong"":""783644400""}"
1994-12-01,150181.2,"{""numberLong"":""786236400""}"
1995-01-01,160157.9,"{""numberLong"":""788914800""}"
1995-02-01,169734.2,"{""numberLong"":""791593200""}"
1995-03-01,176157.0,"{""numberLong"":""794012400""}"
1995-04-01,187480.3,"{""numberLong"":""796687200""}"
1995-05-01,193123.4,"{""numberLong"":""799279200""}"
1995-06-01,195964.4,"{""numberLong"":""801957600""}"
1995-07-01,200940.5,"{""numberLong"":""804549600""}"
1995-08-01,208885.2,"{""numberLong"":""807228000""}"
1995-09-01,223951.8,"{""numberLong"":""809906400""}"
1995-10-01,241048.9,"{""numberLong"":""812502000""}"
1995-11-01,254771.0,"{""numberLong"":""815180400""}"
1995-12-01,263667.2,"{""numberLong"":""817772400""}"
1996-01-01,285264.7,"{""numberLong"":""820450800""}"
1996-02-01,295517.0,"{""numberLong"":""823129200""}"
1996-03-01,310001.8,"{""numberLong"":""825634800""}"
1996-04-01,332090.4,"{""numberLong"":""828309600""}"
1996-05-01,347727.4,"{""numberLong"":""830901600""}"
1996-06-01,355114.9,"{""numberLong"":""833580000""}"
1996-07-01,358313.4,"{""numberLong"":""836172000""}"
1996-08-01,375232.8,"{""numberLong"":""838850400""}"
1996-09-01,397006.0,"{""numberLong"":""841528800""}"
1996-10-01,427281.3,"{""numberLong"":""844120800""}"
1996-11-01,452087.9,"{""numberLong"":""846802800""}"
1996-12-01,462066.5,"{""numberLong"":""849394800""}"
1997-01-01,486939.2,"{""numberLong"":""852073200""}"
1997-02-01,514911.9,"{""numberLong"":""854751600""}"
1997-03-01,544979.3,"{""numberLong"":""857170800""}"
1997-04-01,591125.0,"{""numberLong"":""859845600""}"
1997-05-01,614478.8,"{""numberLong"":""862437600""}"
1997-06-01,626021.9,"{""numberLong"":""865116000""}"
1997-07-01,654419.1,"{""numberLong"":""867708000""}"
1997-08-01,689992.2,"{""numberLong"":""870386400""}"
1997-09-01,742806.6,"{""numberLong"":""873064800""}"
1997-10-01,816598.3,"{""numberLong"":""875656800""}"
1997-11-01,873919.6,"{""numberLong"":""878338800""}"
1997-12-01,916497.8,"{""numberLong"":""880930800""}"
1998-01-01,979423.5,"{""numberLong"":""883609200""}"
1998-02-01,1026264.7,"{""numberLong"":""886287600""}"
1998-03-01,1067141.8,"{""numberLong"":""888706800""}"
1998-04-01,1122293.2,"{""numberLong"":""891381600""}"
1998-05-01,1156812.4,"{""numberLong"":""893973600""}"
1998-06-01,1164316.9,"{""numberLong"":""896652000""}"
1998-07-01,1197048.5,"{""numberLong"":""899244000""}"
1998-08-01,1241648.5,"{""numberLong"":""901922400""}"
1998-09-01,1327138.1,"{""numberLong"":""904600800""}"
1998-10-01,1414695.9,"{""numberLong"":""907192800""}"
1998-11-01,1485639.0,"{""numberLong"":""909874800""}"
1998-12-01,1526375.7,"{""numberLong"":""912466800""}"
1999-01-01,1588987.9,"{""numberLong"":""915145200""}"
1999-02-01,1625981.7,"{""numberLong"":""917823600""}"
1999-03-01,1692653.7,"{""numberLong"":""920242800""}"
1999-04-01,1784865.9,"{""numberLong"":""922917600""}"
1999-05-01,1820825.2,"{""numberLong"":""925509600""}"
1999-06-01,1852065.3,"{""numberLong"":""928188000""}"
1999-07-01,1910730.7,"{""numberLong"":""930780000""}"
1999-08-01,1975747.6,"{""numberLong"":""933458400""}"
1999-09-01,2085095.6,"{""numberLong"":""936136800""}"
1999-10-01,2215140.6,"{""numberLong"":""938728800""}"
1999-11-01,2321097.8,"{""numberLong"":""941410800""}"
1999-12-01,2449440.6,"{""numberLong"":""944002800""}"
2000-01-01,2561546.8,"{""numberLong"":""946681200""}"
2000-02-01,2660876.6,"{""numberLong"":""949359600""}"
2000-03-01,2750928.3,"{""numberLong"":""951865200""}"
2000-04-01,2815736.3,"{""numberLong"":""954540000""}"
2000-05-01,2880620.8,"{""numberLong"":""957132000""}"
2000-06-01,2882316.2,"{""numberLong"":""959810400""}"
2000-07-01,2945716.8,"{""numberLong"":""962402400""}"
2000-08-01,3003075.1,"{""numberLong"":""965080800""}"
2000-09-01,3086116.8,"{""numberLong"":""967759200""}"
2000-10-01,3203509.6,"{""numberLong"":""970351200""}"
2000-11-01,3336508.4,"{""numberLong"":""973033200""}"
2000-12-01,3401703.5,"{""numberLong"":""975625200""}"
2001-01-01,3473078.7,"{""numberLong"":""978303600""}"
2001-02-01,3522742.4,"{""numberLong"":""980982000""}"
2001-03-01,3722456.4,"{""numberLong"":""983401200""}"
2001-04-01,4115306.0,"{""numberLong"":""986076000""}"
2001-05-01,4335261.4,"{""numberLong"":""988668000""}"
2001-06-01,4461292.7,"{""numberLong"":""991346400""}"
2001-07-01,4561227.8,"{""numberLong"":""993938400""}"
2001-08-01,4654507.0,"{""numberLong"":""996616800""}"
2001-09-01,4962753.8,"{""numberLong"":""999295200""}"
2001-10-01,5307284.1,"{""numberLong"":""1001887200""}"
2001-11-01,5604133.9,"{""numberLong"":""1004569200""}"
2001-12-01,5820671.8,"{""numberLong"":""1007161200""}"
2002-01-01,6174952.7,"{""numberLong"":""1009839600""}"
2002-02-01,6280844.2,"{""numberLong"":""1012518000""}"
2002-03-01,6348308.2,"{""numberLong"":""1014937200""}"
2002-04-01,6502054.5,"{""numberLong"":""1017612000""}"
2002-05-01,6513297.5,"{""numberLong"":""1020204000""}"
2002-06-01,6521565.1,"{""numberLong"":""1022882400""}"
2002-07-01,6560786.2,"{""numberLong"":""1025474400""}"
2002-08-01,6675400.8,"{""numberLong"":""1028152800""}"
2002-09-01,6928426.7,"{""numberLong"":""1030831200""}"
2002-10-01,7211939.3,"{""numberLong"":""1033423200""}"
2002-11-01,7484929.2,"{""numberLong"":""1036105200""}"
2002-12-01,7598667.8,"{""numberLong"":""1038697200""}"
2003-01-01,7761927.1,"{""numberLong"":""1041375600""}"
2003-02-01,7957827.8,"{""numberLong"":""1044054000""}"
2003-03-01,8267518.3,"{""numberLong"":""1046473200""}"
2003-04-01,8528412.5,"{""numberLong"":""1049148000""}"
2003-05-01,8667131.9,"{""numberLong"":""1051740000""}"
2003-06-01,8601045.1,"{""numberLong"":""1054418400""}"
2003-07-01,8520083.2,"{""numberLong"":""1057010400""}"
2003-08-01,8469296.9,"{""numberLong"":""1059688800""}"
2003-09-01,8598780.1,"{""numberLong"":""1062367200""}"
2003-10-01,8745169.9,"{""numberLong"":""1064959200""}"
2003-11-01,8951058.4,"{""numberLong"":""1067641200""}"
2003-12-01,9007594.5,"{""numberLong"":""1070233200""}"
2004-01-01,9057767.1,"{""numberLong"":""1072911600""}"
2004-02-01,9076979.1,"{""numberLong"":""1075590000""}"
2004-03-01,9176044.4,"{""numberLong"":""1078095600""}"
2004-04-01,9230465.7,"{""numberLong"":""1080770400""}"
2004-05-01,9158620.8,"{""numberLong"":""1083362400""}"
2004-06-01,9053000.2,"{""numberLong"":""1086040800""}"
2004-07-01,9049037.8,"{""numberLong"":""1088632800""}"
2004-08-01,9073151.1,"{""numberLong"":""1091311200""}"
2004-09-01,9117562.6,"{""numberLong"":""1093989600""}"
2004-10-01,9367679.1,"{""numberLong"":""1096581600""}"
2004-11-01,9541516.0,"{""numberLong"":""1099263600""}"
2004-12-01,9599091.3,"{""numberLong"":""1101855600""}"
