dt,FG_B01_68,UNIXTIME
1978-01-01,491.9,"{""numberLong"":""252457200""}"
1978-02-01,516.1,"{""numberLong"":""255135600""}"
1978-03-01,537.4,"{""numberLong"":""257554800""}"
1978-04-01,588.3,"{""numberLong"":""260233200""}"
1978-05-01,631.6,"{""numberLong"":""262821600""}"
1978-06-01,680.6,"{""numberLong"":""265500000""}"
1978-07-01,701.0,"{""numberLong"":""268092000""}"
1978-08-01,698.7,"{""numberLong"":""270770400""}"
1978-09-01,746.2,"{""numberLong"":""273448800""}"
1978-10-01,775.2,"{""numberLong"":""276044400""}"
1978-11-01,791.8,"{""numberLong"":""278722800""}"
1978-12-01,837.1,"{""numberLong"":""281314800""}"
1979-01-01,867.6,"{""numberLong"":""283993200""}"
1979-02-01,886.3,"{""numberLong"":""286671600""}"
1979-03-01,952.9,"{""numberLong"":""289090800""}"
1979-04-01,1003.7,"{""numberLong"":""291769200""}"
1979-05-01,1072.0,"{""numberLong"":""294357600""}"
1979-06-01,1155.2,"{""numberLong"":""297036000""}"
1979-07-01,1204.1,"{""numberLong"":""299628000""}"
1979-08-01,1296.5,"{""numberLong"":""302306400""}"
1979-09-01,1341.2,"{""numberLong"":""304984800""}"
1979-10-01,1420.6,"{""numberLong"":""307580400""}"
1979-11-01,1444.2,"{""numberLong"":""310258800""}"
1979-12-01,1504.1,"{""numberLong"":""312850800""}"
1980-01-01,1623.2,"{""numberLong"":""315529200""}"
1980-02-01,1813.2,"{""numberLong"":""318207600""}"
1980-03-01,1909.0,"{""numberLong"":""320713200""}"
1980-04-01,1971.4,"{""numberLong"":""323388000""}"
1980-05-01,2011.0,"{""numberLong"":""325980000""}"
1980-06-01,2067.2,"{""numberLong"":""328658400""}"
1980-07-01,2092.7,"{""numberLong"":""331250400""}"
1980-08-01,2114.6,"{""numberLong"":""333928800""}"
1980-09-01,2187.8,"{""numberLong"":""336607200""}"
1980-10-01,2309.3,"{""numberLong"":""339202800""}"
1980-11-01,2371.2,"{""numberLong"":""341881200""}"
1980-12-01,2408.9,"{""numberLong"":""344473200""}"
1981-01-01,2486.2,"{""numberLong"":""347151600""}"
1981-02-01,2512.3,"{""numberLong"":""349830000""}"
1981-03-01,2532.9,"{""numberLong"":""352249200""}"
1981-04-01,2562.1,"{""numberLong"":""354924000""}"
1981-05-01,2644.3,"{""numberLong"":""357516000""}"
1981-06-01,2759.0,"{""numberLong"":""360194400""}"
1981-07-01,2805.5,"{""numberLong"":""362786400""}"
1981-08-01,2860.7,"{""numberLong"":""365464800""}"
1981-09-01,3013.6,"{""numberLong"":""368143200""}"
1981-10-01,3100.1,"{""numberLong"":""370738800""}"
1981-11-01,3160.3,"{""numberLong"":""373417200""}"
1981-12-01,3220.2,"{""numberLong"":""376009200""}"
1982-01-01,3329.1,"{""numberLong"":""378687600""}"
1982-02-01,3483.7,"{""numberLong"":""381366000""}"
1982-03-01,3583.0,"{""numberLong"":""383785200""}"
1982-04-01,3691.0,"{""numberLong"":""386460000""}"
1982-05-01,3713.9,"{""numberLong"":""389052000""}"
1982-06-01,3775.8,"{""numberLong"":""391730400""}"
1982-07-01,3797.5,"{""numberLong"":""394322400""}"
1982-08-01,3746.8,"{""numberLong"":""397000800""}"
1982-09-01,3865.7,"{""numberLong"":""399679200""}"
1982-10-01,3996.7,"{""numberLong"":""402274800""}"
1982-11-01,4128.2,"{""numberLong"":""404953200""}"
1982-12-01,4214.5,"{""numberLong"":""407545200""}"
1983-01-01,4401.9,"{""numberLong"":""410223600""}"
1983-02-01,4435.2,"{""numberLong"":""412902000""}"
1983-03-01,4507.7,"{""numberLong"":""415321200""}"
1983-04-01,4562.4,"{""numberLong"":""417996000""}"
1983-05-01,4675.8,"{""numberLong"":""420588000""}"
1983-06-01,4763.7,"{""numberLong"":""423266400""}"
1983-07-01,4784.6,"{""numberLong"":""425858400""}"
1983-08-01,4820.6,"{""numberLong"":""428536800""}"
1983-09-01,5010.2,"{""numberLong"":""431215200""}"
1983-10-01,5188.3,"{""numberLong"":""433810800""}"
1983-11-01,5328.6,"{""numberLong"":""436489200""}"
1983-12-01,5534.2,"{""numberLong"":""439081200""}"
1984-01-01,5692.7,"{""numberLong"":""441759600""}"
1984-02-01,5845.0,"{""numberLong"":""444438000""}"
1984-03-01,5987.0,"{""numberLong"":""446943600""}"
1984-04-01,6484.3,"{""numberLong"":""449618400""}"
1984-05-01,6834.5,"{""numberLong"":""452210400""}"
1984-06-01,7137.6,"{""numberLong"":""454888800""}"
1984-07-01,7317.7,"{""numberLong"":""457480800""}"
1984-08-01,7356.3,"{""numberLong"":""460159200""}"
1984-09-01,7467.6,"{""numberLong"":""462837600""}"
1984-10-01,7616.1,"{""numberLong"":""465433200""}"
1984-11-01,7745.5,"{""numberLong"":""468111600""}"
1984-12-01,7860.0,"{""numberLong"":""470703600""}"
1985-01-01,8524.5,"{""numberLong"":""473382000""}"
1985-02-01,8855.4,"{""numberLong"":""476060400""}"
1985-03-01,9110.7,"{""numberLong"":""478479600""}"
1985-04-01,9360.4,"{""numberLong"":""481154400""}"
1985-05-01,9571.9,"{""numberLong"":""483746400""}"
1985-06-01,9726.8,"{""numberLong"":""486424800""}"
1985-07-01,9875.2,"{""numberLong"":""489016800""}"
1985-08-01,10101.6,"{""numberLong"":""491695200""}"
1985-09-01,10377.7,"{""numberLong"":""494373600""}"
1985-10-01,11145.5,"{""numberLong"":""496969200""}"
1985-11-01,11514.0,"{""numberLong"":""499647600""}"
1985-12-01,11501.6,"{""numberLong"":""502239600""}"
1986-01-01,11915.5,"{""numberLong"":""504918000""}"
1986-02-01,12122.3,"{""numberLong"":""507596400""}"
1986-03-01,12309.7,"{""numberLong"":""510015600""}"
1986-04-01,12804.9,"{""numberLong"":""512690400""}"
1986-05-01,13168.9,"{""numberLong"":""515282400""}"
1986-06-01,13507.3,"{""numberLong"":""517960800""}"
1986-07-01,13796.8,"{""numberLong"":""520552800""}"
1986-08-01,13707.3,"{""numberLong"":""523231200""}"
1986-09-01,14059.1,"{""numberLong"":""525909600""}"
1986-10-01,14659.4,"{""numberLong"":""528505200""}"
1986-11-01,15188.9,"{""numberLong"":""531183600""}"
1986-12-01,15472.3,"{""numberLong"":""533775600""}"
1987-01-01,15998.7,"{""numberLong"":""536454000""}"
1987-02-01,16238.0,"{""numberLong"":""539132400""}"
1987-03-01,17081.6,"{""numberLong"":""541551600""}"
1987-04-01,18230.3,"{""numberLong"":""544226400""}"
1987-05-01,18774.0,"{""numberLong"":""546818400""}"
1987-06-01,19224.4,"{""numberLong"":""549496800""}"
1987-07-01,19701.4,"{""numberLong"":""552088800""}"
1987-08-01,20031.4,"{""numberLong"":""554767200""}"
1987-09-01,20504.7,"{""numberLong"":""557445600""}"
1987-10-01,21775.8,"{""numberLong"":""560041200""}"
1987-11-01,22457.6,"{""numberLong"":""562719600""}"
1987-12-01,24516.9,"{""numberLong"":""565311600""}"
1988-01-01,25944.2,"{""numberLong"":""567990000""}"
1988-02-01,27329.3,"{""numberLong"":""570668400""}"
1988-03-01,29333.4,"{""numberLong"":""573174000""}"
1988-04-01,32164.4,"{""numberLong"":""575848800""}"
1988-05-01,33733.7,"{""numberLong"":""578440800""}"
1988-06-01,34327.6,"{""numberLong"":""581119200""}"
1988-07-01,35035.1,"{""numberLong"":""583711200""}"
1988-08-01,35548.4,"{""numberLong"":""586389600""}"
1988-09-01,36813.7,"{""numberLong"":""589068000""}"
1988-10-01,39177.9,"{""numberLong"":""591663600""}"
1988-11-01,41413.4,"{""numberLong"":""594342000""}"
1988-12-01,43123.1,"{""numberLong"":""596934000""}"
1989-01-01,44845.8,"{""numberLong"":""599612400""}"
1989-02-01,47049.3,"{""numberLong"":""602290800""}"
1989-03-01,49229.0,"{""numberLong"":""604710000""}"
1989-04-01,52373.4,"{""numberLong"":""607384800""}"
1989-05-01,54803.0,"{""numberLong"":""609976800""}"
1989-06-01,56556.5,"{""numberLong"":""612655200""}"
1989-07-01,59850.5,"{""numberLong"":""615247200""}"
1989-08-01,63162.8,"{""numberLong"":""617925600""}"
1989-09-01,66652.4,"{""numberLong"":""620604000""}"
1989-10-01,70287.8,"{""numberLong"":""623199600""}"
1989-11-01,72509.7,"{""numberLong"":""625878000""}"
1989-12-01,74737.1,"{""numberLong"":""628470000""}"
1990-01-01,77374.5,"{""numberLong"":""631148400""}"
1990-02-01,80863.8,"{""numberLong"":""633826800""}"
1990-03-01,85469.7,"{""numberLong"":""636246000""}"
1990-04-01,90247.4,"{""numberLong"":""638920800""}"
1990-05-01,91949.3,"{""numberLong"":""641512800""}"
1990-06-01,95347.6,"{""numberLong"":""644191200""}"
1990-07-01,97379.7,"{""numberLong"":""646783200""}"
1990-08-01,100414.3,"{""numberLong"":""649461600""}"
1990-09-01,107855.9,"{""numberLong"":""652140000""}"
1990-10-01,113983.6,"{""numberLong"":""654735600""}"
1990-11-01,118450.7,"{""numberLong"":""657414000""}"
1990-12-01,121988.3,"{""numberLong"":""660006000""}"
1991-01-01,126924.7,"{""numberLong"":""662684400""}"
1991-02-01,132177.8,"{""numberLong"":""665362800""}"
1991-03-01,138454.7,"{""numberLong"":""667782000""}"
1991-04-01,150585.1,"{""numberLong"":""670456800""}"
1991-05-01,158615.4,"{""numberLong"":""673048800""}"
1991-06-01,164537.4,"{""numberLong"":""675727200""}"
1991-07-01,168934.2,"{""numberLong"":""678319200""}"
1991-08-01,171210.0,"{""numberLong"":""680997600""}"
1991-09-01,180146.1,"{""numberLong"":""683676000""}"
1991-10-01,189361.9,"{""numberLong"":""686271600""}"
1991-11-01,196643.9,"{""numberLong"":""688950000""}"
1991-12-01,204775.0,"{""numberLong"":""691542000""}"
1992-01-01,217011.6,"{""numberLong"":""694220400""}"
1992-02-01,232395.9,"{""numberLong"":""696898800""}"
1992-03-01,248009.1,"{""numberLong"":""699404400""}"
1992-04-01,262433.4,"{""numberLong"":""702079200""}"
1992-05-01,270865.1,"{""numberLong"":""704671200""}"
1992-06-01,278136.6,"{""numberLong"":""707349600""}"
1992-07-01,281150.7,"{""numberLong"":""709941600""}"
1992-08-01,296233.5,"{""numberLong"":""712620000""}"
1992-09-01,313466.9,"{""numberLong"":""715298400""}"
1992-10-01,333046.9,"{""numberLong"":""717894000""}"
1992-11-01,348378.5,"{""numberLong"":""720572400""}"
1992-12-01,358734.8,"{""numberLong"":""723164400""}"
1993-01-01,378722.8,"{""numberLong"":""725842800""}"
1993-02-01,390311.2,"{""numberLong"":""728521200""}"
1993-03-01,408181.5,"{""numberLong"":""730940400""}"
1993-04-01,428681.2,"{""numberLong"":""733615200""}"
1993-05-01,467080.9,"{""numberLong"":""736207200""}"
1993-06-01,490174.0,"{""numberLong"":""738885600""}"
1993-07-01,515842.1,"{""numberLong"":""741477600""}"
1993-08-01,531494.0,"{""numberLong"":""744156000""}"
1993-09-01,551153.3,"{""numberLong"":""746834400""}"
1993-10-01,603241.7,"{""numberLong"":""749430000""}"
1993-11-01,648625.8,"{""numberLong"":""752108400""}"
1993-12-01,666639.5,"{""numberLong"":""754700400""}"
1994-01-01,690691.8,"{""numberLong"":""757378800""}"
1994-02-01,762933.8,"{""numberLong"":""760057200""}"
1994-03-01,813745.9,"{""numberLong"":""762476400""}"
1994-04-01,1028140.4,"{""numberLong"":""765151200""}"
1994-05-01,1118569.9,"{""numberLong"":""767743200""}"
1994-06-01,1136252.7,"{""numberLong"":""770421600""}"
1994-07-01,1150269.4,"{""numberLong"":""773013600""}"
1994-08-01,1164366.0,"{""numberLong"":""775692000""}"
1994-09-01,1248722.7,"{""numberLong"":""778370400""}"
1994-10-01,1361104.8,"{""numberLong"":""780966000""}"
1994-11-01,1462418.4,"{""numberLong"":""783644400""}"
1994-12-01,1571503.8,"{""numberLong"":""786236400""}"
1995-01-01,1651829.8,"{""numberLong"":""788914800""}"
1995-02-01,1716318.7,"{""numberLong"":""791593200""}"
1995-03-01,1795082.3,"{""numberLong"":""794012400""}"
1995-04-01,1913986.7,"{""numberLong"":""796687200""}"
1995-05-01,2041536.3,"{""numberLong"":""799279200""}"
1995-06-01,2141198.0,"{""numberLong"":""801957600""}"
1995-07-01,2243859.3,"{""numberLong"":""804549600""}"
1995-08-01,2311735.6,"{""numberLong"":""807228000""}"
1995-09-01,2416831.1,"{""numberLong"":""809906400""}"
1995-10-01,2604479.2,"{""numberLong"":""812502000""}"
1995-11-01,2685540.2,"{""numberLong"":""815180400""}"
1995-12-01,2746168.9,"{""numberLong"":""817772400""}"
1996-01-01,2985111.1,"{""numberLong"":""820450800""}"
1996-02-01,3090047.2,"{""numberLong"":""823129200""}"
1996-03-01,3341911.8,"{""numberLong"":""825634800""}"
1996-04-01,3618344.4,"{""numberLong"":""828309600""}"
1996-05-01,3828158.7,"{""numberLong"":""830901600""}"
1996-06-01,4082612.2,"{""numberLong"":""833580000""}"
1996-07-01,4254650.0,"{""numberLong"":""836172000""}"
1996-08-01,4366998.3,"{""numberLong"":""838850400""}"
1996-09-01,4455099.9,"{""numberLong"":""841528800""}"
1996-10-01,4765662.1,"{""numberLong"":""844120800""}"
1996-11-01,4952175.7,"{""numberLong"":""846802800""}"
1996-12-01,5161488.0,"{""numberLong"":""849394800""}"
1997-01-01,5422849.9,"{""numberLong"":""852073200""}"
1997-02-01,5769444.7,"{""numberLong"":""854751600""}"
1997-03-01,6202191.6,"{""numberLong"":""857170800""}"
1997-04-01,6668536.1,"{""numberLong"":""859845600""}"
1997-05-01,6980914.7,"{""numberLong"":""862437600""}"
1997-06-01,7511978.8,"{""numberLong"":""865116000""}"
1997-07-01,7872790.9,"{""numberLong"":""867708000""}"
1997-08-01,8516347.0,"{""numberLong"":""870386400""}"
1997-09-01,8995244.4,"{""numberLong"":""873064800""}"
1997-10-01,9673276.9,"{""numberLong"":""875656800""}"
1997-11-01,10122850.1,"{""numberLong"":""878338800""}"
1997-12-01,10737382.6,"{""numberLong"":""880930800""}"
1998-01-01,11559557.3,"{""numberLong"":""883609200""}"
1998-02-01,12358110.9,"{""numberLong"":""886287600""}"
1998-03-01,12737707.2,"{""numberLong"":""888706800""}"
1998-04-01,13212335.1,"{""numberLong"":""891381600""}"
1998-05-01,13752563.9,"{""numberLong"":""893973600""}"
1998-06-01,14280322.0,"{""numberLong"":""896652000""}"
1998-07-01,14678346.8,"{""numberLong"":""899244000""}"
1998-08-01,15199338.7,"{""numberLong"":""901922400""}"
1998-09-01,16064338.0,"{""numberLong"":""904600800""}"
1998-10-01,17118550.0,"{""numberLong"":""907192800""}"
1998-11-01,17745159.1,"{""numberLong"":""909874800""}"
1998-12-01,18388380.4,"{""numberLong"":""912466800""}"
1999-01-01,18693482.1,"{""numberLong"":""915145200""}"
1999-02-01,19260609.7,"{""numberLong"":""917823600""}"
1999-03-01,20356378.9,"{""numberLong"":""920242800""}"
1999-04-01,21187355.8,"{""numberLong"":""922917600""}"
1999-05-01,22026324.6,"{""numberLong"":""925509600""}"
1999-06-01,22529708.2,"{""numberLong"":""928188000""}"
1999-07-01,23186188.5,"{""numberLong"":""930780000""}"
1999-08-01,24035185.6,"{""numberLong"":""933458400""}"
1999-09-01,24982160.2,"{""numberLong"":""936136800""}"
1999-10-01,26947243.8,"{""numberLong"":""938728800""}"
1999-11-01,27967758.2,"{""numberLong"":""941410800""}"
1999-12-01,29398152.9,"{""numberLong"":""944002800""}"
2000-01-01,30468101.9,"{""numberLong"":""946681200""}"
2000-02-01,31188933.2,"{""numberLong"":""949359600""}"
2000-03-01,32219534.4,"{""numberLong"":""951865200""}"
2000-04-01,34463549.3,"{""numberLong"":""954540000""}"
2000-05-01,35650063.9,"{""numberLong"":""957132000""}"
2000-06-01,36255073.1,"{""numberLong"":""959810400""}"
2000-07-01,36589614.0,"{""numberLong"":""962402400""}"
2000-08-01,37382184.0,"{""numberLong"":""965080800""}"
2000-09-01,38426688.1,"{""numberLong"":""967759200""}"
2000-10-01,40317977.7,"{""numberLong"":""970351200""}"
2000-11-01,40721228.4,"{""numberLong"":""973033200""}"
2000-12-01,41653150.3,"{""numberLong"":""975625200""}"
