dt,AB_B6,AB_B4,AB_B2,AB_B1,UNIXTIME
1981-01-01,1665.0,1459.6,1305.0,154.6,"{""numberLong"":""347151600""}"
1981-02-01,1545.0,1320.7,1166.1,154.6,"{""numberLong"":""349830000""}"
1981-03-01,1522.0,1212.5,1057.9,154.6,"{""numberLong"":""352249200""}"
1981-04-01,1457.0,1230.6,1076.0,154.6,"{""numberLong"":""354924000""}"
1981-05-01,1312.0,1048.0,893.4,154.6,"{""numberLong"":""357516000""}"
1981-06-01,1240.0,1013.4,858.8,154.6,"{""numberLong"":""360194400""}"
1981-07-01,1481.0,1184.4,1029.8,154.6,"{""numberLong"":""362786400""}"
1981-08-01,1855.0,1489.6,1335.0,154.6,"{""numberLong"":""365464800""}"
1981-09-01,2058.0,1629.6,1475.0,154.6,"{""numberLong"":""368143200""}"
1981-10-01,1954.0,1588.7,1434.1,154.6,"{""numberLong"":""370738800""}"
1981-11-01,1933.0,1498.3,1343.7,154.6,"{""numberLong"":""373417200""}"
1981-12-01,1726.0,1082.9,928.3,154.6,"{""numberLong"":""376009200""}"
1982-01-01,2053.0,1429.5,1274.9,154.6,"{""numberLong"":""378687600""}"
1982-02-01,1948.0,1337.5,1182.9,154.6,"{""numberLong"":""381366000""}"
1982-03-01,2064.0,1452.2,1297.6,154.6,"{""numberLong"":""383785200""}"
1982-04-01,1997.0,1404.3,1249.7,154.6,"{""numberLong"":""386460000""}"
1982-05-01,1927.0,1428.8,1274.2,154.6,"{""numberLong"":""389052000""}"
1982-06-01,1480.0,1238.6,1084.0,154.6,"{""numberLong"":""391730400""}"
1982-07-01,1550.0,1318.3,1163.7,154.6,"{""numberLong"":""394322400""}"
1982-08-01,1820.0,1430.1,1275.5,154.6,"{""numberLong"":""397000800""}"
1982-09-01,1708.0,1375.4,1220.8,154.6,"{""numberLong"":""399679200""}"
1982-10-01,1676.0,1271.7,1117.1,154.6,"{""numberLong"":""402274800""}"
1982-11-01,1498.0,1075.3,920.7,154.6,"{""numberLong"":""404953200""}"
1982-12-01,2027.0,1234.1,1079.5,154.6,"{""numberLong"":""407545200""}"
1983-01-01,1869.0,1219.7,1065.1,154.6,"{""numberLong"":""410223600""}"
1983-02-01,1876.8,1167.8,1013.2,154.6,"{""numberLong"":""412902000""}"
1983-03-01,1971.3,1226.0,1071.4,154.6,"{""numberLong"":""415321200""}"
1983-04-01,1956.6,1255.6,1101.0,154.6,"{""numberLong"":""417996000""}"
1983-05-01,2007.0,1319.7,1165.1,154.6,"{""numberLong"":""420588000""}"
1983-06-01,1735.8,929.2,774.6,154.6,"{""numberLong"":""423266400""}"
1983-07-01,1679.8,978.0,823.4,154.6,"{""numberLong"":""425858400""}"
1983-08-01,2015.0,1279.9,1125.3,154.6,"{""numberLong"":""428536800""}"
1983-09-01,2065.4,1274.1,1119.5,154.6,"{""numberLong"":""431215200""}"
1983-10-01,2037.4,1274.7,1120.1,154.6,"{""numberLong"":""433810800""}"
1983-11-01,2138.2,1381.4,1226.8,154.6,"{""numberLong"":""436489200""}"
1983-12-01,2252.5,1408.0,1253.4,154.6,"{""numberLong"":""439081200""}"
1984-01-01,2067.2,1149.6,995.0,154.6,"{""numberLong"":""441759600""}"
1984-02-01,2166.8,1269.8,1115.2,154.6,"{""numberLong"":""444438000""}"
1984-03-01,2217.8,1326.8,1172.2,154.6,"{""numberLong"":""446943600""}"
1984-04-01,2268.5,1240.7,1086.1,154.6,"{""numberLong"":""449618400""}"
1984-05-01,2180.9,1117.8,963.2,154.6,"{""numberLong"":""452210400""}"
1984-06-01,2268.4,1277.1,1122.5,154.6,"{""numberLong"":""454888800""}"
1984-07-01,2241.0,1164.9,1010.3,154.6,"{""numberLong"":""457480800""}"
1984-08-01,2391.1,1199.1,1044.5,154.6,"{""numberLong"":""460159200""}"
1984-09-01,2353.8,1100.8,946.2,154.6,"{""numberLong"":""462837600""}"
1984-10-01,2484.0,1156.4,1001.8,154.6,"{""numberLong"":""465433200""}"
1984-11-01,2932.8,1250.8,1096.2,154.6,"{""numberLong"":""468111600""}"
1984-12-01,3899.0,2039.4,1239.0,800.4,"{""numberLong"":""470703600""}"
1985-01-01,3435.2,1739.2,938.8,800.4,"{""numberLong"":""473382000""}"
1985-02-01,3239.6,1669.9,869.5,800.4,"{""numberLong"":""476060400""}"
1985-03-01,3502.2,1796.2,988.3,807.9,"{""numberLong"":""478479600""}"
1985-04-01,3483.2,1811.2,1003.9,807.3,"{""numberLong"":""481154400""}"
1985-05-01,3405.9,1860.1,1057.2,802.9,"{""numberLong"":""483746400""}"
1985-06-01,3706.1,1952.0,1149.9,802.1,"{""numberLong"":""486424800""}"
1985-07-01,3671.3,1857.9,1054.3,803.6,"{""numberLong"":""489016800""}"
1985-08-01,3744.6,1978.5,1182.2,796.3,"{""numberLong"":""491695200""}"
1985-09-01,3995.9,1980.9,1167.3,813.6,"{""numberLong"":""494373600""}"
1985-10-01,3842.2,1905.5,1090.0,815.5,"{""numberLong"":""496969200""}"
1985-11-01,3308.7,1910.6,1091.8,818.8,"{""numberLong"":""499647600""}"
1985-12-01,3654.7,2060.1,1020.0,1040.1,"{""numberLong"":""502239600""}"
1986-01-01,3710.9,2290.0,1249.1,1040.9,"{""numberLong"":""504918000""}"
1986-02-01,3816.0,2365.4,1330.4,1035.0,"{""numberLong"":""507596400""}"
1986-03-01,3413.1,2191.2,1153.3,1037.9,"{""numberLong"":""510015600""}"
1986-04-01,3336.4,2151.8,1118.7,1033.1,"{""numberLong"":""512690400""}"
1986-05-01,3298.4,2155.4,1124.2,1031.2,"{""numberLong"":""515282400""}"
1986-06-01,3549.7,2398.8,1369.8,1029.0,"{""numberLong"":""517960800""}"
1986-07-01,3559.1,2272.5,1246.0,1026.5,"{""numberLong"":""520552800""}"
1986-08-01,3899.0,2434.4,1403.8,1030.6,"{""numberLong"":""523231200""}"
1986-09-01,3879.0,2348.4,1321.7,1026.7,"{""numberLong"":""525909600""}"
1986-10-01,4003.6,2364.8,1335.2,1029.6,"{""numberLong"":""528505200""}"
1986-11-01,3977.8,2391.9,1367.1,1024.8,"{""numberLong"":""531183600""}"
1986-12-01,4423.5,2604.7,1367.9,1236.8,"{""numberLong"":""533775600""}"
1987-01-01,4419.1,2683.9,1449.4,1234.5,"{""numberLong"":""536454000""}"
1987-02-01,4439.8,2696.4,1468.9,1227.5,"{""numberLong"":""539132400""}"
1987-03-01,4546.6,2720.4,1492.7,1227.7,"{""numberLong"":""541551600""}"
1987-04-01,4681.8,2656.3,1431.9,1224.4,"{""numberLong"":""544226400""}"
1987-05-01,4512.5,2623.2,1392.6,1230.6,"{""numberLong"":""546818400""}"
1987-06-01,4522.2,2549.8,1315.5,1234.3,"{""numberLong"":""549496800""}"
1987-07-01,4728.0,2498.7,1272.3,1226.4,"{""numberLong"":""552088800""}"
1987-08-01,5116.7,2700.7,1471.7,1229.0,"{""numberLong"":""554767200""}"
1987-09-01,4891.8,2553.0,1323.4,1229.6,"{""numberLong"":""557445600""}"
1987-10-01,4978.2,2665.7,1438.6,1227.1,"{""numberLong"":""560041200""}"
1987-11-01,5042.2,2699.2,1467.7,1231.5,"{""numberLong"":""562719600""}"
1987-12-01,5494.1,3253.6,1718.5,1535.1,"{""numberLong"":""565311600""}"
1988-01-01,4905.7,3094.0,1565.0,1529.0,"{""numberLong"":""567990000""}"
1988-02-01,5069.9,3191.9,1668.5,1523.4,"{""numberLong"":""570668400""}"
1988-03-01,5000.0,3128.0,1593.4,1534.6,"{""numberLong"":""573174000""}"
1988-04-01,4889.7,3046.9,1514.7,1532.2,"{""numberLong"":""575848800""}"
1988-05-01,5318.1,3348.2,1816.5,1531.7,"{""numberLong"":""578440800""}"
1988-06-01,5310.8,3454.8,1924.0,1530.8,"{""numberLong"":""581119200""}"
1988-07-01,5066.9,3055.1,1525.1,1530.0,"{""numberLong"":""583711200""}"
1988-08-01,5230.3,2993.9,1458.4,1535.5,"{""numberLong"":""586389600""}"
1988-09-01,5716.1,3476.7,1942.7,1534.0,"{""numberLong"":""589068000""}"
1988-10-01,5892.9,3668.1,2134.8,1533.3,"{""numberLong"":""591663600""}"
1988-11-01,6585.6,3993.5,2460.8,1532.7,"{""numberLong"":""594342000""}"
1988-12-01,6596.0,3674.8,2307.3,1367.5,"{""numberLong"":""596934000""}"
1989-01-01,6594.4,3707.1,2340.8,1366.3,"{""numberLong"":""599612400""}"
1989-02-01,6908.0,3836.2,2469.9,1366.3,"{""numberLong"":""602290800""}"
1989-03-01,6437.0,3403.2,2020.0,1383.2,"{""numberLong"":""604710000""}"
1989-04-01,6650.4,3715.6,2330.8,1384.8,"{""numberLong"":""607384800""}"
1989-05-01,6112.6,3595.4,2239.6,1355.8,"{""numberLong"":""609976800""}"
1989-06-01,6327.8,3991.6,2637.9,1353.7,"{""numberLong"":""612655200""}"
1989-07-01,6667.1,4264.1,2910.4,1353.7,"{""numberLong"":""615247200""}"
1989-08-01,7274.0,4535.5,3181.8,1353.7,"{""numberLong"":""617925600""}"
1989-09-01,7721.3,5020.9,3664.5,1356.4,"{""numberLong"":""620604000""}"
1989-10-01,8437.1,5601.5,4247.8,1353.7,"{""numberLong"":""623199600""}"
1989-11-01,8566.1,5866.9,4503.0,1363.9,"{""numberLong"":""625878000""}"
1989-12-01,9313.5,6185.1,4831.3,1353.8,"{""numberLong"":""628470000""}"
1990-01-01,9308.5,6386.2,5020.2,1366.0,"{""numberLong"":""631148400""}"
1990-02-01,9518.8,6719.4,5351.4,1368.0,"{""numberLong"":""633826800""}"
1990-03-01,9512.3,6415.5,4995.5,1420.0,"{""numberLong"":""636246000""}"
1990-04-01,9329.3,6554.0,5134.1,1419.9,"{""numberLong"":""638920800""}"
1990-05-01,9620.8,6732.7,5286.4,1446.3,"{""numberLong"":""641512800""}"
1990-06-01,10143.4,7163.6,5684.7,1478.9,"{""numberLong"":""644191200""}"
1990-07-01,10385.2,7445.2,5975.3,1469.9,"{""numberLong"":""646783200""}"
1990-08-01,11922.0,7966.6,6508.4,1458.2,"{""numberLong"":""649461600""}"
1990-09-01,12044.4,7822.4,6352.6,1469.8,"{""numberLong"":""652140000""}"
1990-10-01,11554.0,7690.4,6220.6,1469.8,"{""numberLong"":""654735600""}"
1990-11-01,12102.9,7816.9,6348.2,1468.7,"{""numberLong"":""657414000""}"
1990-12-01,11411.1,7440.5,5972.3,1468.2,"{""numberLong"":""660006000""}"
1991-01-01,9735.0,6161.5,4694.1,1467.4,"{""numberLong"":""662684400""}"
1991-02-01,9527.8,5634.8,4167.4,1467.4,"{""numberLong"":""665362800""}"
1991-03-01,9752.6,5196.1,3716.8,1479.3,"{""numberLong"":""667782000""}"
1991-04-01,9884.6,5613.6,4146.0,1467.6,"{""numberLong"":""670456800""}"
1991-05-01,10494.1,6021.3,4553.3,1468.0,"{""numberLong"":""673048800""}"
1991-06-01,10931.9,6519.8,5051.8,1468.0,"{""numberLong"":""675727200""}"
1991-07-01,11067.6,6447.0,4966.3,1480.7,"{""numberLong"":""678319200""}"
1991-08-01,11754.1,6415.3,4910.9,1504.4,"{""numberLong"":""680997600""}"
1991-09-01,11588.5,6477.9,4973.4,1504.5,"{""numberLong"":""683676000""}"
1991-10-01,11796.4,6250.5,4757.4,1493.1,"{""numberLong"":""686271600""}"
1991-11-01,12286.5,6376.5,4901.0,1475.5,"{""numberLong"":""688950000""}"
1991-12-01,12253.4,6411.4,4918.1,1493.3,"{""numberLong"":""691542000""}"
1992-01-01,12024.5,6213.5,4705.3,1508.2,"{""numberLong"":""694220400""}"
1992-02-01,11805.5,5763.8,4249.3,1514.5,"{""numberLong"":""696898800""}"
1992-03-01,11161.2,5267.2,3734.6,1532.6,"{""numberLong"":""699404400""}"
1992-04-01,10940.5,4975.9,3443.3,1532.6,"{""numberLong"":""702079200""}"
1992-05-01,11378.7,5123.8,3591.2,1532.6,"{""numberLong"":""704671200""}"
1992-06-01,12354.6,5882.8,4350.3,1532.5,"{""numberLong"":""707349600""}"
1992-07-01,14084.3,6584.9,5091.1,1493.8,"{""numberLong"":""709941600""}"
1992-08-01,14905.5,7311.3,5811.5,1499.8,"{""numberLong"":""712620000""}"
1992-09-01,14666.8,7127.4,5633.5,1493.9,"{""numberLong"":""715298400""}"
1992-10-01,14726.7,7174.0,5680.2,1493.8,"{""numberLong"":""717894000""}"
1992-11-01,13763.6,7123.6,5626.8,1496.8,"{""numberLong"":""720572400""}"
1992-12-01,15253.7,7609.7,6116.0,1493.7,"{""numberLong"":""723164400""}"
1993-01-01,15375.0,7874.3,6380.4,1493.9,"{""numberLong"":""725842800""}"
1993-02-01,15768.6,8629.9,7135.8,1494.1,"{""numberLong"":""728521200""}"
1993-03-01,14804.6,8588.3,7097.1,1491.2,"{""numberLong"":""730940400""}"
1993-04-01,16351.5,8263.3,6772.1,1491.2,"{""numberLong"":""733615200""}"
1993-05-01,16931.8,8533.9,7054.4,1479.5,"{""numberLong"":""736207200""}"
1993-06-01,15194.5,8283.7,6804.2,1479.5,"{""numberLong"":""738885600""}"
1993-07-01,17031.4,8530.6,7051.1,1479.5,"{""numberLong"":""741477600""}"
1993-08-01,15992.8,8532.9,7053.5,1479.4,"{""numberLong"":""744156000""}"
1993-09-01,16513.8,8462.0,6970.7,1491.3,"{""numberLong"":""746834400""}"
1993-10-01,17799.8,8341.4,6853.2,1488.2,"{""numberLong"":""749430000""}"
1993-11-01,16579.4,8686.0,7197.9,1488.1,"{""numberLong"":""752108400""}"
1993-12-01,17762.1,7701.3,6213.2,1488.1,"{""numberLong"":""754700400""}"
1994-01-01,15962.0,7012.0,5523.9,1488.1,"{""numberLong"":""757378800""}"
1994-02-01,14555.7,5936.2,4448.1,1488.1,"{""numberLong"":""760057200""}"
1994-03-01,13004.5,4782.5,3294.4,1488.1,"{""numberLong"":""762476400""}"
1994-04-01,12744.1,4808.8,3320.7,1488.1,"{""numberLong"":""765151200""}"
1994-05-01,12574.6,5048.4,3572.1,1476.3,"{""numberLong"":""767743200""}"
1994-06-01,13844.5,5733.4,4257.1,1476.3,"{""numberLong"":""770421600""}"
1994-07-01,15300.0,6974.9,5496.0,1478.9,"{""numberLong"":""773013600""}"
1994-08-01,15323.7,7695.4,6242.3,1453.1,"{""numberLong"":""775692000""}"
1994-09-01,16635.5,8180.1,6741.2,1438.9,"{""numberLong"":""778370400""}"
1994-10-01,16643.4,8232.3,6814.3,1418.0,"{""numberLong"":""780966000""}"
1994-11-01,16460.9,8663.6,7253.6,1410.0,"{""numberLong"":""783644400""}"
1994-12-01,16519.1,8522.1,7112.1,1410.0,"{""numberLong"":""786236400""}"
1995-01-01,18177.2,10698.9,9298.6,1400.3,"{""numberLong"":""788914800""}"
1995-02-01,19474.9,12239.9,10839.6,1400.3,"{""numberLong"":""791593200""}"
1995-03-01,19420.3,12692.7,11292.4,1400.3,"{""numberLong"":""794012400""}"
1995-04-01,20360.6,13697.2,12314.4,1382.8,"{""numberLong"":""796687200""}"
1995-05-01,20149.0,13715.2,12332.3,1382.9,"{""numberLong"":""799279200""}"
1995-06-01,21226.7,14732.5,13349.5,1383.0,"{""numberLong"":""801957600""}"
1995-07-01,22937.1,15987.0,14603.9,1383.1,"{""numberLong"":""804549600""}"
1995-08-01,23522.1,16697.2,15313.7,1383.5,"{""numberLong"":""807228000""}"
1995-09-01,24915.3,17557.7,16174.3,1383.4,"{""numberLong"":""809906400""}"
1995-10-01,25414.2,18113.5,16730.4,1383.1,"{""numberLong"":""812502000""}"
1995-11-01,24170.6,16078.7,14695.7,1383.0,"{""numberLong"":""815180400""}"
1995-12-01,23336.4,13773.7,12390.6,1383.1,"{""numberLong"":""817772400""}"
1996-01-01,22854.2,15114.9,13731.7,1383.2,"{""numberLong"":""820450800""}"
1996-02-01,23142.7,15854.3,14471.0,1383.3,"{""numberLong"":""823129200""}"
1996-03-01,22898.5,15298.5,13915.3,1383.2,"{""numberLong"":""825634800""}"
1996-04-01,24073.4,16805.8,15422.6,1383.2,"{""numberLong"":""828309600""}"
1996-05-01,23870.3,16571.0,15187.8,1383.2,"{""numberLong"":""830901600""}"
1996-06-01,24725.4,17252.7,15869.5,1383.2,"{""numberLong"":""833580000""}"
1996-07-01,24557.5,16795.8,15412.6,1383.2,"{""numberLong"":""836172000""}"
1996-08-01,25416.8,17598.2,16215.3,1382.9,"{""numberLong"":""838850400""}"
1996-09-01,26036.6,18645.4,17262.5,1382.9,"{""numberLong"":""841528800""}"
1996-10-01,25927.9,18729.2,17346.3,1382.9,"{""numberLong"":""844120800""}"
1996-11-01,25471.8,18930.1,17547.1,1383.0,"{""numberLong"":""846802800""}"
1996-12-01,25054.1,17702.2,16319.0,1383.2,"{""numberLong"":""849394800""}"
