dt,KB_A01,KB_A05,KB_A08,KB_A09,UNIXTIME
1979-12-01,96.8,9.1,92.2,321.4,"{""numberLong"":""312850800""}"
1980-01-01,,,,,"{""numberLong"":""315529200""}"
1980-02-01,,,,,"{""numberLong"":""318207600""}"
1980-03-01,,,,,"{""numberLong"":""320713200""}"
1980-04-01,,,,,"{""numberLong"":""323388000""}"
1980-05-01,,,,,"{""numberLong"":""325980000""}"
1980-06-01,,,,,"{""numberLong"":""328658400""}"
1980-07-01,,,,,"{""numberLong"":""331250400""}"
1980-08-01,,,,,"{""numberLong"":""333928800""}"
1980-09-01,,,,,"{""numberLong"":""336607200""}"
1980-10-01,,,,,"{""numberLong"":""339202800""}"
1980-11-01,,,,,"{""numberLong"":""341881200""}"
1980-12-01,141.1,48.7,195.4,721.2,"{""numberLong"":""344473200""}"
1981-01-01,,,,,"{""numberLong"":""347151600""}"
1981-02-01,,,,,"{""numberLong"":""349830000""}"
1981-03-01,,,,,"{""numberLong"":""352249200""}"
1981-04-01,,,,,"{""numberLong"":""354924000""}"
1981-05-01,,,,,"{""numberLong"":""357516000""}"
1981-06-01,,,,,"{""numberLong"":""360194400""}"
1981-07-01,,,,,"{""numberLong"":""362786400""}"
1981-08-01,,,,,"{""numberLong"":""365464800""}"
1981-09-01,,,,,"{""numberLong"":""368143200""}"
1981-10-01,,,,,"{""numberLong"":""370738800""}"
1981-11-01,,,,,"{""numberLong"":""373417200""}"
1981-12-01,159.9,88.0,234.0,990.9,"{""numberLong"":""376009200""}"
1982-01-01,,,,,"{""numberLong"":""378687600""}"
1982-02-01,,,,,"{""numberLong"":""381366000""}"
1982-03-01,,,,,"{""numberLong"":""383785200""}"
1982-04-01,,,,,"{""numberLong"":""386460000""}"
1982-05-01,,,,,"{""numberLong"":""389052000""}"
1982-06-01,,,,,"{""numberLong"":""391730400""}"
1982-07-01,,,,,"{""numberLong"":""394322400""}"
1982-08-01,,,,,"{""numberLong"":""397000800""}"
1982-09-01,,,,,"{""numberLong"":""399679200""}"
1982-10-01,,,,,"{""numberLong"":""402274800""}"
1982-11-01,,,,,"{""numberLong"":""404953200""}"
1982-12-01,185.9,152.5,266.3,1340.8,"{""numberLong"":""407545200""}"
1983-01-01,,,,,"{""numberLong"":""410223600""}"
1983-02-01,,,,,"{""numberLong"":""412902000""}"
1983-03-01,,,,,"{""numberLong"":""415321200""}"
1983-04-01,,,,,"{""numberLong"":""417996000""}"
1983-05-01,,,,,"{""numberLong"":""420588000""}"
1983-06-01,,,,,"{""numberLong"":""423266400""}"
1983-07-01,,,,,"{""numberLong"":""425858400""}"
1983-08-01,,,,,"{""numberLong"":""428536800""}"
1983-09-01,,,,,"{""numberLong"":""431215200""}"
1983-10-01,,,,,"{""numberLong"":""433810800""}"
1983-11-01,,,,,"{""numberLong"":""436489200""}"
1983-12-01,360.2,56.2,338.5,3172.6,"{""numberLong"":""439081200""}"
1984-01-01,,,,,"{""numberLong"":""441759600""}"
1984-02-01,,,,,"{""numberLong"":""444438000""}"
1984-03-01,,,,,"{""numberLong"":""446943600""}"
1984-04-01,,,,,"{""numberLong"":""449618400""}"
1984-05-01,,,,,"{""numberLong"":""452210400""}"
1984-06-01,,,,,"{""numberLong"":""454888800""}"
1984-07-01,,,,,"{""numberLong"":""457480800""}"
1984-08-01,,,,,"{""numberLong"":""460159200""}"
1984-09-01,,,,,"{""numberLong"":""462837600""}"
1984-10-01,,,,,"{""numberLong"":""465433200""}"
1984-11-01,,,,,"{""numberLong"":""468111600""}"
1984-12-01,530.8,339.9,528.3,4634.4,"{""numberLong"":""470703600""}"
1985-01-01,,,,,"{""numberLong"":""473382000""}"
1985-02-01,,,,,"{""numberLong"":""476060400""}"
1985-03-01,,,,,"{""numberLong"":""478479600""}"
1985-04-01,,,,,"{""numberLong"":""481154400""}"
1985-05-01,,,,,"{""numberLong"":""483746400""}"
1985-06-01,,,,,"{""numberLong"":""486424800""}"
1985-07-01,,,,,"{""numberLong"":""489016800""}"
1985-08-01,,,,,"{""numberLong"":""491695200""}"
1985-09-01,,,,,"{""numberLong"":""494373600""}"
1985-10-01,,,,,"{""numberLong"":""496969200""}"
1985-11-01,,,,,"{""numberLong"":""499647600""}"
1985-12-01,1031.8,490.3,794.5,6972.6,"{""numberLong"":""502239600""}"
1986-01-01,,,,,"{""numberLong"":""504918000""}"
1986-02-01,,,,,"{""numberLong"":""507596400""}"
1986-03-01,,,,,"{""numberLong"":""510015600""}"
1986-04-01,,,,,"{""numberLong"":""512690400""}"
1986-05-01,,,,,"{""numberLong"":""515282400""}"
1986-06-01,,,,,"{""numberLong"":""517960800""}"
1986-07-01,,,,,"{""numberLong"":""520552800""}"
1986-08-01,,,,,"{""numberLong"":""523231200""}"
1986-09-01,,,,,"{""numberLong"":""525909600""}"
1986-10-01,,,,,"{""numberLong"":""528505200""}"
1986-11-01,,,,,"{""numberLong"":""531183600""}"
1986-12-01,1511.3,822.5,1051.5,10514.5,"{""numberLong"":""533775600""}"
1987-01-01,,,,,"{""numberLong"":""536454000""}"
1987-02-01,,,,,"{""numberLong"":""539132400""}"
1987-03-01,,,,,"{""numberLong"":""541551600""}"
1987-04-01,,,,,"{""numberLong"":""544226400""}"
1987-05-01,,,,,"{""numberLong"":""546818400""}"
1987-06-01,,,,,"{""numberLong"":""549496800""}"
1987-07-01,,,,,"{""numberLong"":""552088800""}"
1987-08-01,,,,,"{""numberLong"":""554767200""}"
1987-09-01,,,,,"{""numberLong"":""557445600""}"
1987-10-01,,,,,"{""numberLong"":""560041200""}"
1987-11-01,,,,,"{""numberLong"":""562719600""}"
1987-12-01,2407.2,1923.3,1406.6,17218.5,"{""numberLong"":""565311600""}"
1988-01-01,,,,,"{""numberLong"":""567990000""}"
1988-02-01,,,,,"{""numberLong"":""570668400""}"
1988-03-01,,,,,"{""numberLong"":""573174000""}"
1988-04-01,,,,,"{""numberLong"":""575848800""}"
1988-05-01,,,,,"{""numberLong"":""578440800""}"
1988-06-01,,,,,"{""numberLong"":""581119200""}"
1988-07-01,,,,,"{""numberLong"":""583711200""}"
1988-08-01,,,,,"{""numberLong"":""586389600""}"
1988-09-01,,,,,"{""numberLong"":""589068000""}"
1988-10-01,,,,,"{""numberLong"":""591663600""}"
1988-11-01,,,,,"{""numberLong"":""594342000""}"
1988-12-01,4880.3,2541.9,2081.9,28458.1,"{""numberLong"":""596934000""}"
1989-01-01,5039.8,2868.4,2163.8,29233.9,"{""numberLong"":""599612400""}"
1989-02-01,5319.8,2855.3,2333.4,29670.4,"{""numberLong"":""602290800""}"
1989-03-01,5611.7,2931.0,2172.7,29877.3,"{""numberLong"":""604710000""}"
1989-04-01,6621.9,2736.7,2154.1,30864.6,"{""numberLong"":""607384800""}"
1989-05-01,7201.9,2764.2,2240.6,32242.8,"{""numberLong"":""609976800""}"
1989-06-01,7359.2,2681.7,2749.3,32826.3,"{""numberLong"":""612655200""}"
1989-07-01,7389.6,2720.5,2916.1,33062.3,"{""numberLong"":""615247200""}"
1989-08-01,7674.6,3579.6,2750.0,34040.3,"{""numberLong"":""617925600""}"
1989-09-01,8078.6,4024.9,3091.1,35230.7,"{""numberLong"":""620604000""}"
1989-10-01,9106.0,4212.7,2494.2,35849.0,"{""numberLong"":""623199600""}"
1989-11-01,10633.6,3745.4,2121.9,36537.0,"{""numberLong"":""625878000""}"
1989-12-01,10863.0,3537.3,2538.9,41934.1,"{""numberLong"":""628470000""}"
1990-01-01,13323.2,3852.9,2019.1,44190.1,"{""numberLong"":""631148400""}"
1990-02-01,14216.6,3871.1,1525.3,44607.9,"{""numberLong"":""633826800""}"
1990-03-01,15601.9,3380.2,2051.6,46028.6,"{""numberLong"":""636246000""}"
1990-04-01,16137.0,3164.5,3095.6,47392.0,"{""numberLong"":""638920800""}"
1990-05-01,16600.9,3034.2,2845.0,47475.0,"{""numberLong"":""641512800""}"
1990-06-01,17709.8,3070.9,3156.9,48932.5,"{""numberLong"":""644191200""}"
1990-07-01,18406.5,2968.0,3109.7,47366.7,"{""numberLong"":""646783200""}"
1990-08-01,18318.7,3467.4,3176.7,49467.9,"{""numberLong"":""649461600""}"
1990-09-01,18057.0,3968.6,2910.9,50158.7,"{""numberLong"":""652140000""}"
1990-10-01,17719.4,4213.3,3027.8,50182.7,"{""numberLong"":""654735600""}"
1990-11-01,17818.3,4943.2,2630.4,50614.1,"{""numberLong"":""657414000""}"
1990-12-01,18801.2,5468.6,2870.2,57180.0,"{""numberLong"":""660006000""}"
1991-01-01,18754.7,5569.5,3128.0,58792.2,"{""numberLong"":""662684400""}"
1991-02-01,18875.4,5724.7,2778.8,59718.9,"{""numberLong"":""665362800""}"
1991-03-01,19588.8,7045.2,5079.8,65053.8,"{""numberLong"":""667782000""}"
1991-04-01,21904.4,7832.1,5366.7,66143.2,"{""numberLong"":""670456800""}"
1991-05-01,21850.9,9013.4,3972.0,65876.3,"{""numberLong"":""673048800""}"
1991-06-01,22285.2,9037.7,5504.5,67867.4,"{""numberLong"":""675727200""}"
1991-07-01,22765.7,11228.6,4815.0,70156.8,"{""numberLong"":""678319200""}"
1991-08-01,21428.0,14581.3,4455.9,71505.2,"{""numberLong"":""680997600""}"
1991-09-01,21711.1,16303.2,6968.1,76022.4,"{""numberLong"":""683676000""}"
1991-10-01,22587.9,15776.3,11426.8,80831.0,"{""numberLong"":""686271600""}"
1991-11-01,23404.2,16682.7,10908.4,81499.2,"{""numberLong"":""688950000""}"
1991-12-01,24678.4,18258.0,13589.4,97647.8,"{""numberLong"":""691542000""}"
1992-01-01,25818.1,20957.5,13190.4,96880.0,"{""numberLong"":""694220400""}"
1992-02-01,28541.5,18027.6,16282.2,99765.3,"{""numberLong"":""696898800""}"
1992-03-01,34049.7,17197.2,23018.2,106179.1,"{""numberLong"":""699404400""}"
1992-04-01,37615.7,17277.4,26151.9,110769.0,"{""numberLong"":""702079200""}"
1992-05-01,39857.9,18145.2,26237.7,113964.8,"{""numberLong"":""704671200""}"
1992-06-01,41719.3,19575.5,27143.4,118162.2,"{""numberLong"":""707349600""}"
1992-07-01,43775.5,23681.1,24752.9,121933.5,"{""numberLong"":""709941600""}"
1992-08-01,47559.2,26707.8,23054.5,127045.5,"{""numberLong"":""712620000""}"
1992-09-01,52385.3,29352.3,24618.6,136080.2,"{""numberLong"":""715298400""}"
1992-10-01,58535.4,30947.6,25312.3,144519.3,"{""numberLong"":""717894000""}"
1992-11-01,57871.0,33514.7,26911.3,147484.9,"{""numberLong"":""720572400""}"
1992-12-01,86387.7,42246.7,31000.0,194236.6,"{""numberLong"":""723164400""}"
1993-01-01,91164.8,48466.8,33150.1,207383.9,"{""numberLong"":""725842800""}"
1993-02-01,92897.7,60077.2,34751.7,219328.8,"{""numberLong"":""728521200""}"
1993-03-01,93929.9,75128.7,36942.9,232603.7,"{""numberLong"":""730940400""}"
1993-04-01,95288.3,73528.6,42411.6,237830.7,"{""numberLong"":""733615200""}"
1993-05-01,96569.7,76923.9,45692.9,245788.7,"{""numberLong"":""736207200""}"
1993-06-01,103668.8,80624.8,41164.7,252060.5,"{""numberLong"":""738885600""}"
1993-07-01,103337.8,92283.6,36164.4,258388.0,"{""numberLong"":""741477600""}"
1993-08-01,128523.7,101852.8,35038.4,292017.1,"{""numberLong"":""744156000""}"
1993-09-01,142645.9,89224.7,41777.9,300250.7,"{""numberLong"":""746834400""}"
1993-10-01,158252.2,82724.8,49880.6,317379.4,"{""numberLong"":""749430000""}"
1993-11-01,170093.8,74615.8,59273.9,329969.2,"{""numberLong"":""752108400""}"
1993-12-01,190505.0,64488.1,70421.0,357346.6,"{""numberLong"":""754700400""}"
1994-01-01,206348.9,62650.1,87804.1,378735.6,"{""numberLong"":""757378800""}"
1994-02-01,208577.2,74756.7,116977.2,413243.6,"{""numberLong"":""760057200""}"
1994-03-01,210125.2,85809.7,122370.3,418337.7,"{""numberLong"":""762476400""}"
1994-04-01,212777.0,94888.2,121444.4,429142.1,"{""numberLong"":""765151200""}"
1994-05-01,216612.1,111148.1,121726.7,449519.4,"{""numberLong"":""767743200""}"
1994-06-01,230641.8,144572.2,92783.2,468029.7,"{""numberLong"":""770421600""}"
1994-07-01,253883.3,158603.3,96741.7,509260.8,"{""numberLong"":""773013600""}"
1994-08-01,247158.5,200864.1,102735.2,550790.3,"{""numberLong"":""775692000""}"
1994-09-01,240826.9,228124.3,97000.4,565984.1,"{""numberLong"":""778370400""}"
1994-10-01,223447.8,271915.7,106028.8,601424.8,"{""numberLong"":""780966000""}"
1994-11-01,227545.1,272488.0,114981.4,615047.0,"{""numberLong"":""783644400""}"
1994-12-01,239384.5,304229.7,122278.0,799309.0,"{""numberLong"":""786236400""}"
1995-01-01,242517.0,418286.0,118738.7,851958.5,"{""numberLong"":""788914800""}"
1995-02-01,243285.5,534693.4,117629.6,898025.3,"{""numberLong"":""791593200""}"
1995-03-01,292933.7,531149.5,121502.6,948002.6,"{""numberLong"":""794012400""}"
1995-04-01,357579.8,493570.2,156189.4,1009756.2,"{""numberLong"":""796687200""}"
1995-05-01,387670.0,587158.7,137469.8,1114715.3,"{""numberLong"":""799279200""}"
1995-06-01,399573.9,599226.8,105802.9,1107020.4,"{""numberLong"":""801957600""}"
1995-07-01,439381.0,585558.8,99959.1,1124899.0,"{""numberLong"":""804549600""}"
1995-08-01,495912.5,602808.4,88901.2,1187622.2,"{""numberLong"":""807228000""}"
1995-09-01,502304.2,567494.3,120374.8,1190173.4,"{""numberLong"":""809906400""}"
1995-10-01,498534.0,598303.0,121798.0,1218635.1,"{""numberLong"":""812502000""}"
1995-11-01,502587.0,611664.0,133736.0,1247987.1,"{""numberLong"":""815180400""}"
1995-12-01,511769.0,631298.0,192000.0,1361007.0,"{""numberLong"":""817772400""}"
1996-01-01,593621.0,848311.0,202472.0,1670344.0,"{""numberLong"":""820450800""}"
1996-02-01,631931.0,899907.0,218798.0,1776576.0,"{""numberLong"":""823129200""}"
1996-03-01,604520.0,1015000.0,260784.0,1906244.0,"{""numberLong"":""825634800""}"
1996-04-01,555542.0,1289148.0,248671.0,2093401.0,"{""numberLong"":""828309600""}"
1996-05-01,591168.0,1344752.0,146922.0,2082882.0,"{""numberLong"":""830901600""}"
1996-06-01,634799.0,1408012.0,140728.0,2183579.0,"{""numberLong"":""833580000""}"
1996-07-01,625690.0,1509970.0,239666.0,2375366.0,"{""numberLong"":""836172000""}"
1996-08-01,561096.0,1687266.0,241537.0,2489939.0,"{""numberLong"":""838850400""}"
1996-09-01,671889.0,1893968.0,168478.0,2734375.0,"{""numberLong"":""841528800""}"
1996-10-01,850225.0,1875972.0,164646.0,2890883.0,"{""numberLong"":""844120800""}"
1996-11-01,1001008.0,1745515.0,216100.0,2962663.0,"{""numberLong"":""846802800""}"
1996-12-01,1250154.0,1527838.0,370953.0,3148985.0,"{""numberLong"":""849394800""}"
