dt,PYUK1,PYUK2,PYUK3,PYUK4
2005-01-07,15098.0,11339.0,-55.0,-609.0
2005-01-14,16151.0,12433.0,317.0,662.0
2005-01-21,16847.0,12416.0,368.0,-236.0
2005-01-28,17506.0,13460.0,343.0,953.0
2005-02-04,18069.0,14004.0,262.0,276.0
2005-02-11,18387.0,14144.0,257.0,216.0
2005-02-18,18188.0,15044.0,67.0,618.0
2005-02-25,18908.0,15826.0,-24.0,665.0
2005-03-04,18877.0,16335.0,110.0,216.0
2005-03-11,19935.0,16082.0,678.0,-304.0
2005-03-18,17728.0,15486.0,-181.0,-114.0
2005-03-25,17158.0,14650.0,-77.0,-530.0
2005-04-01,17139.0,14551.0,-68.0,-156.0
2005-04-08,17431.0,14733.0,134.0,27.0
2005-04-15,16249.0,14644.0,-21.0,-4.0
2005-04-22,16849.0,14637.0,205.0,159.0
2005-04-29,16227.0,14841.0,31.0,317.0
2005-05-06,17047.0,15702.0,-13.0,466.0
2005-05-13,17306.0,15621.0,70.0,30.0
2005-05-20,17234.0,15441.0,-25.0,20.0
2005-05-27,16580.0,15393.0,29.0,-41.0
2005-06-03,18024.0,16218.0,164.0,395.0
2005-06-10,18049.0,16327.0,242.0,183.0
2005-06-17,18635.0,16481.0,48.0,192.0
2005-06-24,19231.0,16485.0,133.0,-137.0
2005-07-01,19545.0,17032.0,51.0,319.0
2005-07-08,19991.0,16886.0,93.0,29.0
2005-07-15,21083.0,17113.0,265.0,-85.0
2005-07-22,21466.0,16979.0,104.0,-254.0
2005-07-29,22058.0,17372.0,90.0,453.0
2005-08-05,23013.0,17822.0,313.0,144.0
2005-08-12,21864.0,17332.0,109.0,-440.0
2005-08-19,20988.0,16340.0,-81.0,-486.0
2005-08-26,22270.0,16342.0,79.0,138.0
2005-09-02,24372.0,16986.0,144.0,279.0
2005-09-09,24959.0,17416.0,268.0,313.0
2005-09-16,26045.0,17234.0,62.0,-128.0
2005-09-23,26092.0,17383.0,223.0,70.0
2005-09-30,26106.0,17323.0,140.0,-1.0
2005-10-07,26043.0,17452.0,102.0,161.0
2005-10-14,24468.0,17557.0,-85.0,178.0
2005-10-21,24076.0,17433.0,-235.0,-138.0
2005-10-28,23380.0,17396.0,42.0,-249.0
2005-11-04,25202.0,17696.0,-46.0,436.0
2005-11-11,26797.0,17514.0,166.0,-75.0
2005-11-18,28555.0,17981.0,173.0,353.0
2005-11-25,30556.0,18117.0,517.0,70.0
2005-12-02,32343.0,18513.0,205.0,352.0
2005-12-09,31519.0,19325.0,2.0,780.0
2005-12-16,31531.0,19529.0,-11.0,26.0
2005-12-23,32424.0,19477.0,-34.0,-40.0
2005-12-30,33387.0,20139.0,180.0,565.0
2006-01-06,35850.0,20539.0,156.0,150.0
2006-01-13,,,,
2006-01-20,38127.0,20178.0,43.0,-473.0
2006-01-27,39809.0,20925.0,172.0,527.0
2006-02-03,38746.0,20937.0,117.0,37.0
2006-02-10,38447.0,20483.0,-26.0,-453.0
2006-02-17,40233.0,20933.0,116.0,617.0
2006-02-24,41106.0,21217.0,113.0,181.0
2006-03-03,41384.0,22533.0,30.0,1026.0
2006-03-10,36253.0,21500.0,-94.0,-497.0
2006-03-17,38586.0,21838.0,-41.0,170.0
2006-03-24,37788.0,21475.0,81.0,-285.0
2006-03-31,36690.0,21316.0,-26.0,-62.0
2006-04-07,37738.0,21846.0,-163.0,231.0
2006-04-14,35609.0,21704.0,-111.0,-46.0
2006-04-21,38356.0,22321.0,62.0,423.0
2006-04-28,37886.0,21731.0,409.0,-690.0
2006-05-05,38902.0,21041.0,33.0,-734.0
2006-05-12,36361.0,20685.0,268.0,104.0
2006-05-19,32677.0,19350.0,-122.0,-1052.0
2006-05-26,28948.0,16147.0,-118.0,-1876.0
2006-06-02,29584.0,15905.0,138.0,-48.0
2006-06-09,26334.0,15675.0,-66.0,-315.0
2006-06-16,25533.0,14964.0,-122.0,-314.0
2006-06-23,23954.0,14116.0,71.0,-300.0
2006-06-30,26075.0,14343.0,1.0,-130.0
2006-07-07,27190.0,13969.0,200.0,-586.0
2006-07-14,25919.0,14271.0,43.0,152.0
2006-07-21,26880.0,15670.0,-76.0,1158.0
2006-07-28,28378.0,16041.0,105.0,-77.0
2006-08-04,28736.0,16289.0,27.0,62.0
2006-08-11,31062.0,19285.0,102.0,2553.0
2006-08-18,31428.0,19208.0,142.0,-155.0
2006-08-25,29886.0,18399.0,-80.0,-226.0
2006-09-01,30876.0,18648.0,-46.0,-111.0
2006-09-08,30709.0,18312.0,76.0,-70.0
2006-09-15,31012.0,19575.0,32.0,1245.0
2006-09-22,30137.0,19202.0,20.0,-418.0
2006-09-29,30188.0,19386.0,46.0,438.0
2006-10-06,30025.0,20598.0,-9.0,1168.0
2006-10-13,31532.0,21662.0,122.0,854.0
2006-10-20,33323.0,23117.0,228.0,1108.0
2006-10-27,34324.0,23175.0,61.0,-204.0
2006-11-03,31913.0,22842.0,233.0,-203.0
2006-11-10,33937.0,24391.0,-7.0,1264.0
2006-11-17,33342.0,24734.0,-49.0,114.0
2006-11-24,31816.0,23324.0,489.0,-842.0
2006-12-01,32818.0,23994.0,-59.0,246.0
2006-12-08,33592.0,25984.0,-717.0,1667.0
2006-12-15,34386.0,26302.0,157.0,14.0
2006-12-22,33537.0,25928.0,-3.0,-348.0
2006-12-29,33816.0,26721.0,-106.0,547.0
2007-01-05,33291.0,26858.0,-31.0,-20.0
2007-01-12,30875.0,26385.0,-1698.0,-130.0
2007-01-19,33582.0,27682.0,342.0,979.0
2007-01-26,34882.0,29766.0,87.0,1931.0
2007-02-02,36242.0,30248.0,-27.0,152.0
2007-02-09,35900.0,30241.0,187.0,-109.0
2007-02-16,37417.0,31129.0,-57.0,1003.0
2007-02-23,37407.0,31981.0,271.0,809.0
2007-03-02,33616.0,30258.0,24.0,-969.0
2007-03-09,34535.0,30146.0,-121.0,-66.0
2007-03-16,34670.0,30383.0,19.0,136.0
2007-03-23,37375.0,30196.0,157.0,-1054.0
2007-03-30,37654.0,29711.0,196.0,-234.0
2007-04-06,40331.0,30241.0,208.0,-398.0
2007-04-13,40672.0,29621.0,260.0,-422.0
2007-04-20,42073.0,32040.0,31.0,2021.0
2007-04-27,43097.0,33769.0,199.0,630.0
2007-05-04,40150.0,33161.0,39.0,113.0
2007-05-11,41951.0,32105.0,1339.0,-1594.0
2007-05-18,44109.0,33411.0,400.0,713.0
2007-05-25,43850.0,32985.0,138.0,-399.0
2007-06-01,44842.0,33525.0,76.0,305.0
2007-06-08,42391.0,33526.0,98.0,-251.0
2007-06-15,43167.0,33521.0,-151.0,292.0
2007-06-22,44929.0,33779.0,598.0,-462.0
2007-06-29,44482.0,32784.0,31.0,-904.0
2007-07-06,50037.0,35019.0,475.0,1352.0
2007-07-13,53200.0,35513.0,279.0,348.0
2007-07-20,54621.0,36111.0,162.0,201.0
2007-07-27,53248.0,35853.0,536.0,-40.0
2007-08-03,52407.0,34663.0,-258.0,-605.0
2007-08-10,50893.0,34962.0,-86.0,-88.0
2007-08-17,42486.0,29786.0,-188.0,-1631.0
2007-08-24,46574.0,30597.0,-127.0,-669.0
2007-08-31,48764.0,30349.0,131.0,-110.0
2007-09-07,49878.0,30992.0,189.0,-266.0
2007-09-14,52156.0,31339.0,148.0,-69.0
2007-09-21,57371.0,33753.0,447.0,1027.0
2007-09-28,59010.0,33217.0,46.0,-1286.0
2007-10-05,61778.0,33563.0,40.0,-133.0
2007-10-12,64370.0,34806.0,870.0,468.0
2007-10-19,61455.0,34008.0,155.0,-290.0
2007-10-26,62201.0,34063.0,-186.0,-140.0
2007-11-02,64320.0,34449.0,94.0,-387.0
2007-11-09,61157.0,33821.0,-56.0,-242.0
2007-11-16,61374.0,33266.0,-166.0,-691.0
2007-11-23,58325.0,31345.0,117.0,-1347.0
2007-11-30,60549.0,30651.0,-123.0,-1012.0
2007-12-07,64389.0,31352.0,305.0,262.0
2007-12-14,63755.0,32189.0,205.0,504.0
2007-12-21,60983.0,31643.0,-168.0,-272.0
2007-12-28,63886.0,32035.0,-1.0,-77.0
2008-01-04,62070.0,32113.0,31.0,-212.0
2008-01-11,60234.0,33082.0,-94.0,487.0
2008-01-18,55279.0,32983.0,-303.0,527.0
2008-01-25,51425.0,32338.0,-60.0,159.0
2008-02-01,50624.0,33970.0,-53.0,812.0
2008-02-08,46901.0,32976.0,-7.0,-309.0
2008-02-15,50215.0,32395.0,-19.0,-696.0
2008-02-22,50986.0,32640.0,192.0,950.0
2008-02-29,51362.0,33407.0,10.0,19.0
2008-03-07,45968.0,31906.0,-245.0,-400.0
2008-03-14,46887.0,30942.0,78.0,71.0
2008-03-21,43412.0,29969.0,-125.0,-809.0
2008-03-28,42983.0,29959.0,-65.0,392.0
2008-04-04,43156.0,29031.0,-151.0,-665.0
2008-04-11,43535.0,28433.0,55.0,-19.0
2008-04-18,42520.0,27038.0,-126.0,-985.0
2008-04-25,44952.0,27356.0,96.0,-387.0
2008-05-02,45161.0,27471.0,60.0,-318.0
2008-05-09,44956.0,28090.0,760.0,380.0
2008-05-16,47644.0,28676.0,1063.0,121.0
2008-05-23,44704.0,28491.0,-163.0,-172.0
2008-05-30,45449.0,29024.0,-118.0,-90.0
2008-06-06,45440.0,28318.0,115.0,-583.0
2008-06-13,40544.0,27678.0,79.0,165.0
2008-06-20,42501.0,28146.0,1154.0,-274.0
2008-06-27,40040.0,28774.0,484.0,292.0
2008-07-04,38224.0,28841.0,-33.0,988.0
2008-07-11,40151.0,30180.0,110.0,220.0
2008-07-18,43810.0,31418.0,31.0,645.0
2008-07-25,43836.0,31425.0,183.0,-5.0
2008-08-01,50831.0,32335.0,537.0,-658.0
2008-08-08,49168.0,32277.0,-41.0,-192.0
2008-08-15,49027.0,31514.0,-687.0,-375.0
2008-08-22,46212.0,31141.0,-454.0,221.0
2008-08-29,45856.0,31654.0,-64.0,401.0
2008-09-05,43191.0,31065.0,33.0,196.0
2008-09-12,40310.0,29203.0,-36.0,-737.0
2008-09-19,37585.0,28176.0,-331.0,-187.0
2008-09-26,39487.0,29412.0,74.0,-54.0
2008-10-03,37301.0,27881.0,29.0,-257.0
2008-10-10,27494.0,23453.0,-504.0,-1165.0
2008-10-17,24004.0,20579.0,-422.0,-827.0
2008-10-24,18752.0,17079.0,-279.0,-638.0
2008-10-31,23531.0,18820.0,-188.0,-539.0
2008-11-07,23353.0,18418.0,149.0,-503.0
2008-11-14,20438.0,17161.0,-150.0,-50.0
2008-11-21,16683.0,16197.0,-263.0,-416.0
2008-11-28,21141.0,18057.0,8.0,149.0
2008-12-05,20157.0,18684.0,69.0,213.0
2008-12-12,20491.0,18757.0,9.0,-49.0
2008-12-19,22754.0,19888.0,153.0,246.0
2008-12-26,22890.0,20239.0,37.0,143.0
2009-01-02,23228.0,20308.0,-13.0,-113.0
2009-01-09,22444.0,20451.0,109.0,312.0
2009-01-16,20904.0,19904.0,-107.0,227.0
2009-01-23,19461.0,18795.0,-157.0,-805.0
2009-01-30,20852.0,18472.0,52.0,-739.0
2009-02-06,21102.0,18594.0,12.0,307.0
2009-02-13,20008.0,18433.0,-31.0,-62.0
2009-02-20,18223.0,16852.0,-218.0,-891.0
2009-02-27,18145.0,16226.0,-94.0,-618.0
2009-03-06,16919.0,15424.0,-66.0,-332.0
2009-03-13,17166.0,15378.0,-213.0,205.0
2009-03-20,17881.0,16451.0,12.0,240.0
2009-03-27,19486.0,16324.0,226.0,-457.0
2009-04-03,20849.0,16678.0,138.0,-152.0
2009-04-10,23080.0,17869.0,254.0,498.0
2009-04-17,23485.0,17427.0,143.0,-263.0
2009-04-24,22781.0,17089.0,185.0,27.0
2009-05-01,25135.0,17226.0,318.0,-784.0
2009-05-08,27224.0,18699.0,307.0,628.0
2009-05-15,27001.0,18513.0,2.0,198.0
2009-05-22,29661.0,18751.0,272.0,-303.0
2009-05-29,29148.0,19013.0,82.0,660.0
2009-06-05,29277.0,19035.0,-84.0,-358.0
2009-06-12,29051.0,18732.0,-23.0,-225.0
2009-06-19,29689.0,18999.0,57.0,349.0
2009-06-26,30600.0,18992.0,82.0,-225.0
2009-07-03,31661.0,19486.0,128.0,-1.0
2009-07-10,30965.0,19279.0,-98.0,-31.0
2009-07-17,32433.0,19970.0,-6.0,526.0
2009-07-24,34759.0,20522.0,-1.0,4.0
2009-07-31,37679.0,20894.0,189.0,40.0
2009-08-07,39331.0,21208.0,414.0,12.0
2009-08-14,39912.0,21068.0,-26.0,-42.0
2009-08-21,41533.0,20915.0,132.0,83.0
2009-08-28,41668.0,21237.0,43.0,427.0
2009-09-04,39952.0,21208.0,-56.0,93.0
2009-09-11,40074.0,21401.0,-156.0,257.0
2009-09-18,41819.0,22005.0,9.0,-57.0
2009-09-25,42344.0,22007.0,105.0,45.0
2009-10-02,41396.0,22069.0,61.0,132.0
2009-10-09,45247.0,23123.0,98.0,410.0
2009-10-16,46301.0,23516.0,94.0,58.0
2009-10-23,46390.0,22783.0,43.0,-314.0
2009-10-30,42877.0,21920.0,9.0,-464.0
2009-11-06,41995.0,21810.0,44.0,-65.0
2009-11-13,43589.0,22618.0,195.0,495.0
2009-11-20,40465.0,23145.0,-63.0,652.0
2009-11-27,40224.0,22580.0,-68.0,-1156.0
2009-12-04,44544.0,21930.0,117.0,-699.0
2009-12-11,43987.0,21501.0,192.0,-246.0
2009-12-18,44330.0,20694.0,145.0,-527.0
2009-12-25,45716.0,20843.0,119.0,78.0
2010-01-01,47080.0,21086.0,132.0,390.0
2010-01-08,50549.0,22958.0,175.0,1136.0
2010-01-15,50231.0,23536.0,226.0,131.0
2010-01-22,49661.0,22853.0,41.0,-224.0
2010-01-29,49559.0,22589.0,-32.0,-86.0
2010-02-05,46574.0,22012.0,-70.0,-561.0
2010-02-12,45821.0,21475.0,-260.0,-336.0
2010-02-19,46805.0,21679.0,193.0,423.0
2010-02-26,43216.0,20800.0,-65.0,-503.0
2010-03-05,45451.0,20726.0,-110.0,-94.0
2010-03-12,46249.0,21371.0,108.0,652.0
2010-03-19,47685.0,21982.0,91.0,379.0
2010-03-26,50165.0,22218.0,125.0,424.0
2010-04-02,52032.0,22998.0,164.0,397.0
2010-04-09,53832.0,24399.0,171.0,1205.0
2010-04-16,53178.0,25130.0,14.0,257.0
2010-04-23,53903.0,24984.0,0.0,-164.0
2010-04-30,53988.0,26119.0,-56.0,1201.0
2010-05-07,47472.0,24879.0,-56.0,-388.0
2010-05-14,50477.0,26109.0,-179.0,847.0
2010-05-21,46182.0,25735.0,44.0,557.0
2010-05-28,46222.0,26123.0,-327.0,167.0
2010-06-04,46865.0,26273.0,103.0,137.0
2010-06-11,46462.0,25701.0,-65.0,-221.0
2010-06-18,49620.0,26549.0,329.0,284.0
2010-06-25,48632.0,26019.0,198.0,-359.0
2010-07-02,47583.0,26387.0,-123.0,428.0
2010-07-09,50603.0,27368.0,124.0,365.0
2010-07-16,51857.0,28004.0,124.0,387.0
2010-07-23,53977.0,28732.0,275.0,433.0
2010-07-30,55028.0,28981.0,160.0,-19.0
2010-08-06,55513.0,29225.0,136.0,83.0
2010-08-13,53357.0,29102.0,-106.0,310.0
2010-08-20,54322.0,31647.0,72.0,2191.0
2010-08-27,54145.0,30939.0,-95.0,-322.0
2010-09-03,56303.0,31207.0,109.0,51.0
2010-09-10,56168.0,30804.0,242.0,-590.0
2010-09-17,60461.0,30375.0,293.0,-883.0
2010-09-24,61222.0,31354.0,482.0,858.0
2010-10-01,63751.0,32704.0,319.0,459.0
2010-10-08,67291.0,34582.0,202.0,966.0
2010-10-15,71110.0,35323.0,301.0,178.0
2010-10-22,71357.0,34721.0,240.0,-167.0
2010-10-29,67964.0,33950.0,254.0,-796.0
2010-11-05,73294.0,34955.0,224.0,-139.0
2010-11-12,70523.0,34295.0,196.0,-72.0
2010-11-19,70189.0,34118.0,0.0,254.0
2010-11-26,64394.0,34617.0,-252.0,1384.0
2010-12-03,65420.0,33653.0,414.0,-699.0
2010-12-10,63233.0,34294.0,-78.0,791.0
2010-12-17,60926.0,33308.0,-320.0,-575.0
2010-12-24,61421.0,32555.0,-35.0,-123.0
2010-12-31,61311.0,32710.0,-215.0,50.0
2011-01-07,63785.0,34714.0,215.0,1827.0
2011-01-14,62139.0,34314.0,-187.0,-88.0
2011-01-21,59421.0,35189.0,-355.0,1102.0
2011-01-28,57076.0,34610.0,-218.0,-105.0
2011-02-04,57295.0,34039.0,37.0,-385.0
2011-02-11,56582.0,34094.0,-204.0,505.0
2011-02-18,58684.0,35614.0,-120.0,1066.0
2011-02-25,53598.0,35461.0,-165.0,649.0
2011-03-04,52301.0,37045.0,-440.0,1684.0
2011-03-11,55144.0,37911.0,101.0,344.0
2011-03-18,55330.0,37927.0,28.0,-1.0
2011-03-25,57482.0,39181.0,-106.0,446.0
2011-04-01,58541.0,39675.0,184.0,227.0
2011-04-08,63625.0,42420.0,678.0,1881.0
2011-04-15,62894.0,43454.0,1.0,1287.0
2011-04-22,64179.0,44159.0,145.0,441.0
2011-04-29,64272.0,43899.0,-52.0,-348.0
2011-05-06,63204.0,43472.0,108.0,296.0
2011-05-13,58840.0,41192.0,-176.0,-1090.0
2011-05-20,57220.0,41311.0,100.0,-66.0
2011-05-27,56014.0,40862.0,-224.0,-28.0
2011-06-03,56342.0,41816.0,13.0,684.0
2011-06-10,57643.0,42676.0,1.0,534.0
2011-06-17,54262.0,42095.0,-213.0,277.0
2011-06-24,54694.0,42175.0,-21.0,376.0
2011-07-01,55534.0,42313.0,112.0,22.0
2011-07-08,56001.0,42546.0,31.0,471.0
2011-07-15,54436.0,42777.0,-7.0,509.0
2011-07-22,51488.0,42687.0,-13.0,519.0
2011-07-29,52921.0,42788.0,74.0,262.0
2011-08-05,47583.0,41795.0,20.0,-218.0
2011-08-12,41431.0,40446.0,-547.0,-96.0
2011-08-19,41119.0,40654.0,31.0,203.0
2011-08-26,42698.0,40088.0,-50.0,-775.0
2011-09-02,44531.0,40647.0,51.0,186.0
2011-09-09,45302.0,40391.0,156.0,91.0
2011-09-16,46118.0,39005.0,130.0,-1041.0
2011-09-23,44556.0,36615.0,346.0,-1413.0
2011-09-30,45851.0,35326.0,128.0,-646.0
2011-10-07,44418.0,35528.0,-72.0,-35.0
2011-10-14,46427.0,36896.0,6.0,1062.0
2011-10-21,43339.0,35279.0,-92.0,-822.0
2011-10-28,46657.0,36519.0,-303.0,-513.0
2011-11-04,45638.0,36634.0,-29.0,430.0
2011-11-11,45224.0,37403.0,88.0,816.0
2011-11-18,43299.0,35462.0,-96.0,229.0
2011-11-25,38383.0,34453.0,-271.0,11.0
2011-12-02,42744.0,36821.0,142.0,1728.0
2011-12-09,42156.0,38036.0,171.0,989.0
2011-12-16,39969.0,37193.0,-111.0,52.0
2011-12-23,39824.0,37532.0,-43.0,547.0
2011-12-30,39055.0,37533.0,68.0,726.0
2012-01-06,39169.0,38395.0,37.0,330.0
2012-01-13,40816.0,38750.0,-56.0,-498.0
2012-01-20,43276.0,38118.0,265.0,-1171.0
2012-01-27,46035.0,39264.0,75.0,248.0
2012-02-03,49509.0,40919.0,366.0,677.0
2012-02-10,49508.0,39766.0,307.0,-1444.0
2012-02-17,49829.0,38854.0,22.0,-389.0
2012-02-24,49399.0,39660.0,-15.0,146.0
2012-03-02,50449.0,40921.0,-56.0,775.0
2012-03-09,48744.0,40565.0,-121.0,133.0
2012-03-16,50001.0,39983.0,31.0,151.0
2012-03-23,49351.0,40452.0,135.0,590.0
2012-03-30,50833.0,42074.0,-72.0,819.0
2012-04-06,49623.0,41082.0,57.0,-663.0
2012-04-13,49131.0,41589.0,-144.0,676.0
2012-04-20,48762.0,42506.0,23.0,622.0
2012-04-27,49748.0,42922.0,-106.0,-321.0
2012-05-04,48827.0,44133.0,-29.0,952.0
2012-05-11,47423.0,45310.0,-75.0,1839.0
2012-05-18,45127.0,43495.0,22.0,-915.0
2012-05-25,42814.0,42755.0,-180.0,-178.0
2012-06-01,43516.0,41582.0,-36.0,-1281.0
2012-06-08,45329.0,41566.0,222.0,-600.0
2012-06-15,47048.0,42851.0,190.0,1071.0
2012-06-22,49428.0,45331.0,235.0,1680.0
2012-06-29,50294.0,45504.0,287.0,645.0
2012-07-06,51399.0,47623.0,313.0,1534.0
2012-07-13,51549.0,48168.0,79.0,453.0
2012-07-20,51599.0,50623.0,34.0,1957.0
2012-07-27,52987.0,50703.0,137.0,890.0
2012-08-03,54318.0,52760.0,299.0,1263.0
2012-08-10,54927.0,52849.0,108.0,-258.0
2012-08-17,55251.0,52553.0,10.0,253.0
2012-08-24,55813.0,53263.0,169.0,346.0
2012-08-31,56024.0,52761.0,6.0,57.0
2012-09-07,57092.0,53644.0,158.0,1033.0
2012-09-14,57672.0,54530.0,66.0,561.0
2012-09-21,57454.0,54338.0,-56.0,-541.0
2012-09-28,56971.0,55539.0,119.0,740.0
2012-10-05,57153.0,56020.0,52.0,938.0
2012-10-12,58874.0,55571.0,74.0,-292.0
2012-10-19,60223.0,56769.0,189.0,525.0
2012-10-26,60499.0,57307.0,108.0,578.0
2012-11-02,61670.0,57622.0,180.0,-82.0
2012-11-09,62251.0,59045.0,-81.0,632.0
2012-11-16,60901.0,58473.0,31.0,-364.0
2012-11-23,62380.0,60113.0,2060.0,1413.0
2012-11-30,65024.0,60558.0,184.0,-239.0
2012-12-07,68027.0,61791.0,354.0,1021.0
2012-12-14,69583.0,62228.0,320.0,-118.0
2012-12-21,69227.0,61703.0,61.0,-260.0
2012-12-28,70773.0,61920.0,16.0,508.0
2013-01-04,72287.0,62649.0,192.0,1064.0
2013-01-11,73826.0,63569.0,33.0,433.0
2013-01-18,78364.0,64633.0,268.0,411.0
2013-01-25,78031.0,63932.0,28.0,-252.0
2013-02-01,72732.0,65299.0,-279.0,1150.0
2013-02-08,70995.0,63956.0,-133.0,-1119.0
2013-02-15,70463.0,66124.0,-155.0,2345.0
2013-02-22,68497.0,64218.0,-36.0,-1024.0
2013-03-01,70998.0,64868.0,99.0,741.0
2013-03-08,74160.0,64829.0,295.0,147.0
2013-03-15,74089.0,62349.0,196.0,-1559.0
2013-03-22,73082.0,61876.0,-97.0,-166.0
2013-03-29,76276.0,64925.0,82.0,3078.0
2013-04-05,73869.0,65206.0,46.0,45.0
2013-04-12,75785.0,68470.0,-340.0,1807.0
2013-04-19,74248.0,69037.0,79.0,681.0
2013-04-26,76063.0,70002.0,290.0,920.0
2013-05-03,80126.0,71818.0,31.0,1267.0
2013-05-10,80537.0,71792.0,163.0,-354.0
2013-05-17,82048.0,69850.0,332.0,-606.0
2013-05-24,80320.0,69182.0,186.0,547.0
2013-05-31,74520.0,67155.0,-145.0,-1098.0
2013-06-07,65801.0,65177.0,-467.0,-25.0
2013-06-14,67868.0,64753.0,-487.0,-532.0
2013-06-21,61591.0,62513.0,-102.0,-132.0
2013-06-28,63174.0,61510.0,-170.0,335.0
2013-07-05,61146.0,60352.0,-98.0,-554.0
2013-07-12,60112.0,58630.0,-113.0,-614.0
2013-07-19,63248.0,59589.0,-158.0,-776.0
2013-07-26,60383.0,58504.0,-172.0,-586.0
2013-08-02,60526.0,59148.0,-47.0,1105.0
2013-08-09,61262.0,59071.0,54.0,-866.0
2013-08-16,61345.0,60633.0,149.0,1606.0
2013-08-23,54621.0,56878.0,-280.0,-1072.0
2013-08-30,51405.0,54346.0,-348.0,-376.0
2013-09-06,51458.0,53778.0,41.0,-358.0
2013-09-13,56807.0,55672.0,262.0,135.0
2013-09-20,64150.0,58068.0,308.0,-594.0
2013-09-27,59861.0,57416.0,161.0,1307.0
2013-10-04,60819.0,57681.0,-107.0,-272.0
2013-10-11,62012.0,58317.0,466.0,-200.0
2013-10-18,62052.0,57925.0,12.0,-882.0
2013-10-25,64480.0,60497.0,191.0,1714.0
2013-11-01,62411.0,59224.0,48.0,-569.0
2013-11-08,59240.0,58568.0,-142.0,905.0
2013-11-15,59815.0,56143.0,828.0,-1764.0
2013-11-22,61442.0,57911.0,119.0,935.0
2013-11-29,61308.0,56645.0,-35.0,-1157.0
2013-12-06,58223.0,56022.0,-85.0,514.0
2013-12-13,59560.0,55170.0,10.0,-1377.0
2013-12-20,55415.0,53832.0,-88.0,-532.0
2013-12-27,49298.0,52689.0,-138.0,-13.0
2014-01-03,50456.0,51491.0,168.0,906.0
2014-01-10,50676.0,50355.0,1.0,-1112.0
2014-01-17,49658.0,50600.0,32.0,943.0
2014-01-24,46786.0,48289.0,1.0,-674.0
2014-01-31,44696.0,47123.0,-465.0,-662.0
2014-02-07,47454.0,47243.0,-57.0,-1183.0
2014-02-14,48238.0,48078.0,151.0,230.0
2014-02-21,47471.0,47473.0,-111.0,-199.0
2014-02-28,46025.0,47080.0,-67.0,81.0
2014-03-07,47809.0,46275.0,414.0,-1728.0
2014-03-14,46941.0,44885.0,-93.0,-374.0
2014-03-21,47967.0,44753.0,227.0,295.0
2014-03-28,51950.0,45890.0,143.0,-141.0
2014-04-04,56294.0,48924.0,525.0,1296.0
2014-04-11,57733.0,49993.0,275.0,-207.0
2014-04-18,57391.0,49169.0,-283.0,-287.0
2014-04-25,55984.0,48942.0,278.0,-106.0
2014-05-02,58893.0,50152.0,-178.0,1.0
2014-05-09,60797.0,51051.0,225.0,-662.0
2014-05-16,60349.0,50556.0,181.0,-245.0
2014-05-23,63198.0,49890.0,-194.0,-663.0
2014-05-30,63959.0,51930.0,513.0,1925.0
2014-06-06,63969.0,52040.0,-71.0,160.0
2014-06-13,63333.0,52713.0,108.0,342.0
2014-06-20,62085.0,52340.0,-239.0,86.0
2014-06-27,61933.0,54221.0,-46.0,1781.0
2014-07-04,61070.0,54829.0,-53.0,705.0
2014-07-11,62625.0,54709.0,120.0,-268.0
2014-07-18,65052.0,55112.0,396.0,-87.0
2014-07-25,67741.0,56996.0,42.0,1119.0
2014-08-01,64835.0,55140.0,126.0,-403.0
2014-08-08,61662.0,52363.0,-247.0,-1483.0
2014-08-15,60503.0,52769.0,-258.0,343.0
2014-08-22,61013.0,52409.0,178.0,105.0
2014-08-29,63108.0,53303.0,165.0,335.0
2014-09-05,64269.0,53278.0,118.0,-376.0
2014-09-12,60461.0,52067.0,-107.0,-303.0
2014-09-19,58809.0,51022.0,-108.0,54.0
2014-09-26,55375.0,49989.0,-186.0,-246.0
2014-10-03,54123.0,48147.0,-37.0,-937.0
2014-10-10,54364.0,49065.0,-123.0,484.0
2014-10-17,54736.0,49261.0,-235.0,191.0
2014-10-24,58930.0,51404.0,544.0,820.0
2014-10-31,60823.0,51718.0,282.0,-213.0
2014-11-07,58095.0,51813.0,144.0,403.0
2014-11-14,60474.0,52331.0,-53.0,426.0
2014-11-21,62549.0,52666.0,92.0,-243.0
2014-11-28,65290.0,54136.0,342.0,358.0
2014-12-05,65206.0,54182.0,262.0,312.0
2014-12-12,62577.0,52605.0,-115.0,-555.0
2014-12-19,60308.0,51215.0,-333.0,108.0
2014-12-26,61807.0,51655.0,184.0,-60.0
2015-01-02,61807.3,52115.3,-58.8,514.8
2015-01-09,64064.2,52091.3,72.0,-1138.3
2015-01-16,64749.6,53903.4,164.5,842.1
2015-01-23,65826.9,52067.9,253.0,33.0
2015-01-30,62799.4,50977.5,71.9,-52.2
2015-02-06,59167.0,49004.7,-409.0,-384.7
2015-02-13,57941.3,47820.5,-373.0,3.7
2015-02-20,59036.1,48543.0,110.0,-354.6
2015-02-27,57443.1,47149.1,54.5,-234.1
2015-03-06,52578.6,44795.0,-335.5,-403.2
2015-03-13,49689.2,44434.5,-586.9,-31.0
2015-03-20,49721.7,44315.1,102.0,-137.2
2015-03-27,51912.5,45054.5,201.0,1052.5
2015-04-03,52821.3,45284.8,-107.0,175.4
2015-04-10,52956.1,45005.7,-112.0,-201.5
2015-04-17,51016.9,41997.1,197.0,-719.7
2015-04-24,52650.2,41736.9,294.0,-292.1
2015-05-01,53606.0,41739.0,632.0,-29.7
2015-05-08,51562.4,40214.5,-171.0,-809.9
2015-05-15,56007.3,42226.2,9.0,101.5
2015-05-22,56479.5,42539.4,326.0,-552.2
2015-05-29,53077.6,40691.5,-90.0,-212.5
2015-06-05,51215.6,40060.9,-132.0,-113.9
2015-06-12,49482.7,38522.6,-26.0,-560.1
2015-06-19,50861.5,38125.2,-99.0,-764.9
2015-06-26,52683.8,39489.2,174.0,319.9
2015-07-03,50873.9,39283.2,-89.0,411.0
2015-07-10,52056.0,39656.9,-161.0,-113.9
2015-07-17,53031.0,40180.0,654.0,160.2
2015-07-24,48646.0,38245.9,-323.5,-505.4
2015-07-31,47992.0,36898.9,-144.0,-335.7
2015-08-07,47566.0,36504.4,-3.0,-240.4
2015-08-14,46885.0,36576.2,36.0,128.0
2015-08-21,42033.0,33275.4,-248.0,-266.8
2015-08-28,42962.0,34204.5,-133.0,46.9
2015-09-04,41571.0,32857.9,-106.0,-763.2
2015-09-11,39355.0,31547.1,-87.0,28.6
2015-09-18,41376.0,31683.6,27.0,-14.4
2015-09-25,41856.0,31857.0,62.0,109.6
2015-10-02,41577.0,31381.2,-132.0,-69.3
2015-10-09,45310.0,32368.3,419.0,-197.2
2015-10-16,45836.5,33293.7,-56.6,-160.6
2015-10-23,46469.0,33853.6,-347.0,322.8
2015-10-30,45416.0,33897.1,220.0,29.0
2015-11-06,48001.0,34236.9,1.0,-223.8
2015-11-13,47314.0,34075.8,-261.4,31.9
2015-11-20,46855.0,34076.6,-317.0,-216.9
2015-11-27,42746.6,33232.7,-435.1,4.1
2015-12-04,42125.7,33237.1,-152.7,-358.0
2015-12-11,39968.4,32519.2,-131.0,-255.3
2015-12-18,40268.2,31688.8,-179.1,-368.1
2015-12-25,41002.0,31744.2,16.6,-125.3
2016-01-01,40210.0,31794.0,-30.4,-358.3
2016-01-08,38032.6,30693.3,-232.5,272.2
2016-01-15,37841.9,30514.3,107.1,-93.7
2016-01-22,36605.0,30198.4,-309.4,-76.0
2016-01-29,39224.1,30854.3,174.1,-194.5
2016-02-05,40958.8,31904.6,54.0,36.3
2016-02-12,38706.0,31691.9,-179.5,169.5
2016-02-19,39606.9,31811.1,258.9,554.8
2016-02-26,41502.2,32501.1,269.4,187.0
2016-03-04,42672.6,32751.3,308.0,-224.3
2016-03-11,44773.6,33590.0,239.6,281.8
2016-03-18,47079.9,34360.0,174.5,282.0
2016-03-25,46624.9,34352.4,260.2,346.6
2016-04-01,48286.0,34858.6,191.2,-209.4
2016-04-08,47455.4,34618.6,-64.8,-4.5
2016-04-15,49426.1,35725.8,335.5,878.6
2016-04-22,50352.3,36876.5,84.4,176.5
2016-04-29,50278.3,36868.1,10.1,-81.7
2016-05-06,44114.5,34751.5,-298.3,-182.6
2016-05-13,43521.9,34690.3,-174.3,268.3
2016-05-20,42311.2,34277.7,-163.6,166.1
2016-05-27,43456.5,35019.3,-146.2,0.3
2016-06-03,43141.5,35302.6,-96.2,-50.0
2016-06-10,43617.4,36035.1,58.3,-60.6
2016-06-17,41802.5,35235.7,-188.8,-264.6
2016-06-24,42259.9,36156.7,109.2,65.9
2016-07-01,43489.5,36915.7,-180.1,470.6
2016-07-08,43609.7,37006.1,-24.1,-104.7
2016-07-15,46367.2,37721.6,374.2,812.1
2016-07-22,37955.7,34015.3,-221.5,-239.6
2016-07-29,40033.7,34852.6,-328.5,-117.2
2016-08-05,40458.4,34804.1,-67.3,67.4
2016-08-12,42580.4,36231.1,186.2,477.5
2016-08-19,42631.1,36619.4,20.0,-105.9
2016-08-26,41723.1,36759.3,-132.2,556.4
2016-09-02,41469.2,36443.4,37.7,-135.3
2016-09-09,42327.8,37164.3,145.7,253.7
2016-09-16,41595.7,36674.8,47.5,-76.6
2016-09-23,43461.3,36473.1,-28.3,-351.2
2016-09-30,41127.8,36427.3,127.6,533.6
2016-10-07,41185.2,34977.9,-15.2,-796.0
2016-10-14,39969.8,33870.5,16.6,-311.2
2016-10-21,41623.5,34104.9,284.2,-188.7
2016-10-28,41094.3,33811.6,184.2,96.3
2016-11-04,39205.0,33377.8,27.4,-107.0
2016-11-11,38089.3,31551.4,-305.7,-678.4
2016-11-18,36456.2,29735.2,-201.4,-371.6
2016-11-25,34980.8,27619.1,-15.8,-969.2
2016-12-02,33925.0,27425.8,-47.7,-85.1
2016-12-09,36178.6,28037.7,98.9,-143.3
2016-12-16,35488.3,26545.4,37.0,37.6
2016-12-23,35454.4,26912.7,52.6,-44.7
2016-12-30,35533.5,26739.4,-30.3,101.2
2017-01-06,34391.2,26638.2,-55.0,268.8
2017-01-13,34064.9,24177.6,102.8,-477.9
2017-01-20,35653.5,24424.1,456.3,-156.5
2017-01-27,35808.2,23964.4,32.7,-321.5
2017-02-03,38801.0,24981.6,348.8,169.7
2017-02-10,39507.8,24977.4,121.3,-261.7
2017-02-17,39847.1,25262.5,-49.9,166.2
2017-02-24,40905.2,26247.6,50.9,258.4
2017-03-03,40380.0,25329.2,133.5,-99.4
2017-03-10,39676.1,24917.9,-94.3,354.0
2017-03-17,40877.4,25503.8,44.0,-58.1
2017-03-24,41308.0,26442.5,-58.5,398.8
2017-03-31,40588.4,26253.5,-101.9,149.8
2017-04-07,39663.9,26209.8,116.0,487.3
2017-04-14,41190.8,26812.9,173.3,80.2
2017-04-21,42319.1,27081.5,-111.3,40.6
2017-04-28,44118.3,28748.7,129.4,739.4
2017-05-05,43895.0,28717.8,52.2,-231.3
2017-05-12,44904.3,28651.8,130.0,263.0
2017-05-19,44923.0,29229.0,14.0,491.0
2017-05-26,46222.1,29802.9,134.4,472.3
2017-06-02,47433.0,30272.0,477.4,114.0
2017-06-09,47372.6,30118.7,-168.4,-88.0
2017-06-16,48180.6,31221.6,252.0,755.6
2017-06-23,48673.7,31365.7,25.9,176.6
2017-06-30,49100.9,31695.6,48.0,187.7
2017-07-07,47529.8,30385.4,48.2,-222.4
2017-07-14,50457.6,31170.3,155.3,345.7
2017-07-21,52127.8,33448.3,269.2,1880.2
2017-07-28,52614.0,33300.7,-18.6,-179.8
2017-08-04,52532.5,33151.5,-36.9,-44.4
2017-08-11,52100.6,32934.1,144.5,-98.1
2017-08-18,52573.9,32874.9,220.1,-213.0
2017-08-25,54795.2,34365.9,92.7,1242.5
2017-09-01,55674.0,34924.0,265.8,209.6
2017-09-08,55056.1,34804.1,-134.0,-49.3
2017-09-15,54034.8,35217.6,-60.2,724.5
2017-09-22,51469.5,34640.2,70.8,173.8
2017-09-29,49814.7,33825.1,-125.4,-15.0
2017-10-06,50251.4,33928.8,40.4,50.1
2017-10-13,50165.0,32334.0,5.2,-600.9
2017-10-20,51126.2,32313.9,-14.2,141.0
2017-10-27,49200.6,31468.9,63.8,451.0
2017-11-03,50810.1,31053.1,217.4,-22.9
2017-11-10,48291.6,29800.1,-513.6,-532.6
2017-11-17,47256.5,29650.8,98.9,79.2
2017-11-24,46106.3,28950.4,182.6,87.4
2017-12-01,45488.0,29023.6,70.7,-55.0
2017-12-08,48017.8,30186.0,-116.5,102.3
2017-12-15,48997.5,30675.3,8.7,226.2
2017-12-22,50212.2,30491.8,110.5,-286.8
2017-12-29,51983.7,30941.7,74.7,110.7
2018-01-05,53378.9,31704.2,205.7,35.5
2018-01-12,52001.1,31660.6,-304.4,253.7
2018-01-19,52669.2,31300.9,287.1,-45.0
2018-01-26,55462.4,32769.4,112.3,710.0
2018-02-02,54538.5,33306.4,5.2,557.0
2018-02-09,51436.1,32267.2,-368.0,-516.2
2018-02-16,53684.2,32244.4,-139.9,-246.9
2018-02-23,53748.0,32080.9,142.1,241.0
2018-03-02,53264.4,31956.9,-14.2,-107.3
2018-03-09,53141.5,30966.7,-222.8,-476.5
2018-03-16,52154.7,30027.9,105.8,135.3
2018-03-23,51244.7,30123.7,25.7,234.4
2018-03-30,49439.8,29305.4,-255.9,116.7
2018-04-06,48721.3,28807.4,-57.8,-242.2
2018-04-13,45544.1,28190.7,10.9,195.8
2018-04-20,47018.9,29602.1,-146.8,283.1
2018-04-27,44881.5,29614.2,-196.6,204.3
2018-05-04,41511.8,28430.1,-50.9,-29.9
2018-05-11,40832.5,27101.3,28.8,-230.9
2018-05-18,39586.5,24693.6,-72.0,-637.9
2018-05-25,37480.0,23252.9,-9.4,-144.3
2018-06-01,38096.5,24828.5,15.0,29.4
2018-06-08,36210.3,23662.5,-218.6,-170.9
2018-06-15,34839.0,22298.3,289.1,-459.5
2018-06-22,34921.4,21695.5,225.4,131.5
2018-06-29,36121.6,22403.0,-179.8,83.2
2018-07-06,36279.8,22280.8,-80.8,397.4
2018-07-13,32781.1,20552.3,-213.8,49.4
2018-07-20,31192.5,20500.0,-222.2,-256.4
2018-07-27,32564.2,20376.5,28.3,-18.2
2018-08-03,31645.1,18622.3,77.6,-182.1
2018-08-10,29363.1,17078.8,45.8,-196.5
2018-08-17,25162.5,14766.7,-111.9,-168.0
2018-08-24,25210.3,13940.7,0.0,-7.3
2018-08-31,24357.0,12779.3,-21.5,-167.4
2018-09-07,23798.4,12574.9,4.5,-133.9
2018-09-14,25246.1,12972.1,-59.6,-96.0
2018-09-21,26223.9,13558.8,137.9,-117.6
2018-09-28,27573.0,14258.7,-153.4,74.2
2018-10-05,25917.3,14230.6,-60.7,443.1
2018-10-12,26858.3,14575.3,-72.6,-105.2
2018-10-19,29262.0,16509.3,125.6,-45.1
2018-10-26,27388.1,15803.1,31.7,2.9
2018-11-02,28145.4,16319.8,-71.5,-211.5
2018-11-09,28813.2,18086.9,151.4,447.9
2018-11-16,29105.9,18227.3,49.5,-22.2
2018-11-23,29607.2,18494.8,45.9,76.4
2018-11-30,31373.5,19375.5,102.8,-20.1
2018-12-07,29676.9,18323.7,-15.1,-177.4
2018-12-14,28727.0,17849.2,-70.3,-63.2
2018-12-21,29734.1,18810.7,102.5,158.6
2018-12-28,29349.7,18324.7,-5.3,-470.9
2019-01-04,27461.3,17672.7,-83.3,-101.5
2019-01-11,28638.5,17447.7,115.1,-141.9
2019-01-18,31780.3,18021.6,711.8,-121.7
2019-01-25,33846.3,18334.6,321.5,-69.9
2019-02-01,35003.0,19246.4,270.1,105.9
2019-02-08,34497.5,18772.7,-105.6,-205.7
2019-02-15,33959.4,18512.5,-63.7,-102.7
2019-02-22,34096.0,18011.2,29.7,-18.1
2019-03-01,34468.5,18094.7,198.7,-50.9
2019-03-08,33180.7,17318.6,46.3,-112.6
2019-03-15,33307.5,16835.3,-106.5,-121.6
2019-03-22,32998.5,17116.4,145.2,102.2
2019-03-29,29135.2,14513.8,-600.8,-735.8
2019-04-05,30239.7,14476.0,-156.4,-38.9
2019-04-12,29020.1,14151.7,153.4,-131.8
2019-04-19,28964.6,13795.9,64.4,-162.7
2019-04-26,27767.2,13269.4,-82.2,-155.8
2019-05-03,27441.5,12640.5,183.3,-225.5
2019-05-10,24806.5,11590.8,-214.5,-340.3
2019-05-17,24923.3,12458.2,-134.5,-73.5
2019-05-24,24033.7,12197.2,-96.1,51.2
2019-05-31,26156.5,12810.9,65.6,48.1
2019-06-07,27077.6,13097.7,54.9,-128.5
2019-06-14,26815.7,13635.4,43.2,79.3
2019-06-21,28253.6,14375.0,64.6,190.7
2019-06-28,28824.7,14622.2,21.3,-11.0
2019-07-05,30997.5,15183.4,130.1,-70.8
2019-07-12,30200.2,14945.5,-112.2,229.8
2019-07-19,31299.7,14981.6,48.4,-157.9
2019-07-26,31421.8,15314.9,63.9,175.4
2019-08-02,31337.7,15881.3,-135.0,58.1
2019-08-09,31550.4,16727.6,-146.9,294.6
2019-08-16,30199.1,16302.0,5.2,-101.1
2019-08-23,29002.9,15136.6,-230.7,-131.7
2019-08-30,28719.9,14999.4,-45.8,-54.4
2019-09-06,30183.0,15615.3,111.0,-25.4
2019-09-13,30891.8,15423.3,112.3,-42.9
2019-09-20,30387.1,15569.7,-33.4,-2.6
2019-09-27,31589.1,16149.4,-27.1,150.2
2019-10-04,31238.0,16086.4,-9.4,-148.4
2019-10-11,28831.9,15084.4,-210.2,-239.6
2019-10-18,28175.5,14126.1,-318.5,-641.4
2019-10-25,29485.1,15527.5,16.9,329.7
2019-11-01,29018.5,15698.2,-19.4,-141.4
2019-11-08,30418.7,15665.7,61.9,-113.2
2019-11-15,30921.4,15711.3,301.3,9.2
2019-11-22,31907.8,15979.9,56.6,-12.3
2019-11-29,31402.5,15713.4,-158.5,-54.4
2019-12-06,32010.1,15872.6,88.4,35.7
2019-12-13,32272.8,15888.6,-79.3,170.1
2019-12-20,31664.4,15581.3,79.6,108.1
2019-12-27,32421.5,15448.0,18.8,-270.9
2020-01-03,32292.0,15414.0,-12.3,-25.7
2020-01-10,33847.8,15500.7,-107.8,-177.7
2020-01-17,34884.1,15596.7,200.1,-325.3
2020-01-24,34849.1,15474.5,-118.5,-49.5
2020-01-31,33377.0,15481.4,-313.3,51.1
2020-02-07,33862.3,14859.8,-82.8,-548.7
2020-02-14,33185.2,13861.8,-259.1,-566.2
2020-02-21,31662.3,12991.0,-95.4,-492.7
2020-02-28,28186.8,12513.8,-250.0,-194.1
2020-03-06,29653.8,12569.6,-270.0,-380.2
2020-03-13,25350.7,11476.1,-201.5,-632.2
2020-03-20,21555.9,9852.8,-308.2,-742.3
2020-03-27,22289.7,9756.2,-257.2,-273.7
2020-04-03,21194.2,9031.1,-184.9,-338.1
2020-04-10,22382.7,8584.7,-182.5,-328.2
2020-04-17,22086.4,8250.6,-111.8,-66.7
2020-04-24,21870.0,8307.7,-150.7,-327.6
2020-05-01,22153.7,8394.6,-245.8,-41.8
2020-05-08,20472.9,7179.5,-229.1,-821.8
2020-05-15,21330.6,7055.1,-405.0,-389.9
2020-05-22,22414.8,7635.0,-213.7,322.9
2020-05-29,22737.6,7564.4,-160.7,-97.2
2020-06-05,23857.8,7849.7,-13.5,119.2
2020-06-12,23453.0,7102.8,49.9,-719.8
2020-06-19,24326.4,7151.1,76.0,86.0
2020-06-26,24429.1,7138.7,-112.0,-46.4
2020-07-03,24585.7,7147.2,-94.5,21.4
2020-07-10,24056.6,6738.6,-101.7,-279.4
2020-07-17,25044.2,6697.6,-174.0,-66.1
2020-07-24,25386.8,7013.5,-60.3,280.0
2020-07-31,23880.3,6613.9,-69.2,-211.6
2020-08-07,20274.4,6140.8,-566.5,-141.4
2020-08-14,20897.1,5599.1,-334.6,-360.0
2020-08-21,21541.6,5658.3,-85.9,71.3
2020-08-28,20556.6,5625.1,-43.6,-28.1
2020-09-04,20774.3,5650.4,-91.2,70.5
2020-09-11,20899.1,5571.4,-30.2,-32.4
2020-09-18,21097.8,5392.4,2.6,-133.5
2020-09-25,20770.8,5365.0,-101.9,115.6
2020-10-02,21097.1,5927.5,131.2,489.7
2020-10-09,20490.5,5403.2,-91.3,-349.5
2020-10-16,21129.6,5370.2,-28.4,-17.4
2020-10-23,21764.7,5509.0,-10.8,35.0
2020-10-30,19354.8,5157.5,-116.6,-69.3
2020-11-06,19728.6,4960.2,-22.0,-4.5
2020-11-13,23507.6,5803.8,614.4,293.9
2020-11-20,25306.8,6151.8,389.6,175.5
2020-11-27,25059.6,6114.1,231.7,147.2
2020-12-04,25043.3,6195.0,-23.3,91.4
2020-12-11,25317.1,6248.6,41.0,99.0
2020-12-18,26540.1,8028.3,244.0,1661.8
2020-12-25,27275.0,8270.8,-18.8,106.7
2021-01-01,29168.1,8597.5,90.7,35.1
2021-01-08,30874.4,9159.0,287.7,491.1
2021-01-15,30534.5,8981.2,31.4,-17.7
2021-01-22,30429.7,9062.0,-117.7,33.4
2021-01-29,28920.0,9523.2,-493.7,418.7
2021-02-05,30814.9,9961.5,-183.2,140.5
2021-02-12,31019.6,10249.9,-62.3,128.2
2021-02-19,31378.0,10474.5,-122.8,194.5
2021-02-26,28563.1,10254.2,-117.6,83.2
2021-03-05,28969.9,9853.1,-10.1,49.8
2021-03-12,29154.0,9604.2,-117.6,-126.4
2021-03-19,28946.4,9956.7,60.4,427.2
2021-03-26,23782.3,7670.5,-813.9,-1104.8
2021-04-02,23405.5,7370.4,-364.4,-140.4
2021-04-09,22776.3,7464.0,-46.0,77.9
2021-04-16,23192.1,7786.5,0.0,164.9
2021-04-23,21755.5,7473.5,104.5,-252.6
2021-04-30,22002.3,7481.6,31.5,33.0
2021-05-07,22182.2,7440.1,87.7,23.7
2021-05-14,22386.9,7591.0,51.7,118.5
2021-05-21,22366.7,7707.8,51.0,174.8
2021-05-28,21624.0,7671.9,6.8,69.2
2021-06-04,21307.0,7447.6,-93.8,-64.1
2021-06-11,21982.5,7630.4,33.5,80.3
2021-06-18,21084.8,7551.5,-3.2,-3.6
2021-06-25,21071.8,7782.4,-3.4,172.5
2021-07-02,20713.3,7885.1,-37.9,83.0
2021-07-09,20829.0,7875.5,54.2,5.9
2021-07-16,20726.0,8035.5,-62.0,56.5
2021-07-23,20789.0,8136.7,0.0,16.1
2021-07-30,21255.4,8421.0,-51.8,300.7
2021-08-06,22047.5,8570.7,168.0,113.8
